Date,Time,Latitude,V_PV,V_Batt,Amp,Power_W,Ideal_Power_W,Temp_C,UV_Ideal,UV_Actual,Dust_Ratio,Label,V_Diff,SOC_Percentage,Battery_Alert
21/04/2026,10:23:18,29.849791,13.29,12.9,0.203,2.69787,20,25,11,8.1,97.9,Soiling,0.39,76,Normal/Charging
21/04/2026,10:23:33,29.849791,13.42,12.89,0.325,4.3615,20,25,11,8.1,97.8,Soiling,0.53,75.6,Normal/Charging
21/04/2026,10:23:48,29.849791,13.44,12.89,0.317,4.26048,20,25,11,8.1,97.8,Soiling,0.55,75.6,Normal/Charging
21/04/2026,10:24:03,29.849791,13.46,12.88,0.306,4.11876,20,25,11,8,97.8,Soiling,0.58,75.2,Normal/Charging
21/04/2026,10:24:18,29.849791,13.46,12.88,0.295,3.9707,20,25,11,8,97.8,Soiling,0.58,75.2,Normal/Charging
21/04/2026,10:24:33,29.849791,13.52,12.88,0.333,4.50216,20,25,11,8,97.7,Soiling,0.64,75.2,Normal/Charging
21/04/2026,10:24:48,29.849791,13.53,12.89,0.329,4.45137,20,25,11,8,97.7,Soiling,0.64,75.6,Normal/Charging
21/04/2026,10:25:03,29.849791,13.57,12.89,0.333,4.51881,20,25,11,7.9,51.9,Soiling,0.68,75.6,Normal/Charging
21/04/2026,10:25:18,29.849791,13.58,12.88,0.373,5.06534,20,25,11,7.9,49.7,Soiling,0.7,75.2,Normal/Charging
21/04/2026,10:25:33,29.849791,13.58,12.87,0.386,5.24188,20,25,11,7.9,52.9,Soiling,0.71,74.8,Normal/Charging
21/04/2026,10:25:48,29.849791,13.57,12.86,0.364,4.93948,20,25,11,7.9,52.4,Soiling,0.71,74.4,Normal/Charging
21/04/2026,10:26:03,29.849791,13.56,12.85,0.393,5.32908,20,25,11,7.8,51.5,Soiling,0.71,74,Normal/Charging
21/04/2026,10:26:18,29.849791,13.55,12.85,0.369,4.99995,20,25,11,7.9,49.6,Soiling,0.7,74,Normal/Charging
21/04/2026,10:26:33,29.849791,13.58,12.85,0.391,5.30978,20,25,11,7.9,52.1,Soiling,0.73,74,Normal/Charging
21/04/2026,10:26:48,29.849791,13.58,12.85,0.374,5.07892,20,25,11,7.9,52.5,Soiling,0.73,74,Normal/Charging
21/04/2026,10:27:03,29.849791,13.58,12.84,0.375,5.0925,20,25,11,7.8,51.2,Soiling,0.74,73.6,Normal/Charging
21/04/2026,10:27:18,29.849791,13.56,12.84,0.395,5.3562,20,25,11,7.7,50.3,Soiling,0.72,73.6,Normal/Charging
21/04/2026,10:27:33,29.849791,13.59,12.85,0.367,4.98753,20,25,11,7.8,49.3,Soiling,0.74,74,Normal/Charging
21/04/2026,10:27:48,29.849791,13.58,12.85,0.358,4.86164,20,25,11,7.6,49.8,Soiling,0.73,74,Normal/Charging
21/04/2026,10:28:03,29.849791,13.57,12.85,0.353,4.79021,20,25,11,7.5,49.3,Soiling,0.72,74,Normal/Charging
21/04/2026,10:28:18,29.849791,13.6,12.85,0.389,5.2904,20,25,11,7.4,49.3,Soiling,0.75,74,Normal/Charging
21/04/2026,10:28:33,29.849791,13.58,12.84,0.359,4.87522,20,25,11,7.5,50.5,Soiling,0.74,73.6,Normal/Charging
21/04/2026,10:28:48,29.849791,13.55,12.84,0.375,5.08125,20,25,11,7.5,48.9,Soiling,0.71,73.6,Normal/Charging
21/04/2026,10:29:03,29.849791,13.57,12.84,0.359,4.87163,20,25,11,7.6,51,Soiling,0.73,73.6,Normal/Charging
21/04/2026,10:29:18,29.849791,12.6,12.74,0.113,1.4238,20,25,11,7.5,13.19367859,Normal,-0.14,69.6,Normal/Charging
21/04/2026,10:29:33,29.849791,12.49,12.7,0.149,1.86101,20,25,11,1.8,0,Normal,-0.21,68,Normal/Charging
21/04/2026,10:29:48,29.849791,14.13,12.86,0.73,10.3149,20,25,11,7.5,6.441185426,Normal,1.27,74.4,Normal/Charging
21/04/2026,10:30:03,29.849791,14.27,12.94,0.719,10.26013,20,25,11,7.7,10.53901674,Normal,1.33,77.6,Normal/Charging
21/04/2026,10:30:18,29.849791,14.27,12.96,0.713,10.17451,20,25,11,7.7,0,Normal,1.31,78.4,Normal/Charging
21/04/2026,10:30:33,29.849791,12.43,12.72,0.194,2.41142,20,25,11,0,0,Shading,-0.29,68.8,Normal/Charging
21/04/2026,10:30:48,29.849791,12.39,12.66,0.182,2.25498,20,25,11,0,0,Shading,-0.27,66.4,Normal/Charging
21/04/2026,10:31:03,29.849791,12.36,12.64,0.156,1.92816,20,25,11,0,0,Shading,-0.28,65.6,Normal/Charging
21/04/2026,10:31:18,29.849791,12.34,12.62,0.192,2.36928,20,25,11,0,0,Shading,-0.28,64.8,Normal/Charging
21/04/2026,10:31:33,29.849791,12.31,12.6,0.189,2.32659,20,25,11,0,0,Shading,-0.29,64,Normal/Charging
21/04/2026,10:31:48,29.849791,12.31,12.6,0.194,2.38814,20,25,11,0,0,Shading,-0.29,64,Normal/Charging
21/04/2026,10:32:03,29.849791,12.33,12.57,0.197,2.42901,20,25,11,0,0,Shading,-0.24,62.8,Normal/Charging
21/04/2026,10:32:18,29.849791,12.32,12.57,0.19,2.3408,20,25,11,0,0,Shading,-0.25,62.8,Normal/Charging
21/04/2026,10:32:33,29.849791,12.3,12.56,0.186,2.2878,20,25,11,0,0,Shading,-0.26,62.4,Normal/Charging
21/04/2026,10:32:48,29.849791,12.3,12.56,0.187,2.3001,20,25,11,0,0,Shading,-0.26,62.4,Normal/Charging
21/04/2026,10:33:03,29.849791,12.29,12.54,0.17,2.0893,20,25,11,0,0,Shading,-0.25,61.6,Normal/Charging
21/04/2026,10:33:18,29.849791,12.29,12.54,0.183,2.24907,20,25,11,0,0,Shading,-0.25,61.6,Normal/Charging
21/04/2026,10:33:33,29.849791,12.29,12.54,0.199,2.44571,20,25,11,0,0,Shading,-0.25,61.6,Normal/Charging
21/04/2026,10:33:48,29.849791,12.24,12.54,0.189,2.31336,20,25,11,0,0,Shading,-0.3,61.6,Normal/Charging
21/04/2026,10:34:03,29.849791,12.27,12.54,0.154,1.88958,20,25,11,0,0,Shading,-0.27,61.6,Normal/Charging
21/04/2026,10:34:18,29.849791,12.26,12.54,0.2,2.452,20,25,11,0,0,Shading,-0.28,61.6,Normal/Charging
21/04/2026,10:34:33,29.849791,12.26,12.53,0.2,2.452,20,25,11,0,0,Shading,-0.27,61.2,Normal/Charging
21/04/2026,10:34:48,29.849791,12.28,12.53,0.19,2.3332,20,25,11,0,0,Shading,-0.25,61.2,Normal/Charging
21/04/2026,10:35:03,29.849791,12.27,12.51,0.17,2.0859,20,25,11,0,0,Shading,-0.24,60.4,Normal/Charging
21/04/2026,10:35:18,29.849791,12.27,12.52,0.169,2.07363,20,25,11,0,0,Shading,-0.25,60.8,Normal/Charging
21/04/2026,10:35:33,29.849791,12.27,12.52,0.184,2.25768,20,25,11,0,0,Shading,-0.25,60.8,Normal/Charging
21/04/2026,10:35:48,29.849791,14.01,12.65,0.747,10.46547,20,25,11,0,0,Normal,1.36,66,Normal/Charging
21/04/2026,10:36:03,29.849791,14.11,12.78,0.713,10.06043,20,25,11,7.4,0,Normal,1.33,71.2,Normal/Charging
21/04/2026,10:36:18,29.849791,14.15,12.87,0.743,10.51345,20,25,11,7.5,0,Normal,1.28,74.8,Normal/Charging
21/04/2026,10:36:33,29.849791,14.22,12.9,0.721,10.25262,20,25,11,7.6,0,Normal,1.32,76,Normal/Charging
21/04/2026,10:36:48,29.849791,14.24,12.94,0.735,10.4664,20,25,11,7.5,0,Normal,1.3,77.6,Normal/Charging
21/04/2026,10:37:03,29.849791,14.26,12.95,0.719,10.25294,20,25,11,7.5,0,Normal,1.31,78,Normal/Charging
21/04/2026,10:37:18,29.849791,14.22,12.96,0.728,10.35216,20,25,11,7.3,0,Normal,1.26,78.4,Normal/Charging
21/04/2026,10:37:33,29.849791,14.24,12.96,0.733,10.43792,20,25,11,7.3,0,Normal,1.28,78.4,Normal/Charging
21/04/2026,10:37:48,29.849791,14.23,12.96,0.742,10.55866,20,25,11,7.4,0,Normal,1.27,78.4,Normal/Charging
21/04/2026,10:38:03,29.849791,14.25,12.98,0.744,10.602,20,25,11,7.4,0,Normal,1.27,79.2,Normal/Charging
21/04/2026,10:38:18,29.849791,14.24,12.97,0.734,10.45216,20,25,11,7.4,0,Normal,1.27,78.8,Normal/Charging
21/04/2026,10:38:33,29.849791,14.26,12.98,0.728,10.38128,20,25,11,7.4,0,Normal,1.28,79.2,Normal/Charging
21/04/2026,10:38:48,29.849791,14.26,12.98,0.737,10.50962,20,25,11,7.4,0,Normal,1.28,79.2,Normal/Charging
21/04/2026,10:39:03,29.849791,14.27,12.98,0.743,10.60261,20,25,11,7.3,0,Normal,1.29,79.2,Normal/Charging
21/04/2026,10:39:18,29.849791,14.27,12.97,0.741,10.57407,20,25,11,7.5,0,Normal,1.3,78.8,Normal/Charging
21/04/2026,10:39:33,29.849791,14.26,12.99,0.723,10.30998,20,25,11,7.5,0,Normal,1.27,79.6,Normal/Charging
21/04/2026,10:39:48,29.849791,14.29,12.98,0.744,10.63176,20,25,11,7.5,0,Normal,1.31,79.2,Normal/Charging
21/04/2026,10:40:03,29.849791,14.27,13,0.731,10.43137,20,25,11,7.4,0,Normal,1.27,80,Normal/Charging
21/04/2026,10:40:18,29.849791,14.32,12.99,0.728,10.42496,20,25,11,7.4,0,Normal,1.33,79.6,Normal/Charging
21/04/2026,10:40:33,29.849791,14.32,12.99,0.727,10.41064,20,25,11,7.4,0,Normal,1.33,79.6,Normal/Charging
21/04/2026,10:40:48,29.849791,14.31,12.99,0.734,10.50354,20,25,11,7.5,0,Normal,1.32,79.6,Normal/Charging
21/04/2026,10:41:03,29.849791,14.33,13,0.738,10.57554,20,25,11,7.4,0,Normal,1.33,80,Normal/Charging
21/04/2026,10:41:18,29.849791,14.33,12.99,0.756,10.83348,20,25,11,7.4,0,Normal,1.34,79.6,Normal/Charging
21/04/2026,10:41:33,29.849791,14.31,12.99,0.745,10.66095,20,25,11,8.4,0,Normal,1.32,79.6,Normal/Charging
21/04/2026,10:41:48,29.849791,14.34,12.99,0.713,10.22442,20,25,11,8.5,0,Normal,1.35,79.6,Normal/Charging
21/04/2026,10:42:03,29.849791,14.34,13.01,0.749,10.74066,20,25,11,8.8,2,Normal,1.33,80.4,Normal/Charging
21/04/2026,10:42:18,29.849791,14.34,13.01,0.723,10.36782,20,25,11,8.8,2,Normal,1.33,80.4,Normal/Charging
21/04/2026,10:42:33,29.849791,14.33,13,0.731,10.47523,20,25,11,8.7,0.5,Normal,1.33,80,Normal/Charging
21/04/2026,10:42:48,29.849791,14.33,13.01,0.743,10.64719,20,25,11,8.6,0,Normal,1.32,80.4,Normal/Charging
21/04/2026,10:43:03,29.849791,14.34,13,0.716,10.26744,20,25,11,8.8,2.3,Normal,1.34,80,Normal/Charging
21/04/2026,10:43:18,29.849791,14.33,13.01,0.721,10.33193,20,25,11,8.9,2.8,Normal,1.32,80.4,Normal/Charging
21/04/2026,10:43:33,29.849791,14.31,13.01,0.718,10.27458,20,25,11,8.9,3,Normal,1.3,80.4,Normal/Charging
21/04/2026,10:43:48,29.849791,14.34,13.01,0.719,10.31046,20,25,11,8.9,2.9,Normal,1.33,80.4,Normal/Charging
21/04/2026,10:44:03,29.849791,14.31,13.02,0.722,10.33182,20,25,11,8.9,2.9,Normal,1.29,80.8,Normal/Charging
21/04/2026,10:44:18,29.849791,14.31,13.02,0.714,10.21734,20,25,11,8.8,1.5,Normal,1.29,80.8,Normal/Charging
21/04/2026,10:44:33,29.849791,14.32,13.01,0.737,10.55384,20,25,11,8.6,0,Normal,1.31,80.4,Normal/Charging
21/04/2026,10:44:48,29.849791,14.34,13.02,0.734,10.52556,20,25,11,8.8,1.1,Normal,1.32,80.8,Normal/Charging
21/04/2026,10:45:03,29.849791,14.31,13.01,0.749,10.71819,20,25,11,8.8,1.5,Normal,1.3,80.4,Normal/Charging
21/04/2026,10:45:18,29.849791,14.33,13.01,0.741,10.61853,20,25,11,8.7,0.7,Normal,1.32,80.4,Normal/Charging
21/04/2026,10:45:33,29.849791,14.33,13.01,0.735,10.53255,20,25,11,8.6,0,Normal,1.32,80.4,Normal/Charging
21/04/2026,10:45:48,29.849791,14.32,13.02,0.729,10.43928,20,25,11,8.5,0,Normal,1.3,80.8,Normal/Charging
21/04/2026,10:46:03,29.849791,14.32,13.02,0.738,10.56816,20,25,11,8.8,1.4,Normal,1.3,80.8,Normal/Charging
21/04/2026,10:46:18,29.849791,14.32,13.02,0.723,10.35336,20,25,11,9,3.6,Normal,1.3,80.8,Normal/Charging
21/04/2026,10:46:33,29.849791,14.31,13.03,0.735,10.51785,20,25,11,8.8,2.5,Normal,1.28,81.2,Normal/Charging
21/04/2026,10:46:48,29.849791,14.32,13.02,0.74,10.5968,20,25,11,8.9,2.8,Normal,1.3,80.8,Normal/Charging
21/04/2026,10:47:03,29.849791,14.34,13.03,0.753,10.79802,20,25,11,8.8,1.9,Normal,1.31,81.2,Normal/Charging
21/04/2026,10:47:18,29.849791,14.33,13.02,0.741,10.61853,20,25,11,8.8,2,Normal,1.31,80.8,Normal/Charging
21/04/2026,10:47:33,29.849791,14.34,13.04,0.724,10.38216,20,25,11,8.8,1.9,Normal,1.3,81.6,Normal/Charging
21/04/2026,10:47:48,29.849791,14.35,13.03,0.715,10.26025,20,25,11,8.7,1.5,Normal,1.32,81.2,Normal/Charging
21/04/2026,10:48:03,29.849791,14.35,13.04,0.73,10.4755,20,25,11,8.8,2.2,Normal,1.31,81.6,Normal/Charging
21/04/2026,10:48:18,29.849791,14.37,13.05,0.726,10.43262,20,25,11,8.8,1.9,Normal,1.32,82,Normal/Charging
21/04/2026,10:48:33,29.849791,14.4,13.05,0.712,10.2528,20,25,11,8.7,0.8,Normal,1.35,82,Normal/Charging
21/04/2026,10:48:48,29.849791,14.38,13.04,0.714,10.26732,20,25,11,9,3.1,Normal,1.34,81.6,Normal/Charging
21/04/2026,10:49:03,29.849791,14.4,13.04,0.731,10.5264,20,25,11,9,3.3,Normal,1.36,81.6,Normal/Charging
21/04/2026,10:49:18,29.849791,14.4,13.05,0.724,10.4256,20,25,11,9,3,Normal,1.35,82,Normal/Charging
21/04/2026,10:49:33,29.849791,14.38,13.05,0.737,10.59806,20,25,11,9,3,Normal,1.33,82,Normal/Charging
21/04/2026,10:49:48,29.849791,14.4,13.05,0.72,10.368,20,25,11,8.9,2.4,Normal,1.35,82,Normal/Charging
21/04/2026,10:50:03,29.849791,14.41,13.05,0.729,10.50489,20,25,11,8.9,2.1,Normal,1.36,82,Normal/Charging
21/04/2026,10:50:18,29.849791,14.4,13.06,0.722,10.3968,20,25,11,8.9,1.4,Normal,1.34,82.4,Normal/Charging
21/04/2026,10:50:33,29.849791,14.41,13.06,0.73,10.5193,20,25,11,8.8,0.4,Normal,1.35,82.4,Normal/Charging
21/04/2026,10:50:48,29.849791,14.46,13.06,0.742,10.72932,20,25,11,8.8,0.5,Normal,1.4,82.4,Normal/Charging
21/04/2026,10:51:03,29.849791,14.44,13.05,0.719,10.38236,20,25,11,9,1.9,Normal,1.39,82,Normal/Charging
21/04/2026,10:51:18,29.849791,14.43,13.05,0.72,10.3896,20,25,11,9,1.9,Normal,1.38,82,Normal/Charging
21/04/2026,10:51:33,29.849791,14.43,13.06,0.729,10.51947,20,25,11,8.8,0.3,Normal,1.37,82.4,Normal/Charging
21/04/2026,10:51:48,29.849791,14.44,13.06,0.737,10.64228,20,25,11,8.7,0.1,Normal,1.38,82.4,Normal/Charging
21/04/2026,10:52:03,29.849791,14.43,13.07,0.718,10.36074,20,25,11,8.7,0.1,Normal,1.36,82.8,Normal/Charging
21/04/2026,10:52:18,29.849791,14.44,13.07,0.742,10.71448,20,25,11,8.7,0,Normal,1.37,82.8,Normal/Charging
21/04/2026,10:52:33,29.849791,14.43,13.06,0.736,10.62048,20,25,11,8.9,2.4,Normal,1.37,82.4,Normal/Charging
21/04/2026,10:52:48,29.849791,14.43,13.05,0.732,10.56276,20,25,11,8.9,2.9,Normal,1.38,82,Normal/Charging
21/04/2026,10:53:03,29.849791,14.45,13.05,0.722,10.4329,20,25,11,8.9,2.7,Normal,1.4,82,Normal/Charging
21/04/2026,10:53:18,29.849791,14.45,13.05,0.726,10.4907,20,25,11,8.8,0.9,Normal,1.4,82,Normal/Charging
21/04/2026,10:53:33,29.849791,14.45,13.06,0.728,10.5196,20,25,11,8.6,0,Normal,1.39,82.4,Normal/Charging
21/04/2026,10:53:48,29.849791,14.45,13.06,0.723,10.44735,20,25,11,8.7,1.1,Normal,1.39,82.4,Normal/Charging
21/04/2026,10:54:03,29.849791,14.47,13.07,0.719,10.40393,20,25,11,8.9,2.6,Normal,1.4,82.8,Normal/Charging
21/04/2026,10:54:18,29.849791,14.48,13.07,0.721,10.44008,20,25,11,8.7,0.6,Normal,1.41,82.8,Normal/Charging
21/04/2026,10:54:33,29.849791,14.49,13.08,0.709,10.27341,20,25,11,8.8,1.6,Normal,1.41,83.2,Normal/Charging
21/04/2026,10:54:48,29.849791,14.45,13.08,0.692,9.9994,20,25,11,9,3.6,Normal,1.37,83.2,Normal/Charging
21/04/2026,10:55:03,29.849791,14.44,13.07,0.72,10.3968,20,25,11,9,3.7,Normal,1.37,82.8,Normal/Charging
21/04/2026,10:55:18,29.849791,14.42,13.08,0.701,10.10842,20,25,11,9,3.8,Normal,1.34,83.2,Normal/Charging
21/04/2026,10:55:33,29.849791,14.42,13.06,0.708,10.20936,20,25,11,9,3.7,Normal,1.36,82.4,Normal/Charging
21/04/2026,10:55:48,29.849791,14.42,13.08,0.712,10.26704,20,25,11,9,3.6,Normal,1.34,83.2,Normal/Charging
21/04/2026,10:56:03,29.849791,14.42,13.08,0.715,10.3103,20,25,11,9,3.8,Normal,1.34,83.2,Normal/Charging
21/04/2026,10:56:18,29.849791,14.39,13.09,0.717,10.31763,20,25,11,9,3.6,Normal,1.3,83.6,Normal/Charging
21/04/2026,10:56:33,29.849791,14.4,13.09,0.712,10.2528,20,25,11,8.9,2.8,Normal,1.31,83.6,Normal/Charging
21/04/2026,10:56:48,29.849791,14.41,13.1,0.703,10.13023,20,25,11,8.7,0.4,Normal,1.31,84,Normal/Charging
21/04/2026,10:57:03,29.849791,14.4,13.1,0.715,10.296,20,25,11,8.6,0.2,Normal,1.3,84,Normal/Charging
21/04/2026,10:57:18,29.849791,14.39,13.09,0.735,10.57665,20,25,11,8.6,0.3,Normal,1.3,83.6,Normal/Charging
21/04/2026,10:57:33,29.849791,14.37,13.09,0.703,10.10211,20,25,11,8.6,1.6,Normal,1.28,83.6,Normal/Charging
21/04/2026,10:57:48,29.849791,14.4,13.09,0.679,9.7776,20,25,11,8.7,2.1,Normal,1.31,83.6,Normal/Charging
21/04/2026,10:58:03,29.849791,14.42,13.1,0.697,10.05074,20,25,11,8.6,0.7,Normal,1.32,84,Normal/Charging
21/04/2026,10:58:18,29.849791,14.41,13.1,0.706,10.17346,20,25,11,8.2,0,Normal,1.31,84,Normal/Charging
21/04/2026,10:58:33,29.849791,14.43,13.1,0.684,9.87012,20,25,11,8.3,0,Normal,1.33,84,Normal/Charging
21/04/2026,10:58:48,29.849791,14.43,13.1,0.698,10.07214,20,25,11,8.7,1.1,Normal,1.33,84,Normal/Charging
21/04/2026,10:59:03,29.849791,14.39,13.11,0.718,10.33202,20,25,11,8.2,0,Normal,1.28,84.4,Normal/Charging
21/04/2026,10:59:18,29.849791,14.41,13.1,0.721,10.38961,20,25,11,8.3,0,Normal,1.31,84,Normal/Charging
21/04/2026,10:59:33,29.849791,14.45,13.11,0.731,10.56295,20,25,11,8.3,0,Normal,1.34,84.4,Normal/Charging
21/04/2026,10:59:48,29.849791,14.45,13.11,0.701,10.12945,20,25,11,8.3,0,Normal,1.34,84.4,Normal/Charging
21/04/2026,11:00:03,29.849791,14.45,13.11,0.713,10.30285,20,25,11,8.3,0,Normal,1.34,84.4,Normal/Charging
21/04/2026,11:00:18,29.849791,14.45,13.11,0.702,10.1439,20,25,11,8.3,0,Normal,1.34,84.4,Normal/Charging
21/04/2026,11:00:33,29.849791,14.46,13.1,0.721,10.42566,20,25,11,8.2,0,Normal,1.36,84,Normal/Charging
21/04/2026,11:00:48,29.849791,14.48,13.11,0.711,10.29528,20,25,11,8.8,0.8,Normal,1.37,84.4,Normal/Charging
21/04/2026,11:01:03,29.849791,14.51,13.11,0.697,10.11347,20,25,11,8,0,Normal,1.4,84.4,Normal/Charging
21/04/2026,11:01:18,29.849791,14.5,13.11,0.709,10.2805,20,25,11,8.8,0.3,Normal,1.39,84.4,Normal/Charging
21/04/2026,11:01:33,29.849791,14.49,13.11,0.734,10.63566,20,25,11,8.6,0,Normal,1.38,84.4,Normal/Charging
21/04/2026,11:01:48,29.849791,14.5,13.1,0.716,10.382,20,25,11,8.5,0,Normal,1.4,84,Normal/Charging
21/04/2026,11:02:03,29.849791,14.46,13.11,0.734,10.61364,20,25,11,8.2,0,Normal,1.35,84.4,Normal/Charging
21/04/2026,11:02:18,29.849791,14.45,13.1,0.74,10.693,20,25,11,8.9,2.9,Normal,1.35,84,Normal/Charging
21/04/2026,11:02:33,29.849791,14.48,13.13,0.713,10.32424,20,25,11,8.9,1.9,Normal,1.35,85.2,Normal/Charging
21/04/2026,11:02:48,29.849791,14.46,13.11,0.731,10.57026,20,25,11,8.9,2.4,Normal,1.35,84.4,Normal/Charging
21/04/2026,11:03:03,29.849791,14.44,13.12,0.736,10.62784,20,25,11,8.3,0,Normal,1.32,84.8,Normal/Charging
21/04/2026,11:03:18,29.849791,14.47,13.12,0.743,10.75121,20,25,11,8.9,2.1,Normal,1.35,84.8,Normal/Charging
21/04/2026,11:03:33,29.849791,14.47,13.11,0.734,10.62098,20,25,11,8.3,0,Normal,1.36,84.4,Normal/Charging
21/04/2026,11:03:48,29.849791,14.5,13.12,0.743,10.7735,20,25,11,8.2,0,Normal,1.38,84.8,Normal/Charging
21/04/2026,11:04:03,29.849791,14.49,13.13,0.749,10.85301,20,25,11,8.2,0,Normal,1.36,85.2,Normal/Charging
21/04/2026,11:04:18,29.849791,14.5,13.13,0.732,10.614,20,25,11,8.8,0.9,Normal,1.37,85.2,Normal/Charging
21/04/2026,11:04:33,29.849791,14.49,13.13,0.736,10.66464,20,25,11,8.1,0,Normal,1.36,85.2,Normal/Charging
21/04/2026,11:04:48,29.849791,14.49,13.14,0.738,10.69362,20,25,11,8.2,0,Normal,1.35,85.6,Normal/Charging
21/04/2026,11:05:03,29.849791,14.51,13.13,0.734,10.65034,20,25,11,8.2,0,Normal,1.38,85.2,Normal/Charging
21/04/2026,11:05:18,29.849791,14.5,13.13,0.714,10.353,20,25,11,8.2,0,Normal,1.37,85.2,Normal/Charging
21/04/2026,11:05:33,29.849791,14.51,13.13,0.734,10.65034,20,25,11,8.2,0,Normal,1.38,85.2,Normal/Charging
21/04/2026,11:05:48,29.849791,14.5,13.14,0.754,10.933,20,25,11,8.2,0,Normal,1.36,85.6,Normal/Charging
21/04/2026,11:06:03,29.849791,14.48,13.14,0.738,10.68624,20,25,11,8.1,0,Normal,1.34,85.6,Normal/Charging
21/04/2026,11:06:18,29.849791,14.51,13.15,0.732,10.62132,20,25,11,8.1,0,Normal,1.36,86,Normal/Charging
21/04/2026,11:06:33,29.849791,14.48,13.14,0.7,10.136,20,25,11,8,0,Normal,1.34,85.6,Normal/Charging
21/04/2026,11:06:48,29.849791,14.46,13.15,0.73,10.5558,20,25,11,8.1,0,Normal,1.31,86,Normal/Charging
21/04/2026,11:07:03,29.849791,14.47,13.14,0.712,10.30264,20,25,11,8.1,0,Normal,1.33,85.6,Normal/Charging
21/04/2026,11:07:18,29.849791,14.48,13.15,0.725,10.498,20,25,11,8.1,0,Normal,1.33,86,Normal/Charging
21/04/2026,11:07:33,29.849791,14.48,13.15,0.725,10.498,20,25,11,8.1,0,Normal,1.33,86,Normal/Charging
21/04/2026,11:07:48,29.849791,14.48,13.16,0.74,10.7152,20,25,11,8.1,0,Normal,1.32,86.4,Normal/Charging
21/04/2026,11:08:03,29.849791,14.5,13.17,0.745,10.8025,20,25,11,8.2,0,Normal,1.33,86.8,Normal/Charging
21/04/2026,11:08:18,29.849791,14.5,13.16,0.737,10.6865,20,25,11,8.8,0.8,Normal,1.34,86.4,Normal/Charging
21/04/2026,11:08:33,29.849791,14.51,13.17,0.743,10.78093,20,25,11,8.9,1.7,Normal,1.34,86.8,Normal/Charging
21/04/2026,11:08:48,29.849791,14.53,13.17,0.723,10.50519,20,25,11,8.8,0.5,Normal,1.36,86.8,Normal/Charging
21/04/2026,11:09:03,29.849791,14.52,13.16,0.722,10.48344,20,25,11,8.8,0.9,Normal,1.36,86.4,Normal/Charging
21/04/2026,11:09:18,29.849791,14.54,13.17,0.743,10.80322,20,25,11,8.9,2.4,Normal,1.37,86.8,Normal/Charging
21/04/2026,11:09:33,29.849791,14.51,13.18,0.726,10.53426,20,25,11,8.7,0.8,Normal,1.33,87.2,Normal/Charging
21/04/2026,11:09:48,29.849791,14.54,13.19,0.75,10.905,20,25,11,8.9,2.3,Normal,1.35,87.6,Normal/Charging
21/04/2026,11:10:03,29.849791,14.52,13.19,0.735,10.6722,20,25,11,8.6,0,Normal,1.33,87.6,Normal/Charging
21/04/2026,11:10:18,29.849791,14.57,13.19,0.711,10.35927,20,25,11,8.8,0.8,Normal,1.38,87.6,Normal/Charging
21/04/2026,11:10:33,29.849791,14.62,13.19,0.732,10.70184,20,25,11,8.1,0,Normal,1.43,87.6,Normal/Charging
21/04/2026,11:10:48,29.849791,14.6,13.2,0.719,10.4974,20,25,11,8.9,1.1,Normal,1.4,88,Normal/Charging
21/04/2026,11:11:03,29.849791,14.57,13.2,0.719,10.47583,20,25,11,8.9,1,Normal,1.37,88,Normal/Charging
21/04/2026,11:11:18,29.849791,14.6,13.2,0.755,11.023,20,25,11,9.1,3.5,Normal,1.4,88,Normal/Charging
21/04/2026,11:11:33,29.849791,14.61,13.21,0.74,10.8114,20,25,11,8.8,0.2,Normal,1.4,88.4,Normal/Charging
21/04/2026,11:11:48,29.849791,14.58,13.21,0.734,10.70172,20,25,11,9,2,Normal,1.37,88.4,Normal/Charging
21/04/2026,11:12:03,29.849791,14.61,13.21,0.721,10.53381,20,25,11,8.9,1.4,Normal,1.4,88.4,Normal/Charging
21/04/2026,11:12:18,29.849791,14.59,13.21,0.724,10.56316,20,25,11,8.8,0.9,Normal,1.38,88.4,Normal/Charging
21/04/2026,11:12:33,29.849791,14.6,13.2,0.715,10.439,20,25,11,8.8,0.8,Normal,1.4,88,Normal/Charging
21/04/2026,11:12:48,29.849791,14.63,13.22,0.741,10.84083,20,25,11,8.9,1.9,Normal,1.41,88.8,Normal/Charging
21/04/2026,11:13:03,29.849791,14.63,13.22,0.728,10.65064,20,25,11,8.9,1.1,Normal,1.41,88.8,Normal/Charging
21/04/2026,11:13:18,29.849791,14.59,13.22,0.706,10.30054,20,25,11,8.9,2.2,Normal,1.37,88.8,Normal/Charging
21/04/2026,11:13:33,29.849791,14.59,13.22,0.706,10.30054,20,25,11,8.9,1.7,Normal,1.37,88.8,Normal/Charging
21/04/2026,11:13:48,29.849791,14.6,13.23,0.708,10.3368,20,25,11,8.9,2.3,Normal,1.37,89.2,Normal/Charging
21/04/2026,11:14:03,29.849791,14.58,13.23,0.716,10.43928,20,25,11,8.9,1.4,Normal,1.35,89.2,Normal/Charging
21/04/2026,11:14:18,29.849791,14.58,13.23,0.705,10.2789,20,25,11,8.8,1.7,Normal,1.35,89.2,Normal/Charging
21/04/2026,11:14:33,29.849791,14.6,13.23,0.698,10.1908,20,25,11,8.7,0.5,Normal,1.37,89.2,Normal/Charging
21/04/2026,11:14:48,29.849791,14.6,13.23,0.703,10.2638,20,25,11,8.8,1.7,Normal,1.37,89.2,Normal/Charging
21/04/2026,11:15:03,29.849791,14.62,13.23,0.693,10.13166,20,25,11,8.7,0.2,Normal,1.39,89.2,Normal/Charging
21/04/2026,11:15:18,29.849791,14.61,13.23,0.693,10.12473,20,25,11,8.7,1.2,Normal,1.38,89.2,Normal/Charging
21/04/2026,11:15:33,29.849791,14.63,13.24,0.7,10.241,20,25,11,8.5,0,Normal,1.39,89.6,Normal/Charging
21/04/2026,11:15:48,29.849791,14.58,13.24,0.694,10.11852,20,25,11,8.7,0.7,Normal,1.34,89.6,Normal/Charging
21/04/2026,11:16:03,29.849791,14.57,13.25,0.692,10.08244,20,25,11,8.6,0,Normal,1.32,90,Normal/Charging
21/04/2026,11:16:18,29.849791,14.56,13.25,0.683,9.94448,20,25,11,8.8,0.2,Normal,1.31,90,Normal/Charging
21/04/2026,11:16:33,29.849791,14.57,13.26,0.692,10.08244,20,25,11,8.9,1.5,Normal,1.31,90.4,Normal/Charging
21/04/2026,11:16:48,29.849791,14.56,13.26,0.694,10.10464,20,25,11,8.7,0.2,Normal,1.3,90.4,Normal/Charging
21/04/2026,11:17:03,29.849791,14.61,13.25,0.687,10.03707,20,25,11,8.8,1.3,Normal,1.36,90,Normal/Charging
21/04/2026,11:17:18,29.849791,14.61,13.26,0.701,10.24161,20,25,11,8.5,0,Normal,1.35,90.4,Normal/Charging
21/04/2026,11:17:33,29.849791,14.62,13.26,0.684,10.00008,20,25,11,8.8,0.5,Normal,1.36,90.4,Normal/Charging
21/04/2026,11:17:48,29.849791,14.63,13.26,0.702,10.27026,20,25,11,8.7,0,Normal,1.37,90.4,Normal/Charging
21/04/2026,11:18:03,29.849791,14.59,13.25,0.702,10.24218,20,25,11,8.7,0,Normal,1.34,90,Normal/Charging
21/04/2026,11:18:18,29.849791,14.6,13.27,0.692,10.1032,20,25,11,8.5,0,Normal,1.33,90.8,Normal/Charging
21/04/2026,11:18:33,29.849791,14.63,13.27,0.694,10.15322,20,25,11,8.8,0.2,Normal,1.36,90.8,Normal/Charging
21/04/2026,11:18:48,29.849791,14.59,13.26,0.693,10.11087,20,25,11,8.7,0,Normal,1.33,90.4,Normal/Charging
21/04/2026,11:19:03,29.849791,14.61,13.27,0.718,10.48998,20,25,11,8.8,0.6,Normal,1.34,90.8,Normal/Charging
21/04/2026,11:19:18,29.849791,14.56,13.27,0.701,10.20656,20,25,11,8.7,0,Normal,1.29,90.8,Normal/Charging
21/04/2026,11:19:33,29.849791,14.58,13.26,0.714,10.41012,20,25,11,8.7,0,Normal,1.32,90.4,Normal/Charging
21/04/2026,11:19:48,29.849791,14.59,13.27,0.729,10.63611,20,25,11,8.3,0,Normal,1.32,90.8,Normal/Charging
21/04/2026,11:20:03,29.849791,14.62,13.27,0.721,10.54102,20,25,11,8.3,0,Normal,1.35,90.8,Normal/Charging
21/04/2026,11:20:18,29.849791,14.63,13.28,0.726,10.62138,20,25,11,8.4,0,Normal,1.35,91.2,Normal/Charging
21/04/2026,11:20:33,29.849791,14.65,13.29,0.73,10.6945,20,25,11,8.4,0,Normal,1.36,91.6,Normal/Charging
21/04/2026,11:20:48,29.849791,14.64,13.29,0.711,10.40904,20,25,11,8.4,0,Normal,1.35,91.6,Normal/Charging
21/04/2026,11:21:03,29.849791,14.63,13.28,0.725,10.60675,20,25,11,8.4,0,Normal,1.35,91.2,Normal/Charging
21/04/2026,11:21:18,29.849791,14.66,13.3,0.738,10.81908,20,25,11,8.4,0,Normal,1.36,92,Normal/Charging
21/04/2026,11:21:33,29.849791,14.64,13.29,0.748,10.95072,20,25,11,8.4,0,Normal,1.35,91.6,Normal/Charging
21/04/2026,11:21:48,29.849791,14.66,13.3,0.739,10.83374,20,25,11,8.3,0,Normal,1.36,92,Normal/Charging
21/04/2026,11:22:03,29.849791,14.62,13.3,0.714,10.43868,20,25,11,8.3,0,Normal,1.32,92,Normal/Charging
21/04/2026,11:22:18,29.849791,14.66,13.31,0.731,10.71646,20,25,11,8.3,0,Normal,1.35,92.4,Normal/Charging
21/04/2026,11:22:33,29.849791,14.65,13.31,0.732,10.7238,20,25,11,8.3,0,Normal,1.34,92.4,Normal/Charging
21/04/2026,11:22:48,29.849791,14.65,13.31,0.728,10.6652,20,25,11,8.3,0,Normal,1.34,92.4,Normal/Charging
21/04/2026,11:23:03,29.849791,14.66,13.31,0.717,10.51122,20,25,11,8.3,0,Normal,1.35,92.4,Normal/Charging
21/04/2026,11:23:18,29.849791,14.67,13.32,0.725,10.63575,20,25,11,8.3,0,Normal,1.35,92.8,Normal/Charging
21/04/2026,11:23:33,29.849791,14.66,13.32,0.731,10.71646,20,25,11,8.2,0,Normal,1.34,92.8,Normal/Charging
21/04/2026,11:23:48,29.849791,14.67,13.32,0.729,10.69443,20,25,11,8.1,0,Normal,1.35,92.8,Normal/Charging
21/04/2026,11:24:03,29.849791,14.67,13.32,0.722,10.59174,20,25,11,8.1,0,Normal,1.35,92.8,Normal/Charging
21/04/2026,11:24:18,29.849791,14.68,13.33,0.738,10.83384,20,25,11,8.1,0,Normal,1.35,93.2,Normal/Charging
21/04/2026,11:24:33,29.849791,14.69,13.33,0.724,10.63556,20,25,11,8.2,0,Normal,1.36,93.2,Normal/Charging
21/04/2026,11:24:48,29.849791,14.69,13.34,0.716,10.51804,20,25,11,8.8,0.3,Normal,1.35,93.6,Normal/Charging
21/04/2026,11:25:03,29.849791,14.7,13.34,0.729,10.7163,20,25,11,8.7,0,Normal,1.36,93.6,Normal/Charging
21/04/2026,11:25:18,29.849791,14.7,13.35,0.717,10.5399,20,25,11,8.6,0,Normal,1.35,94,Normal/Charging
21/04/2026,11:25:33,29.849791,14.71,13.34,0.714,10.50294,20,25,11,8.6,0.1,Normal,1.37,93.6,Normal/Charging
21/04/2026,11:25:48,29.849791,14.66,13.34,0.711,10.42326,20,25,11,8.4,0,Normal,1.32,93.6,Normal/Charging
21/04/2026,11:26:03,29.849791,14.64,13.36,0.741,10.84824,20,25,11,8.3,0,Normal,1.28,94.4,Normal/Charging
21/04/2026,11:26:18,29.849791,14.67,13.35,0.717,10.51839,20,25,11,8.3,0,Normal,1.32,94,Normal/Charging
21/04/2026,11:26:33,29.849791,14.71,13.37,0.716,10.53236,20,25,11,8.5,0,Normal,1.34,94.8,Normal/Charging
21/04/2026,11:26:48,29.849791,14.75,13.38,0.734,10.8265,20,25,11,8.8,0,Normal,1.37,95.2,Normal/Charging
21/04/2026,11:27:03,29.849791,14.7,13.39,0.76,11.172,20,25,11,8.7,0,Normal,1.31,95.6,Normal/Charging
21/04/2026,11:27:18,29.849791,14.69,13.39,0.728,10.69432,20,25,11,8.8,0.2,Normal,1.3,95.6,Normal/Charging
21/04/2026,11:27:33,29.849791,14.69,13.39,0.735,10.79715,20,25,11,8.6,0,Normal,1.3,95.6,Normal/Charging
21/04/2026,11:27:48,29.849791,14.72,13.4,0.729,10.73088,20,25,11,8.2,0,Normal,1.32,96,Normal/Charging
21/04/2026,11:28:03,29.849791,14.71,13.41,0.739,10.87069,20,25,11,8.2,0,Normal,1.3,96.4,Normal/Charging
21/04/2026,11:28:18,29.849791,14.74,13.41,0.715,10.5391,20,25,11,8.2,0,Normal,1.33,96.4,Normal/Charging
21/04/2026,11:28:33,29.849791,14.77,13.42,0.705,10.41285,20,25,11,8.2,0,Normal,1.35,96.8,Normal/Charging
21/04/2026,11:28:48,29.849791,14.76,13.42,0.731,10.78956,20,25,11,8.8,0.7,Normal,1.34,96.8,Normal/Charging
21/04/2026,11:29:03,29.849791,14.74,13.42,0.724,10.67176,20,25,11,8.9,1.3,Normal,1.32,96.8,Normal/Charging
21/04/2026,11:29:18,29.849791,14.76,13.43,0.721,10.64196,20,25,11,8.9,0.9,Normal,1.33,97.2,Normal/Charging
21/04/2026,11:29:33,29.849791,14.78,13.44,0.722,10.67116,20,25,11,8.4,0,Normal,1.34,97.6,Normal/Charging
21/04/2026,11:29:48,29.849791,14.82,13.44,0.705,10.4481,20,25,11,8.3,0,Normal,1.38,97.6,Normal/Charging
21/04/2026,11:30:03,29.849791,14.79,13.45,0.714,10.56006,20,25,11,8.3,0,Normal,1.34,98,Normal/Charging
21/04/2026,11:30:18,29.849791,14.79,13.46,0.709,10.48611,20,25,11,8.3,0,Normal,1.33,98.4,Normal/Charging
21/04/2026,11:30:33,29.849791,14.8,13.45,0.693,10.2564,20,25,11,8.3,0,Normal,1.35,98,Normal/Charging
21/04/2026,11:30:48,29.849791,14.79,13.45,0.702,10.38258,20,25,11,8.3,0,Normal,1.34,98,Normal/Charging
21/04/2026,11:31:03,29.849791,14.8,13.47,0.706,10.4488,20,25,11,8.3,0,Normal,1.33,98.8,Normal/Charging
21/04/2026,11:31:18,29.849791,14.82,13.48,0.702,10.40364,20,25,11,8.3,0,Normal,1.34,99.2,Normal/Charging
21/04/2026,11:31:33,29.849791,14.81,13.48,0.698,10.33738,20,25,11,8.3,0,Normal,1.33,99.2,Normal/Charging
21/04/2026,11:31:48,29.849791,14.8,13.49,0.693,10.2564,20,25,11,8.3,0,Normal,1.31,99.6,Normal/Charging
21/04/2026,11:32:03,29.849791,14.79,13.5,0.697,10.30863,20,25,11,8.3,0,Normal,1.29,100,Normal/Charging
21/04/2026,11:32:18,29.849791,14.81,13.49,0.706,10.45586,20,25,11,8.3,0,Normal,1.32,99.6,Normal/Charging
21/04/2026,11:32:33,29.849791,14.83,13.52,0.72,10.6776,20,25,11,8.3,0,Normal,1.31,100,Normal/Charging
21/04/2026,11:32:48,29.849791,14.93,13.61,0.717,10.70481,20,25,11,8.4,12.36651624,Normal,1.32,100,Normal/Charging
21/04/2026,11:33:03,29.849791,14.93,13.61,0.69,10.3017,20,25,11,8.4,8.556936375,Normal,1.32,100,Normal/Charging
21/04/2026,11:33:18,29.849791,14.95,13.63,0.676,10.1062,20,25,11,8.3,12.4772275,Normal,1.32,100,Normal/Charging
21/04/2026,11:33:33,29.849791,14.95,13.63,0.67,10.0165,20,25,11,8.3,5.366145348,Normal,1.32,100,Normal/Charging
21/04/2026,11:33:48,29.849791,14.98,13.66,0.7,10.486,20,25,11,8.7,13.03634287,Normal,1.32,100,Normal/Charging
21/04/2026,11:34:03,29.849791,14.97,13.66,0.666,9.97002,20,25,11,8.8,5.19989476,Normal,1.31,100,Normal/Charging
21/04/2026,11:34:18,29.849791,14.98,13.67,0.693,10.38114,20,25,11,8.9,14.45764885,Normal,1.31,100,Normal/Charging
21/04/2026,11:31:37,29.849808,14.92,13.6,0.714,10.65288,20,25,11,8.8,7.500725585,Normal,1.32,100,Normal/Charging
21/04/2026,11:31:52,29.849808,14.8,13.48,0.734,10.8632,20,25,11,8.1,27.4,Normal,1.32,99.2,Normal/Charging
21/04/2026,11:32:07,29.849808,14.59,13.33,0.712,10.38808,20,25,11,1.2,0,Normal,1.26,93.2,Normal/Charging
21/04/2026,11:32:22,29.849808,13.73,13.21,0.27,3.7071,20,25,11,2.8,5.726692701,Normal,0.52,88.4,Normal/Charging
21/04/2026,11:32:37,29.849808,13.2,13.09,0,0,20,25,11,8.2,7.519719362,Normal_Equilibrium,0.11,83.6,Normal/Charging
21/04/2026,11:32:52,29.849808,12.96,12.98,0,0,20,25,11,8.2,6.50447261,Normal_Equilibrium,-0.02,79.2,Normal/Charging
21/04/2026,11:33:07,29.849808,14.32,13.21,0.553,7.91896,20,25,11,7.2,21.4,Normal,1.11,88.4,Normal/Charging
21/04/2026,11:33:22,29.849808,14.55,13.4,0.611,8.89005,20,25,11,7.5,97.7,Soiling,1.15,96,Normal/Charging
21/04/2026,11:33:37,29.849808,14.62,13.46,0.639,9.34218,20,25,11,9.1,60.1,Soiling,1.16,98.4,Normal/Charging
21/04/2026,11:33:52,29.849808,14.65,13.48,0.644,9.4346,20,25,11,9.1,60.6,Soiling,1.17,99.2,Normal/Charging
21/04/2026,11:34:07,29.849808,14.65,13.5,0.61,8.9365,20,25,11,9.1,61.7,Soiling,1.15,100,Normal/Charging
21/04/2026,11:34:22,29.849808,14.69,13.53,0.637,9.35753,20,25,11,9.1,59.5,Soiling,1.16,100,Normal/Charging
21/04/2026,11:34:37,29.849808,14.72,13.55,0.642,9.45024,20,25,11,9,59.1,Soiling,1.17,100,Normal/Charging
21/04/2026,11:34:52,29.849808,14.76,13.56,0.643,9.49068,20,25,11,9.1,58.8,Soiling,1.2,100,Normal/Charging
21/04/2026,11:35:07,29.849808,14.83,13.58,0.64,9.4912,20,25,11,9.1,58.4,Soiling,1.25,100,Normal/Charging
21/04/2026,11:35:22,29.849808,14.82,13.59,0.647,9.58854,20,25,11,9.1,58,Soiling,1.23,100,Normal/Charging
21/04/2026,11:35:37,29.849808,14.82,13.6,0.643,9.52926,20,25,11,9.1,57.4,Soiling,1.22,100,Normal/Charging
21/04/2026,11:35:52,29.849808,14.73,13.61,0.632,9.30936,20,25,11,9.1,58.4,Soiling,1.12,100,Normal/Charging
21/04/2026,11:36:07,29.849808,14.7,13.62,0.633,9.3051,20,25,11,9,57,Soiling,1.08,100,Normal/Charging
21/04/2026,11:36:22,29.849808,14.73,13.63,0.625,9.20625,20,25,11,9,56.7,Soiling,1.1,100,Normal/Charging
21/04/2026,11:36:37,29.849808,14.76,13.65,0.628,9.26928,20,25,11,9,54.7,Soiling,1.11,100,Normal/Charging
21/04/2026,11:36:52,29.849808,14.8,13.65,0.631,9.3388,20,25,11,9,54.9,Soiling,1.15,100,Normal/Charging
21/04/2026,11:37:07,29.849808,14.8,13.65,0.631,9.3388,20,25,11,9,54.7,Soiling,1.15,100,Normal/Charging
21/04/2026,11:37:22,29.849808,14.8,13.68,0.619,9.1612,20,25,11,9,54.7,Soiling,1.12,100,Normal/Charging
21/04/2026,11:37:37,29.849808,14.8,13.69,0.622,9.2056,20,25,11,9,56,Soiling,1.11,100,Normal/Charging
21/04/2026,11:37:52,29.849808,14.81,13.71,0.62,9.1822,20,25,11,9,53.8,Soiling,1.1,100,Normal/Charging
21/04/2026,11:38:07,29.849808,14.82,13.73,0.623,9.23286,20,25,11,9,8.556585806,Normal,1.09,100,Normal/Charging
21/04/2026,11:38:22,29.849808,13.23,13.34,0.096,1.27008,20,25,11,7.4,6.114857283,Normal_Equilibrium,-0.11,93.6,Normal/Charging
21/04/2026,11:38:37,29.849808,13.05,13.16,0.091,1.18755,20,25,11,5,23.8,Normal_Equilibrium,-0.11,86.4,Normal/Charging
21/04/2026,11:38:52,29.849808,12.86,13.02,0.119,1.53034,20,25,11,9,6.951641582,Normal,-0.16,80.8,Normal/Charging
21/04/2026,11:39:07,29.849808,14.61,13.32,0.684,9.99324,20,25,11,8.9,9.0894462,Normal,1.29,92.8,Normal/Charging
21/04/2026,11:39:22,29.849808,15,13.85,0.68,10.2,20,25,11,8.9,8.650519583,Normal,1.15,100,Normal/Charging
21/04/2026,11:39:37,29.849808,15.1,13.96,0.661,9.9811,20,25,11,8.9,9.920411308,Normal,1.14,100,Normal/Charging
21/04/2026,11:39:52,29.849808,13.29,13.2,0,0,20,25,11,8.9,5.266805677,Normal_Equilibrium,0.09,88,Normal/Charging
21/04/2026,11:40:07,29.849808,15.08,13.9,0.674,10.16392,20,25,11,0,0,Shading,1.18,100,Normal/Charging
21/04/2026,11:40:22,29.849808,12.76,13.04,0.188,2.39888,20,25,11,0,0,Shading,-0.28,81.6,Normal/Charging
21/04/2026,11:40:37,29.849808,12.66,12.93,0.188,2.38008,20,25,11,0,0,Shading,-0.27,77.2,Normal/Charging
21/04/2026,11:40:52,29.849808,12.61,12.86,0.2,2.522,20,25,11,0,0,Shading,-0.25,74.4,Normal/Charging
21/04/2026,11:41:07,29.849808,14.49,13.16,0.734,10.63566,20,25,11,0,0,Shading,1.33,86.4,Normal/Charging
21/04/2026,11:41:22,29.849808,15.08,13.95,0.71,10.7068,20,25,11,0,0,Shading,1.13,100,Normal/Charging
21/04/2026,11:41:37,29.849808,15.16,14.03,0.67,10.1572,20,25,11,0,0,Shading,1.13,100,Normal/Charging
21/04/2026,11:41:52,29.849808,15.19,14.11,0.664,10.08616,20,25,11,0,0,Shading,1.08,100,Normal/Charging
21/04/2026,11:42:07,29.849808,12.87,13.18,0.199,2.56113,20,25,11,0,0,Shading,-0.31,87.2,Normal/Charging
21/04/2026,11:42:22,29.849808,12.68,12.97,0.186,2.35848,19.94,25,11,0,0,Shading,-0.29,78.8,Normal/Charging
21/04/2026,11:42:46,29.849808,12.6,12.89,0.181,2.2806,19.94,25,11,0,0,Shading,-0.29,75.6,Normal/Charging
21/04/2026,11:43:02,29.849808,12.56,12.84,0.191,2.39896,19.95,25,11,0,0,Shading,-0.28,73.6,Normal/Charging
21/04/2026,11:43:17,29.849808,12.54,12.81,0.209,2.62086,19.95,25,11,0,0,Shading,-0.27,72.4,Normal/Charging
21/04/2026,11:43:32,29.849808,12.51,12.79,0.185,2.31435,19.95,25,11,0,0,Shading,-0.28,71.6,Normal/Charging
21/04/2026,11:43:47,29.849808,12.51,12.77,0.19,2.3769,19.95,25,11,0,0,Shading,-0.26,70.8,Normal/Charging
21/04/2026,11:44:02,29.849808,12.48,12.77,0.191,2.38368,19.95,25,11,0,0,Shading,-0.29,70.8,Normal/Charging
21/04/2026,11:44:17,29.849808,12.46,12.75,0.186,2.31756,19.95,25,11,0,0,Shading,-0.29,70,Normal/Charging
21/04/2026,11:44:32,29.849808,12.47,12.75,0.191,2.38177,19.95,25,11,0,0,Shading,-0.28,70,Normal/Charging
21/04/2026,11:44:47,29.849808,12.46,12.75,0.194,2.41724,19.96,25,11,0,0,Shading,-0.29,70,Normal/Charging
21/04/2026,11:45:02,29.849808,12.43,12.75,0.184,2.28712,19.96,25,11,0,0,Shading,-0.32,70,Normal/Charging
21/04/2026,11:45:17,29.849808,12.44,12.74,0.19,2.3636,19.96,25,11,0,0,Shading,-0.3,69.6,Normal/Charging
21/04/2026,11:45:32,29.849808,12.45,12.73,0.175,2.17875,19.96,25,11,0,0,Shading,-0.28,69.2,Normal/Charging
21/04/2026,11:45:47,29.849808,12.43,12.72,0.186,2.31198,19.96,25,11,0,0,Shading,-0.29,68.8,Normal/Charging
21/04/2026,11:46:02,29.849808,12.44,12.72,0.19,2.3636,19.96,25,11,0,0,Shading,-0.28,68.8,Normal/Charging
21/04/2026,11:46:17,29.849808,12.42,12.72,0.189,2.34738,19.96,25,11,0,0,Shading,-0.3,68.8,Normal/Charging
21/04/2026,11:46:32,29.849808,12.42,12.71,0.188,2.33496,19.97,25,11,0,0,Shading,-0.29,68.4,Normal/Charging
21/04/2026,11:46:47,29.849808,12.42,12.7,0.226,2.80692,19.97,25,11,0,0,Shading,-0.28,68,Normal/Charging
21/04/2026,11:47:02,29.849808,12.43,12.7,0.185,2.29955,19.97,25,11,0,0,Shading,-0.27,68,Normal/Charging
21/04/2026,11:47:17,29.849808,12.42,12.69,0.192,2.38464,19.97,25,11,0,0,Shading,-0.27,67.6,Normal/Charging
21/04/2026,11:47:32,29.849808,12.41,12.7,0.188,2.33308,19.97,25,11,0,0,Shading,-0.29,68,Normal/Charging
21/04/2026,11:47:47,29.849808,12.42,12.7,0.187,2.32254,19.97,25,11,0,0,Shading,-0.28,68,Normal/Charging
21/04/2026,11:48:02,29.849808,14.48,13.08,0.733,10.61384,19.97,25,11,8.9,14.19007542,Normal,1.4,83.2,Normal/Charging
21/04/2026,11:48:17,29.849808,14.71,13.43,0.696,10.23816,19.97,25,11,8.8,8.562020362,Normal,1.28,97.2,Normal/Charging
21/04/2026,11:48:32,29.849808,15.21,14.05,0.669,10.17549,19.97,25,11,8.7,5.232601169,Normal,1.16,100,Normal/Charging
21/04/2026,11:48:47,29.849808,15.42,14.32,0.665,10.2543,19.98,25,11,8.7,7.383624091,Normal,1.1,100,Full_Charge_Alert
21/04/2026,11:49:02,29.849808,15.5,14.43,0.653,10.1215,19.98,25,11,8.7,12.52167104,Normal,1.07,100,Full_Charge_Alert
21/04/2026,11:49:17,29.849808,15.5,14.47,0.655,10.1525,19.98,25,11,8.7,10.14089636,Normal,1.03,100,Full_Charge_Alert
21/04/2026,11:49:32,29.849808,15.5,14.5,0.67,10.385,19.98,25,11,8.7,8.251727436,Normal,1,100,Full_Charge_Alert
21/04/2026,11:49:47,29.849808,15.54,14.54,0.648,10.06992,19.98,25,11,8.7,7.882316659,Normal,1,100,Full_Charge_Alert
21/04/2026,11:50:02,29.849808,15.56,14.59,0.662,10.30072,19.98,25,11,8.8,14.97102812,Normal,0.97,100,Full_Charge_Alert
21/04/2026,11:50:17,29.849808,15.58,14.59,0.623,9.70634,19.98,25,11,8.8,5.753039294,Normal,0.99,100,Full_Charge_Alert
21/04/2026,11:50:32,29.849808,15.57,14.58,0.654,10.18278,19.98,25,11,8.7,11.56999315,Normal,0.99,100,Full_Charge_Alert
21/04/2026,11:50:47,29.849808,15.55,14.58,0.638,9.9209,19.98,25,11,8.6,8.055794708,Normal,0.97,100,Full_Charge_Alert
21/04/2026,11:51:02,29.849808,15.61,14.62,0.653,10.19333,19.98,25,11,8.6,11.832179,Normal,0.99,100,Full_Charge_Alert
21/04/2026,11:51:17,29.849808,15.62,14.62,0.643,10.04366,19.99,25,11,8.6,11.36593692,Normal,1,100,Full_Charge_Alert
21/04/2026,11:51:32,29.849808,15.62,14.64,0.619,9.66878,19.99,25,11,8.6,7.549849744,Normal,0.98,100,Full_Charge_Alert
21/04/2026,11:51:47,29.849808,15.62,14.63,0.6,9.372,19.99,25,11,8.6,11.71815281,Normal,0.99,100,Full_Charge_Alert
21/04/2026,11:52:02,29.849808,15.61,14.65,0.623,9.72503,19.99,25,11,8.6,9.827581831,Normal,0.96,100,Full_Charge_Alert
21/04/2026,11:52:17,29.849808,15.62,14.67,0.608,9.49696,19.99,25,11,8.6,12.26172222,Normal,0.95,100,Full_Charge_Alert
21/04/2026,11:52:32,29.849808,15.66,14.71,0.649,10.16334,19.99,25,11,8.7,13.50607804,Normal,0.95,100,Full_Charge_Alert
21/04/2026,11:52:47,29.849808,15.71,14.76,0.615,9.66165,19.99,25,11,8.7,10.72712029,Normal,0.95,100,Full_Charge_Alert
21/04/2026,11:53:02,29.849808,15.72,14.79,0.623,9.79356,19.99,25,11,8.7,8.290456946,Normal,0.93,100,Full_Charge_Alert
21/04/2026,11:53:17,29.849808,15.75,14.81,0.634,9.9855,19.99,25,11,8.7,8.287821474,Normal,0.94,100,Full_Charge_Alert
21/04/2026,11:53:32,29.849808,15.75,14.82,0.622,9.7965,19.99,25,11,8.7,9.655871143,Normal,0.93,100,Full_Charge_Alert
21/04/2026,11:53:47,29.849808,15.78,14.83,0.612,9.65736,19.99,25,11,8.7,7.20271519,Normal,0.95,100,Full_Charge_Alert
21/04/2026,11:54:02,29.849808,15.76,14.85,0.607,9.56632,19.99,25,11,8.7,7.722859404,Normal,0.91,100,Full_Charge_Alert
21/04/2026,11:54:17,29.849808,15.78,14.89,0.615,9.7047,19.99,25,11,8.7,14.15903714,Normal,0.89,100,Full_Charge_Alert
21/04/2026,11:54:32,29.849808,15.79,14.88,0.598,9.44242,19.99,25,11,8.7,11.71972231,Normal,0.91,100,Full_Charge_Alert
21/04/2026,11:54:47,29.849808,15.79,14.9,0.613,9.67927,19.99,25,11,8.7,6.22303606,Normal,0.89,100,Full_Charge_Alert
21/04/2026,11:55:02,29.849808,15.77,14.87,0.606,9.55662,20,25,11,8.6,5.712523559,Normal,0.9,100,Full_Charge_Alert
21/04/2026,11:55:17,29.849808,15.81,14.92,0.593,9.37533,20,25,11,8.6,6.787373201,Normal,0.89,100,Full_Charge_Alert
21/04/2026,11:55:32,29.849808,15.8,14.94,0.594,9.3852,20,25,11,8.7,14.8768297,Normal,0.86,100,Full_Charge_Alert
21/04/2026,11:55:47,29.849808,15.79,14.92,0.599,9.45821,20,25,11,8.5,13.39785716,Normal,0.87,100,Full_Charge_Alert
21/04/2026,11:56:02,29.849808,15.75,14.91,0.583,9.18225,20,25,11,8.4,9.408812686,Normal,0.84,100,Full_Charge_Alert
21/04/2026,11:56:17,29.849808,15.74,14.92,0.581,9.14494,20,25,11,8.5,10.36673685,Normal,0.82,100,Full_Charge_Alert
21/04/2026,11:56:32,29.849808,15.78,14.96,0.581,9.16818,20,25,11,8.6,14.86603835,Normal,0.82,100,Full_Charge_Alert
21/04/2026,11:56:47,29.849808,15.79,14.99,0.593,9.36347,20,25,11,8.6,7.727155747,Normal,0.8,100,Full_Charge_Alert
21/04/2026,11:57:02,29.849808,15.82,15,0.61,9.6502,20,25,11,8.6,10.26977044,Normal,0.82,100,Full_Charge_Alert
21/04/2026,11:57:17,29.849808,15.82,15.02,0.596,9.42872,20,25,11,8.6,5.881842864,Normal,0.8,100,Full_Charge_Alert
21/04/2026,11:57:32,29.849808,15.83,15.02,0.596,9.43468,20,25,11,8.6,9.917521019,Normal,0.81,100,Full_Charge_Alert
21/04/2026,11:57:47,29.849808,15.85,15.05,0.597,9.46245,20,25,11,8.6,9.617781909,Normal,0.8,100,Full_Charge_Alert
21/04/2026,11:58:02,29.849808,15.85,15.06,0.619,9.81115,20,25,11,8.6,14.0194552,Normal,0.79,100,Full_Charge_Alert
21/04/2026,11:58:17,29.849808,15.85,15.08,0.597,9.46245,20,25,11,8.6,9.013080326,Normal,0.77,100,Full_Charge_Alert
21/04/2026,11:58:32,29.849808,15.88,15.09,0.609,9.67092,20,25,11,8.5,8.37603604,Normal,0.79,100,Full_Charge_Alert
21/04/2026,11:58:47,29.849808,15.87,15.1,0.588,9.33156,20,25,11,8.6,5.997463154,Normal,0.77,100,Full_Charge_Alert
21/04/2026,11:59:02,29.849808,15.87,15.1,0.555,8.80785,20,25,11,8.6,9.446823507,Normal,0.77,100,Full_Charge_Alert
21/04/2026,11:59:17,29.849808,15.92,15.12,0.596,9.48832,20,25,11,8.6,7.889208813,Normal,0.8,100,Full_Charge_Alert
21/04/2026,11:59:32,29.849808,15.94,15.16,0.571,9.10174,20,25,11,8.6,14.15711127,Normal,0.78,100,Full_Charge_Alert
21/04/2026,11:59:47,29.849808,15.94,15.16,0.59,9.4046,20,25,11,8.6,10.67697737,Normal,0.78,100,Full_Charge_Alert
21/04/2026,12:00:02,29.849808,15.95,15.18,0.575,9.17125,20,25,11,8.6,8.40570074,Normal,0.77,100,Full_Charge_Alert
21/04/2026,12:00:17,29.849808,15.91,15.15,0.582,9.25962,20,25,11,8.6,9.952070273,Normal,0.76,100,Full_Charge_Alert
21/04/2026,12:00:32,29.849808,15.96,15.21,0.599,9.56004,20,25,11,8.5,7.840518493,Normal,0.75,100,Full_Charge_Alert
21/04/2026,12:00:47,29.849808,15.94,15.18,0.587,9.35678,20,25,11,8.6,6.388804761,Normal,0.76,100,Full_Charge_Alert
21/04/2026,12:01:02,29.849808,15.93,15.18,0.585,9.31905,20,25,11,8.6,9.192636302,Normal,0.75,100,Full_Charge_Alert
21/04/2026,12:01:17,29.849808,15.94,15.2,0.595,9.4843,20,25,11,8.6,5.644848572,Normal,0.74,100,Full_Charge_Alert
21/04/2026,12:01:32,29.849808,15.93,15.21,0.585,9.31905,20,25,11,8.6,12.92043202,Normal,0.72,100,Full_Charge_Alert
21/04/2026,12:01:47,29.849808,15.95,15.23,0.567,9.04365,20,25,11,8.6,14.42319421,Normal,0.72,100,Full_Charge_Alert
21/04/2026,12:02:02,29.849808,15.94,15.23,0.582,9.27708,20,25,11,8.5,13.51509131,Normal,0.71,100,Full_Charge_Alert
21/04/2026,12:02:17,29.849808,15.94,15.23,0.561,8.94234,20,25,11,8.5,8.462423569,Normal,0.71,100,Full_Charge_Alert
21/04/2026,12:02:32,29.849808,15.96,15.24,0.551,8.79396,20,25,11,8.5,9.008360191,Normal,0.72,100,Full_Charge_Alert
21/04/2026,12:02:47,29.849808,15.97,15.24,0.577,9.21469,20,25,11,8.5,7.452730165,Normal,0.73,100,Full_Charge_Alert
21/04/2026,12:03:02,29.849808,16,15.28,0.57,9.12,20,25,11,8.5,5.10022586,Normal,0.72,100,Full_Charge_Alert
21/04/2026,12:03:17,29.849808,16.03,15.31,0.575,9.21725,20,25,11,8.6,11.97423188,Normal,0.72,100,Full_Charge_Alert
21/04/2026,12:03:32,29.849808,16.03,15.3,0.583,9.34549,20,25,11,8.6,14.4456716,Normal,0.73,100,Full_Charge_Alert
21/04/2026,12:03:47,29.849808,16.03,15.31,0.599,9.60197,20,25,11,8.6,13.77450484,Normal,0.72,100,Full_Charge_Alert
21/04/2026,12:04:02,29.849808,16.05,15.32,0.602,9.6621,20,25,11,8.5,9.358246146,Normal,0.73,100,Full_Charge_Alert
21/04/2026,12:04:17,29.849808,16.05,15.33,0.581,9.32505,20,25,11,8.6,9.340980896,Normal,0.72,100,Full_Charge_Alert
21/04/2026,12:04:32,29.849808,16.06,15.32,0.592,9.50752,20,25,11,8.5,11.39099829,Normal,0.74,100,Full_Charge_Alert
21/04/2026,12:04:47,29.849808,16.06,15.34,0.568,9.12208,20,25,11,8.5,9.614816384,Normal,0.72,100,Full_Charge_Alert
21/04/2026,12:05:02,29.849808,16.06,15.34,0.576,9.25056,20,25,11,8.5,8.048068029,Normal,0.72,100,Full_Charge_Alert
21/04/2026,12:05:17,29.849808,16.06,15.35,0.577,9.26662,19.99,25,11,8.5,10.87245196,Normal,0.71,100,Full_Charge_Alert
21/04/2026,12:05:32,29.849808,16.06,15.35,0.585,9.3951,19.99,25,11,8.5,11.57669382,Normal,0.71,100,Full_Charge_Alert
21/04/2026,12:05:47,29.849808,16.06,15.37,0.591,9.49146,19.99,25,11,8.5,14.66885457,Normal,0.69,100,Full_Charge_Alert
21/04/2026,12:06:02,29.849808,16.07,15.36,0.567,9.11169,19.99,25,11,8.5,9.926211809,Normal,0.71,100,Full_Charge_Alert
21/04/2026,12:06:17,29.849808,16.07,15.37,0.584,9.38488,19.99,25,11,8.4,6.555356365,Normal,0.7,100,Full_Charge_Alert
21/04/2026,12:06:32,29.849808,16.09,15.38,0.589,9.47701,19.99,25,11,8.5,12.25489287,Normal,0.71,100,Full_Charge_Alert
21/04/2026,12:06:47,29.849808,16.09,15.41,0.584,9.39656,19.99,25,11,8.5,13.96635614,Normal,0.68,100,Full_Charge_Alert
21/04/2026,12:07:02,29.849808,16.09,15.4,0.58,9.3322,19.99,25,11,8.5,12.58131638,Normal,0.69,100,Full_Charge_Alert
21/04/2026,12:07:17,29.849808,16.09,15.41,0.582,9.36438,19.99,25,11,8.5,14.39467864,Normal,0.68,100,Full_Charge_Alert
21/04/2026,12:07:32,29.849808,16.08,15.39,0.577,9.27816,19.99,25,11,8.5,6.408144513,Normal,0.69,100,Full_Charge_Alert
21/04/2026,12:07:47,29.849808,16.09,15.42,0.57,9.1713,19.99,25,11,8.5,9.257365428,Normal,0.67,100,Full_Charge_Alert
21/04/2026,12:08:02,29.849808,16.1,15.43,0.565,9.0965,19.99,25,11,8.5,10.27953767,Normal,0.67,100,Full_Charge_Alert
21/04/2026,12:08:17,29.849808,16.11,15.42,0.574,9.24714,19.99,25,11,8.5,7.871126798,Normal,0.69,100,Full_Charge_Alert
21/04/2026,12:08:32,29.849808,16.13,15.45,0.582,9.38766,19.99,25,11,8.5,11.69556808,Normal,0.68,100,Full_Charge_Alert
21/04/2026,12:08:47,29.849808,16.13,15.45,0.588,9.48444,19.99,25,11,8.5,13.44598765,Normal,0.68,100,Full_Charge_Alert
21/04/2026,12:09:02,29.849808,16.13,15.47,0.588,9.48444,19.98,25,11,8.5,5.554712048,Normal,0.66,100,Full_Charge_Alert
21/04/2026,12:09:17,29.849808,16.13,15.45,0.568,9.16184,19.98,25,11,8.5,11.69509758,Normal,0.68,100,Full_Charge_Alert
21/04/2026,12:09:32,29.849808,16.13,15.46,0.582,9.38766,19.98,25,11,8.4,5.881014151,Normal,0.67,100,Full_Charge_Alert
21/04/2026,12:09:47,29.849808,16.12,15.47,0.598,9.63976,19.98,25,11,8.5,7.093484379,Normal,0.65,100,Full_Charge_Alert
21/04/2026,12:10:02,29.849808,16.14,15.48,0.564,9.10296,19.98,25,11,8.5,7.926152979,Normal,0.66,100,Full_Charge_Alert
21/04/2026,12:10:17,29.849808,16.13,15.48,0.578,9.32314,19.98,25,11,8.5,7.773073246,Normal,0.65,100,Full_Charge_Alert
21/04/2026,12:10:32,29.849808,16.15,15.49,0.582,9.3993,19.98,25,11,8.5,9.495294592,Normal,0.66,100,Full_Charge_Alert
21/04/2026,12:10:47,29.849808,16.12,15.5,0.555,8.9466,19.98,25,11,8.4,6.56195026,Normal,0.62,100,Full_Charge_Alert
21/04/2026,12:11:02,29.849808,16.12,15.48,0.576,9.28512,19.98,25,11,8.4,6.316747213,Normal,0.64,100,Full_Charge_Alert
21/04/2026,12:11:17,29.849808,16.13,15.2,0.555,8.95215,19.98,25,11,8.5,5.139972601,Normal,0.93,100,Full_Charge_Alert
21/04/2026,12:11:32,29.849808,16.15,15.2,0.579,9.35085,19.97,25,11,8.5,8.597526259,Normal,0.95,100,Full_Charge_Alert
21/04/2026,12:11:47,29.849808,16.17,15.2,0.568,9.18456,19.97,25,11,8.5,6.801428761,Normal,0.97,100,Full_Charge_Alert
21/04/2026,12:12:02,29.849808,16.16,15.2,0.572,9.24352,19.97,25,11,8.5,6.556284199,Normal,0.96,100,Full_Charge_Alert
21/04/2026,12:12:17,29.849808,16.18,15.2,0.554,8.96372,19.97,25,11,8.5,12.91520263,Normal,0.98,100,Full_Charge_Alert
21/04/2026,12:12:32,29.849808,16.17,15.2,0.571,9.23307,19.97,25,11,8.5,6.100762906,Normal,0.97,100,Full_Charge_Alert
21/04/2026,12:12:47,29.849808,16.19,15.2,0.557,9.01783,19.97,25,11,8.5,6.355926127,Normal,0.99,100,Full_Charge_Alert
21/04/2026,12:13:02,29.849808,16.18,15.2,0.559,9.04462,19.97,25,11,8.5,12.50386157,Normal,0.98,100,Full_Charge_Alert
21/04/2026,12:13:17,29.849808,16.19,15.2,0.569,9.21211,19.97,25,11,8.5,5.143744501,Normal,0.99,100,Full_Charge_Alert
21/04/2026,12:13:32,29.849808,16.17,15.2,0.537,8.68329,19.97,25,11,8.5,5.693833309,Normal,0.97,100,Full_Charge_Alert
21/04/2026,12:13:47,29.849808,16.15,15.2,0.542,8.7533,19.96,25,11,8.4,8.19388798,Normal,0.95,100,Full_Charge_Alert
21/04/2026,12:14:02,29.849808,16.16,15.2,0.559,9.03344,19.96,25,11,8.4,8.032658173,Normal,0.96,100,Full_Charge_Alert
21/04/2026,12:14:17,29.849808,16.18,15.2,0.568,9.19024,19.96,25,11,8.4,9.572652987,Normal,0.98,100,Full_Charge_Alert
21/04/2026,12:14:32,29.849808,16.2,15.2,0.56,9.072,19.96,25,11,8.4,14.18108841,Normal,1,100,Full_Charge_Alert
21/04/2026,12:14:47,29.849808,16.2,15.2,0.569,9.2178,19.96,25,11,8.4,6.887250877,Normal,1,100,Full_Charge_Alert
21/04/2026,12:15:02,29.849808,16.18,15.2,0.57,9.2226,19.96,25,11,8.4,14.3269182,Normal,0.98,100,Full_Charge_Alert
21/04/2026,12:15:17,29.849808,16.17,15.2,0.561,9.07137,19.96,25,11,8.3,14.70837013,Normal,0.97,100,Full_Charge_Alert
21/04/2026,12:15:32,29.849808,16.21,15.2,0.575,9.32075,19.95,25,11,8.4,14.73859716,Normal,1.01,100,Full_Charge_Alert
21/04/2026,12:15:47,29.849808,16.19,15.2,0.568,9.19592,19.95,25,11,8.4,9.515511133,Normal,0.99,100,Full_Charge_Alert
21/04/2026,12:16:02,29.849808,16.18,15.2,0.549,8.88282,19.95,25,11,8.4,11.60170858,Normal,0.98,100,Full_Charge_Alert
21/04/2026,12:16:17,29.849808,16.21,15.2,0.57,9.2397,19.95,25,11,8.4,7.365015009,Normal,1.01,100,Full_Charge_Alert
21/04/2026,12:16:32,29.849808,16.22,15.2,0.542,8.79124,19.95,25,11,8.4,10.74185113,Normal,1.02,100,Full_Charge_Alert
21/04/2026,12:16:47,29.849808,16.22,15.2,0.567,9.19674,19.95,25,11,8.4,8.951992804,Normal,1.02,100,Full_Charge_Alert
21/04/2026,12:17:02,29.849808,16.21,15.2,0.582,9.43422,19.94,25,11,8.4,12.29433184,Normal,1.01,100,Full_Charge_Alert
21/04/2026,12:17:17,29.849808,16.22,15.2,0.568,9.21296,19.94,25,11,8.4,6.543154533,Normal,1.02,100,Full_Charge_Alert
21/04/2026,12:17:32,29.849808,16.23,15.2,0.558,9.05634,19.94,25,11,8.4,13.70058868,Normal,1.03,100,Full_Charge_Alert
21/04/2026,12:17:47,29.849808,16.2,15.2,0.577,9.3474,19.94,25,11,8.4,8.851387397,Normal,1,100,Full_Charge_Alert
21/04/2026,12:18:02,29.849808,16.21,15.2,0.575,9.32075,19.94,25,11,8.3,10.15203656,Normal,1.01,100,Full_Charge_Alert
21/04/2026,12:18:17,29.849808,16.24,15.2,0.572,9.28928,19.94,25,11,8.3,11.73460697,Normal,1.04,100,Full_Charge_Alert
21/04/2026,12:18:32,29.849808,16.23,15.2,0.57,9.2511,19.93,25,11,8.2,13.94971661,Normal,1.03,100,Full_Charge_Alert
21/04/2026,12:18:47,29.849808,16.24,15.2,0.565,9.1756,19.93,25,11,8.3,5.165396512,Normal,1.04,100,Full_Charge_Alert
21/04/2026,12:19:02,29.849808,16.26,15.2,0.571,9.28446,19.93,25,11,8.4,8.318862188,Normal,1.06,100,Full_Charge_Alert
21/04/2026,12:19:17,29.849808,16.27,15.2,0.588,9.56676,19.93,25,11,8.4,11.08329133,Normal,1.07,100,Full_Charge_Alert
21/04/2026,12:19:32,29.849808,16.3,15.2,0.575,9.3725,19.93,25,11,8.4,8.752025508,Normal,1.1,100,Full_Charge_Alert
21/04/2026,12:19:47,29.849808,16.29,15.2,0.557,9.07353,19.93,25,11,8.4,5.775593013,Normal,1.09,100,Full_Charge_Alert
21/04/2026,12:20:02,29.849808,16.27,15.2,0.544,8.85088,19.92,25,11,8.3,7.73240489,Normal,1.07,100,Full_Charge_Alert
21/04/2026,12:20:17,29.849808,16.24,15.2,0.572,9.28928,19.92,25,11,8.3,9.791060108,Normal,1.04,100,Full_Charge_Alert
21/04/2026,12:20:32,29.849808,16.27,15.2,0.565,9.19255,19.92,25,11,8.3,7.260318433,Normal,1.07,100,Full_Charge_Alert
21/04/2026,12:20:47,29.849808,16.26,15.2,0.552,8.97552,19.92,25,11,8.2,9.697493984,Normal,1.06,100,Full_Charge_Alert
21/04/2026,12:21:02,29.849808,16.27,15.2,0.546,8.88342,19.92,25,11,8.1,10.36922337,Normal,1.07,100,Full_Charge_Alert
21/04/2026,12:21:17,29.849808,16.26,15.2,0.536,8.71536,19.91,25,11,8.1,5.168154003,Normal,1.06,100,Full_Charge_Alert
21/04/2026,12:21:32,29.849808,16.25,15.2,0.549,8.92125,19.91,25,11,8,11.84134752,Normal,1.05,100,Full_Charge_Alert
21/04/2026,12:21:47,29.849808,16.24,15.2,0.537,8.72088,19.91,25,11,7.9,13.17793229,Normal,1.04,100,Full_Charge_Alert
21/04/2026,12:22:02,29.849808,16.25,15.2,0.545,8.85625,19.91,25,10.9,8,8.451731992,Normal,1.05,100,Full_Charge_Alert
21/04/2026,12:22:17,29.849808,16.26,15.2,0.556,9.04056,19.91,25,10.9,8,14.34662338,Normal,1.06,100,Full_Charge_Alert
21/04/2026,12:22:32,29.849808,16.26,15.2,0.54,8.7804,19.9,25,10.9,8,8.161190574,Normal,1.06,100,Full_Charge_Alert
21/04/2026,12:22:47,29.849808,16.25,15.2,0.506,8.2225,19.9,25,10.9,8,12.12346155,Normal,1.05,100,Full_Charge_Alert
21/04/2026,12:23:02,29.849808,16.27,15.2,0.562,9.14374,19.9,25,10.9,8.1,6.979074817,Normal,1.07,100,Full_Charge_Alert
21/04/2026,12:23:17,29.849808,16.28,15.2,0.563,9.16564,19.9,25,10.9,8.1,13.50258269,Normal,1.08,100,Full_Charge_Alert
21/04/2026,12:23:32,29.849808,16.31,15.2,0.547,8.92157,19.89,25,10.9,8.1,6.853300392,Normal,1.11,100,Full_Charge_Alert
21/04/2026,12:23:47,29.849808,16.33,15.2,0.59,9.6347,19.89,25,10.9,8.2,6.900866576,Normal,1.13,100,Full_Charge_Alert
21/04/2026,12:24:02,29.849808,16.32,15.2,0.575,9.384,19.89,25,10.9,8.1,6.484692752,Normal,1.12,100,Full_Charge_Alert
21/04/2026,12:24:17,29.849808,16.34,15.2,0.554,9.05236,19.89,25,10.9,8.1,7.87251045,Normal,1.14,100,Full_Charge_Alert
21/04/2026,12:24:32,29.849808,16.36,15.2,0.562,9.19432,19.89,25,10.9,8.1,5.169767494,Normal,1.16,100,Full_Charge_Alert
21/04/2026,12:24:47,29.849808,16.36,15.2,0.573,9.37428,19.88,25,10.9,8.2,10.90283503,Normal,1.16,100,Full_Charge_Alert
21/04/2026,12:25:02,29.849808,16.37,15.2,0.555,9.08535,19.88,25,10.9,8.2,7.566596679,Normal,1.17,100,Full_Charge_Alert
21/04/2026,12:25:17,29.849808,16.4,15.2,0.552,9.0528,19.88,25,10.9,8.4,12.2071106,Normal,1.2,100,Full_Charge_Alert
21/04/2026,12:25:32,29.849808,16.42,15.2,0.598,9.81916,19.88,25,10.9,8.4,14.91910471,Normal,1.22,100,Full_Charge_Alert
21/04/2026,12:25:47,29.849808,16.4,15.2,0.564,9.2496,19.87,25,10.9,8.3,12.82417208,Normal,1.2,100,Full_Charge_Alert
21/04/2026,12:26:02,29.849808,16.44,15.2,0.563,9.25572,19.87,25,10.9,8.4,12.33007552,Normal,1.24,100,Full_Charge_Alert
21/04/2026,12:26:17,29.849808,16.41,15.2,0.565,9.27165,19.87,25,10.9,8.3,9.884818372,Normal,1.21,100,Full_Charge_Alert
21/04/2026,12:26:32,29.849808,16.42,15.2,0.573,9.40866,19.87,25,10.9,8.4,14.94883548,Normal,1.22,100,Full_Charge_Alert
21/04/2026,12:26:47,29.849808,16.44,15.2,0.586,9.63384,19.86,25,10.9,8.4,8.323275915,Normal,1.24,100,Full_Charge_Alert
21/04/2026,12:27:02,29.849808,16.42,15.2,0.557,9.14594,19.86,25,10.9,8.4,9.390694805,Normal,1.22,100,Full_Charge_Alert
21/04/2026,12:27:17,29.849808,16.42,15.2,0.576,9.45792,19.86,25,10.9,8.3,14.17883609,Normal,1.22,100,Full_Charge_Alert
21/04/2026,12:27:32,29.849808,16.4,15.2,0.557,9.1348,19.86,25,10.9,8.2,13.48543955,Normal,1.2,100,Full_Charge_Alert
21/04/2026,12:27:47,29.849808,16.4,15.2,0.556,9.1184,19.85,25,10.9,8.2,8.350193923,Normal,1.2,100,Full_Charge_Alert
21/04/2026,12:28:02,29.849808,16.39,15.2,0.544,8.91616,19.85,25,10.9,8.2,13.16843077,Normal,1.19,100,Full_Charge_Alert
21/04/2026,12:28:17,29.849808,16.38,15.2,0.512,8.38656,19.85,25,10.9,8.2,7.302336461,Normal,1.18,100,Full_Charge_Alert
21/04/2026,12:28:32,29.849808,16.38,15.2,0.532,8.71416,19.85,25,10.9,8.2,12.16806446,Normal,1.18,100,Full_Charge_Alert
21/04/2026,12:28:47,29.849808,16.35,15.2,0.512,8.3712,19.84,25,10.9,8.2,13.06523202,Normal,1.15,100,Full_Charge_Alert
21/04/2026,12:29:02,29.849808,16.38,15.2,0.545,8.9271,19.84,25,10.9,8.2,11.67352892,Normal,1.18,100,Full_Charge_Alert
21/04/2026,12:29:17,29.849808,16.37,15.2,0.542,8.87254,19.84,25,10.9,8.1,14.98797091,Normal,1.17,100,Full_Charge_Alert
21/04/2026,12:29:32,29.849808,16.37,15.2,0.54,8.8398,19.83,25,10.9,8.1,11.07881994,Normal,1.17,100,Full_Charge_Alert
21/04/2026,12:29:47,29.849808,16.36,15.2,0.51,8.3436,19.83,25,10.9,8,13.02236744,Normal,1.16,100,Full_Charge_Alert
21/04/2026,12:30:02,29.849808,16.36,15.2,0.497,8.13092,19.83,25,10.9,8,13.1672056,Normal,1.16,100,Full_Charge_Alert
21/04/2026,12:30:17,29.849808,16.36,15.2,0.505,8.2618,19.83,25,10.9,8,9.607250865,Normal,1.16,100,Full_Charge_Alert
21/04/2026,12:30:32,29.849808,16.36,15.2,0.491,8.03276,19.82,25,10.9,8.1,9.506083805,Normal,1.16,100,Full_Charge_Alert
21/04/2026,12:30:47,29.849808,16.36,15.2,0.524,8.57264,19.82,25,10.9,8,7.65312773,Normal,1.16,100,Full_Charge_Alert
21/04/2026,12:31:02,29.849808,16.34,15.2,0.525,8.5785,19.82,25,10.9,8,12.0781043,Normal,1.14,100,Full_Charge_Alert
21/04/2026,12:31:17,29.849808,16.36,15.2,0.531,8.68716,19.81,25,10.9,8,9.787484837,Normal,1.16,100,Full_Charge_Alert
21/04/2026,12:31:32,29.849808,16.38,15.2,0.537,8.79606,19.81,25,10.9,8.1,10.23449539,Normal,1.18,100,Full_Charge_Alert
21/04/2026,12:31:47,29.849808,16.38,15.2,0.544,8.91072,19.81,25,10.9,8.1,11.60869077,Normal,1.18,100,Full_Charge_Alert
21/04/2026,12:32:02,29.849808,16.39,15.2,0.548,8.98172,19.8,25,10.9,8.1,6.742202551,Normal,1.19,100,Full_Charge_Alert
21/04/2026,12:32:17,29.849808,16.4,15.2,0.521,8.5444,19.8,25,10.9,8.1,13.58509377,Normal,1.2,100,Full_Charge_Alert
21/04/2026,12:32:32,29.849808,16.4,15.2,0.557,9.1348,19.8,25,10.9,8.1,8.42606487,Normal,1.2,100,Full_Charge_Alert
21/04/2026,12:32:47,29.849808,16.42,15.2,0.548,8.99816,19.8,25,10.9,8.2,5.571408838,Normal,1.22,100,Full_Charge_Alert
21/04/2026,12:33:02,29.849808,16.42,15.2,0.561,9.21162,19.79,25,10.9,8.2,12.3375995,Normal,1.22,100,Full_Charge_Alert
21/04/2026,12:33:17,29.849808,16.4,15.2,0.554,9.0856,19.79,25,10.9,8.2,7.72295401,Normal,1.2,100,Full_Charge_Alert
21/04/2026,12:33:32,29.849808,16.39,15.2,0.549,8.99811,19.79,25,10.9,8.2,7.607819256,Normal,1.19,100,Full_Charge_Alert
21/04/2026,12:33:47,29.849808,16.46,15.2,0.544,8.95424,19.78,25,10.9,8.2,14.40705747,Normal,1.26,100,Full_Charge_Alert
21/04/2026,12:34:02,29.849808,16.46,15.2,0.545,8.9707,19.78,25,10.9,8.2,13.98867105,Normal,1.26,100,Full_Charge_Alert
21/04/2026,12:34:17,29.849808,16.46,15.2,0.548,9.02008,19.78,25,10.9,8.2,13.48870703,Normal,1.26,100,Full_Charge_Alert
21/04/2026,12:34:46,29.849808,16.55,15.2,0.486,8.0433,19.77,25,10.9,8.2,0,Normal,1.35,100,Full_Charge_Alert
21/04/2026,12:35:01,29.849808,16.55,15.2,0.551,9.11905,19.77,25,10.9,8.1,0,Normal,1.35,100,Full_Charge_Alert
21/04/2026,12:35:16,29.849808,16.54,15.2,0.51,8.4354,19.76,25,10.9,8.1,0,Normal,1.34,100,Full_Charge_Alert
21/04/2026,12:35:31,29.849808,16.54,15.2,0.492,8.13768,19.76,25,10.9,8.1,0,Normal,1.34,100,Full_Charge_Alert
21/04/2026,12:35:46,29.849808,16.55,15.2,0.499,8.25845,19.76,25,10.9,8.1,0,Normal,1.35,100,Full_Charge_Alert
21/04/2026,12:36:01,29.849808,16.56,15.2,0.491,8.13096,19.75,25,10.9,8.2,0,Normal,1.36,100,Full_Charge_Alert
21/04/2026,12:36:16,29.849808,16.56,15.2,0.492,8.14752,19.75,25,10.9,8.2,0,Normal,1.36,100,Full_Charge_Alert
21/04/2026,12:36:31,29.849808,16.57,15.2,0.49,8.1193,19.75,25,10.9,8.2,0,Normal,1.37,100,Full_Charge_Alert
21/04/2026,12:38:21,29.849812,15.06,14.19,0.476,7.16856,19.72,25,10.8,8.5,62.6,Soiling,0.87,100,Normal/Charging
21/04/2026,12:38:36,29.8498,15.89,15.36,0.415,6.59435,19.72,25,10.8,8.3,97.8,Soiling,0.53,100,Full_Charge_Alert
21/04/2026,12:38:51,29.849791,16.04,15.4,0.413,6.62452,19.71,25,10.8,8.3,80.4,Soiling,0.64,100,Full_Charge_Alert
21/04/2026,12:39:06,29.849783,15.97,15.46,0.415,6.62755,19.71,25,10.8,8.4,82.2,Soiling,0.51,100,Full_Charge_Alert
21/04/2026,12:39:21,29.849783,15.95,15.49,0.41,6.5395,19.71,25,10.8,8.4,81.8,Soiling,0.46,100,Full_Charge_Alert
21/04/2026,12:39:36,29.849791,15.98,15.2,0.379,6.05642,19.7,25,10.8,8.4,81.9,Soiling,0.78,100,Full_Charge_Alert
21/04/2026,12:39:51,29.849791,15.98,15.2,0.398,6.36004,19.7,25,10.8,8.4,82.2,Soiling,0.78,100,Full_Charge_Alert
21/04/2026,12:40:06,29.849792,16,15.2,0.413,6.608,19.69,25,10.8,8.4,82.7,Soiling,0.8,100,Full_Charge_Alert
21/04/2026,12:40:21,29.849796,15.99,15.2,0.391,6.25209,19.69,25,10.8,8.3,83,Soiling,0.79,100,Full_Charge_Alert
21/04/2026,12:40:36,29.849806,15.95,15.2,0.396,6.3162,19.69,25,10.8,8.3,83.3,Soiling,0.75,100,Full_Charge_Alert
21/04/2026,12:40:51,29.849815,16.04,15.2,0.387,6.20748,19.68,25,10.8,8.3,83.6,Soiling,0.84,100,Full_Charge_Alert
21/04/2026,12:41:06,29.849804,15.99,15.2,0.381,6.09219,19.68,25,10.8,8.3,84.1,Soiling,0.79,100,Full_Charge_Alert
21/04/2026,12:41:21,29.849796,16.02,15.2,0.403,6.45606,19.68,25,10.8,8.2,83.6,Soiling,0.82,100,Full_Charge_Alert
21/04/2026,12:41:36,29.849798,16.04,15.2,0.405,6.4962,19.67,25,10.8,8.2,83.5,Soiling,0.84,100,Full_Charge_Alert
21/04/2026,12:41:51,29.8498,16.02,15.2,0.41,6.5682,19.67,25,10.8,8.1,84,Soiling,0.82,100,Full_Charge_Alert
21/04/2026,12:42:06,29.849796,16.04,15.2,0.414,6.64056,19.66,25,10.8,8.1,83.8,Soiling,0.84,100,Full_Charge_Alert
21/04/2026,12:42:21,29.849789,16.04,15.2,0.401,6.43204,19.66,25,10.8,8.1,84,Soiling,0.84,100,Full_Charge_Alert
21/04/2026,12:42:36,29.849791,16.04,15.2,0.385,6.1754,19.66,25,10.8,8.1,83.8,Soiling,0.84,100,Full_Charge_Alert
21/04/2026,12:42:51,29.849804,16.05,15.2,0.404,6.4842,19.65,25,10.8,8.2,84.4,Soiling,0.85,100,Full_Charge_Alert
21/04/2026,12:43:06,29.849813,16.07,15.2,0.402,6.46014,19.65,25,10.8,8.2,84.4,Soiling,0.87,100,Full_Charge_Alert
21/04/2026,12:43:21,29.849813,16.07,15.2,0.41,6.5887,19.64,25,10.8,8,83.6,Soiling,0.87,100,Full_Charge_Alert
21/04/2026,12:43:36,29.84981,16.07,15.2,0.418,6.71726,19.64,25,10.8,8.1,83.8,Soiling,0.87,100,Full_Charge_Alert
21/04/2026,12:43:51,29.849804,16.07,15.2,0.397,6.37979,19.64,25,10.8,8.1,84.1,Soiling,0.87,100,Full_Charge_Alert
21/04/2026,12:44:06,29.849806,16.08,15.2,0.395,6.3516,19.63,25,10.8,7.7,83.1,Soiling,0.88,100,Full_Charge_Alert
21/04/2026,12:44:21,29.84981,14.55,13.93,0.309,4.49595,19.63,25,10.8,7.8,6.945344735,Normal,0.62,100,Normal/Charging
21/04/2026,12:44:36,29.849813,13.01,13.26,0.153,1.99053,19.62,25,10.8,7.7,11.13850141,Normal,-0.25,90.4,Normal/Charging
21/04/2026,12:44:51,29.849812,12.97,13.16,0,0,19.62,25,10.8,3,7.915078189,Normal_Equilibrium,-0.19,86.4,Normal/Charging
21/04/2026,12:45:06,29.849798,16.36,15.2,0.492,8.04912,19.61,25,10.8,1.1,0,Normal,1.16,100,Full_Charge_Alert
21/04/2026,12:45:21,29.849796,16.4,15.2,0.496,8.1344,19.61,25,10.8,1.4,0,Normal,1.2,100,Full_Charge_Alert
21/04/2026,12:45:36,29.8498,16.36,15.2,0.469,7.67284,19.61,25,10.8,1.2,7.035256853,Normal,1.16,100,Full_Charge_Alert
21/04/2026,12:45:51,29.849796,16.35,15.2,0.453,7.40655,19.6,25,10.8,7.4,12.53004195,Normal,1.15,100,Full_Charge_Alert
21/04/2026,12:46:06,29.849796,13.2,13.51,0.201,2.6532,19.6,25,10.8,8.1,5.466862002,Normal,-0.31,100,Normal/Charging
21/04/2026,12:46:21,29.849804,12.86,13.16,0.214,2.75204,19.59,25,10.8,7.9,10.15202789,Normal,-0.3,86.4,Normal/Charging
21/04/2026,12:46:36,29.849796,12.77,13.06,0.204,2.60508,19.59,25,10.8,0.2,20.4,Shading,-0.29,82.4,Normal/Charging
21/04/2026,12:46:51,29.849792,12.72,13,0.213,2.70936,19.58,25,10.8,0.2,21.9,Shading,-0.28,80,Normal/Charging
21/04/2026,12:47:06,29.849791,12.67,12.96,0.204,2.58468,19.58,25,10.8,0.2,27.2,Shading,-0.29,78.4,Normal/Charging
21/04/2026,12:47:21,29.849794,12.64,12.92,0.2,2.528,19.57,25,10.8,0.2,18.6,Shading,-0.28,76.8,Normal/Charging
21/04/2026,12:47:36,29.849792,12.64,12.9,0.2,2.528,19.57,25,10.8,0.2,23.7,Shading,-0.26,76,Normal/Charging
21/04/2026,12:47:51,29.849789,12.59,12.88,0.18,2.2662,19.57,25,10.8,0.2,22.2,Shading,-0.29,75.2,Normal/Charging
21/04/2026,12:48:06,29.849789,12.56,12.87,0.193,2.42408,19.56,25,10.8,0.2,24.3,Shading,-0.31,74.8,Normal/Charging
21/04/2026,12:48:21,29.849785,12.58,12.86,0.197,2.47826,19.56,25,10.8,0.2,24.1,Shading,-0.28,74.4,Normal/Charging
21/04/2026,12:48:36,29.849781,12.57,12.85,0.212,2.66484,19.55,25,10.8,0.2,22.3,Shading,-0.28,74,Normal/Charging
21/04/2026,12:48:51,29.849779,12.57,12.83,0.204,2.56428,19.55,25,10.8,0.2,22.8,Shading,-0.26,73.2,Normal/Charging
21/04/2026,12:49:06,29.849777,12.56,12.83,0.191,2.39896,19.54,25,10.7,0.2,22.6,Shading,-0.27,73.2,Normal/Charging
21/04/2026,12:49:21,29.849779,12.54,12.82,0.195,2.4453,19.54,25,10.7,0.2,19.8,Shading,-0.28,72.8,Normal/Charging
21/04/2026,12:49:36,29.849779,12.52,12.81,0.182,2.27864,19.53,25,10.7,0.2,22.5,Shading,-0.29,72.4,Normal/Charging
21/04/2026,12:49:51,29.849775,12.55,12.81,0.172,2.1586,19.53,25,10.7,0.2,19.1,Shading,-0.26,72.4,Normal/Charging
21/04/2026,12:50:06,29.849768,12.52,12.81,0.205,2.5666,19.52,25,10.7,0.2,20.6,Shading,-0.29,72.4,Normal/Charging
21/04/2026,12:50:21,29.849781,12.53,12.8,0.172,2.15516,19.52,25,10.7,0.2,20.2,Shading,-0.27,72,Normal/Charging
21/04/2026,12:50:36,29.849796,12.52,12.79,0.183,2.29116,19.51,25,10.7,0.2,17.5,Shading,-0.27,71.6,Normal/Charging
21/04/2026,12:50:51,29.849792,12.53,12.8,0.198,2.48094,19.51,25,10.7,0.2,23.2,Shading,-0.27,72,Normal/Charging
21/04/2026,12:51:06,29.849779,12.5,12.79,0.207,2.5875,19.5,25,10.7,0.2,22.5,Shading,-0.29,71.6,Normal/Charging
21/04/2026,12:51:21,29.849779,12.52,12.78,0.189,2.36628,19.5,25,10.7,0.2,17,Shading,-0.26,71.2,Normal/Charging
21/04/2026,12:51:36,29.849781,12.51,12.79,0.195,2.43945,19.5,25,10.7,8,60.5,Shading,-0.28,71.6,Normal/Charging
21/04/2026,12:51:51,29.849787,14.4,13.05,0.691,9.9504,19.49,25,10.7,7.9,7.484308213,Normal,1.35,82,Normal/Charging
21/04/2026,12:52:06,29.849791,13.55,13.07,0.249,3.37395,19.49,25,10.7,8.4,14.62311294,Normal,0.48,82.8,Normal/Charging
21/04/2026,12:52:21,29.849794,13.67,13.15,0.252,3.44484,19.48,25,10.7,8.1,10.05876296,Normal,0.52,86,Normal/Charging
21/04/2026,12:52:36,29.849794,15.54,14.47,0.64,9.9456,19.48,25,10.7,8.2,11.3319133,Normal,1.07,100,Full_Charge_Alert
21/04/2026,12:52:51,29.849783,14.04,13.47,0.339,4.75956,19.47,25,10.7,8.1,10.5775174,Normal,0.57,98.8,Normal/Charging
21/04/2026,12:53:06,29.849783,16.51,15.2,0.592,9.77392,19.47,25,10.7,7.9,10.26252955,Normal,1.31,100,Full_Charge_Alert
21/04/2026,12:53:21,29.849781,16.57,15.2,0.57,9.4449,19.46,25,10.7,7.8,5.385498438,Normal,1.37,100,Full_Charge_Alert
21/04/2026,12:53:36,29.849789,16.61,15.2,0.575,9.55075,19.46,25,10.7,7.6,11.28678929,Normal,1.41,100,Full_Charge_Alert
21/04/2026,12:53:51,29.849792,16.63,15.2,0.545,9.06335,19.45,25,10.7,7.6,11.81317948,Normal,1.43,100,Full_Charge_Alert
21/04/2026,12:54:06,29.849796,16.65,15.2,0.565,9.40725,19.45,25,10.7,7.6,6.622011367,Normal,1.45,100,Full_Charge_Alert
21/04/2026,12:54:21,29.8498,16.66,15.2,0.526,8.76316,19.44,25,10.7,7.8,6.570797497,Normal,1.46,100,Full_Charge_Alert
21/04/2026,12:54:36,29.849798,16.6,15.2,0.558,9.2628,19.44,25,10.7,7.6,10.64538438,Normal,1.4,100,Full_Charge_Alert
21/04/2026,12:54:51,29.8498,16.61,15.2,0.544,9.03584,19.43,25,10.7,7.5,12.78449066,Normal,1.41,100,Full_Charge_Alert
21/04/2026,12:55:06,29.849804,16.6,15.2,0.549,9.1134,19.42,25,10.7,7.3,6.465109395,Normal,1.4,100,Full_Charge_Alert
21/04/2026,12:55:21,29.849808,16.61,15.2,0.558,9.26838,19.42,25,10.7,7.2,10.43862893,Normal,1.41,100,Full_Charge_Alert
21/04/2026,12:55:36,29.84981,16.6,15.2,0.556,9.2296,19.41,25,10.7,7.1,11.7618517,Normal,1.4,100,Full_Charge_Alert
21/04/2026,12:55:51,29.849808,16.61,15.2,0.553,9.18533,19.41,25,10.7,7.1,8.524753795,Normal,1.41,100,Full_Charge_Alert
21/04/2026,12:56:06,29.849808,16.59,15.2,0.551,9.14109,19.4,25,10.7,7.2,13.35135667,Normal,1.39,100,Full_Charge_Alert
21/04/2026,12:56:21,29.84981,16.6,15.2,0.535,8.881,19.4,25,10.7,7.5,5.737762944,Normal,1.4,100,Full_Charge_Alert
21/04/2026,12:56:36,29.849808,16.6,15.2,0.525,8.715,19.39,25,10.7,7.5,9.166760857,Normal,1.4,100,Full_Charge_Alert
21/04/2026,12:56:51,29.849808,16.59,15.2,0.52,8.6268,19.39,25,10.7,7.3,10.24155714,Normal,1.39,100,Full_Charge_Alert
21/04/2026,12:57:06,29.849808,16.59,15.2,0.503,8.34477,19.38,25,10.7,7.2,7.664504958,Normal,1.39,100,Full_Charge_Alert
21/04/2026,12:57:21,29.849806,16.59,15.2,0.518,8.59362,19.38,25,10.7,7.1,13.75360731,Normal,1.39,100,Full_Charge_Alert
21/04/2026,12:57:36,29.849802,16.63,15.2,0.551,9.16313,19.37,25,10.7,7.1,13.11601654,Normal,1.43,100,Full_Charge_Alert
21/04/2026,12:57:51,29.849798,16.62,15.2,0.506,8.40972,19.37,25,10.7,7.1,5.96031099,Normal,1.42,100,Full_Charge_Alert
21/04/2026,12:58:06,29.8498,16.57,15.2,0.517,8.56669,19.36,25,10.6,7.3,13.98287917,Normal,1.37,100,Full_Charge_Alert
21/04/2026,12:58:21,29.849802,16.59,15.2,0.519,8.61021,19.36,25,10.6,7.4,10.87363111,Normal,1.39,100,Full_Charge_Alert
21/04/2026,12:58:36,29.849802,16.58,15.2,0.538,8.92004,19.35,25,10.6,7.3,6.05241379,Normal,1.38,100,Full_Charge_Alert
21/04/2026,12:58:51,29.8498,16.6,15.2,0.526,8.7316,19.34,25,10.6,7.2,5.96644995,Normal,1.4,100,Full_Charge_Alert
21/04/2026,12:59:06,29.8498,16.6,15.2,0.528,8.7648,19.34,25,10.6,7.1,9.445688657,Normal,1.4,100,Full_Charge_Alert
21/04/2026,12:59:21,29.849802,16.57,15.2,0.53,8.7821,19.33,25,10.6,7.1,5.421673965,Normal,1.37,100,Full_Charge_Alert
21/04/2026,12:59:36,29.849802,16.58,15.2,0.527,8.73766,19.33,25,10.6,7.1,5.238749317,Normal,1.38,100,Full_Charge_Alert
21/04/2026,12:59:51,29.849804,16.6,15.2,0.542,8.9972,19.32,25,10.6,7.2,7.534820428,Normal,1.4,100,Full_Charge_Alert
21/04/2026,13:00:06,29.849804,16.61,15.2,0.537,8.91957,19.32,25,10.6,7.3,8.613133056,Normal,1.41,100,Full_Charge_Alert
21/04/2026,13:00:21,29.849798,16.6,15.2,0.531,8.8146,19.31,25,10.6,7.2,12.83878141,Normal,1.4,100,Full_Charge_Alert
21/04/2026,13:00:36,29.849796,16.59,15.2,0.505,8.37795,19.3,25,10.6,7,7.228833516,Normal,1.39,100,Full_Charge_Alert
21/04/2026,13:00:51,29.849802,16.58,15.2,0.526,8.72108,19.3,25,10.6,6.9,10.66553258,Normal,1.38,100,Full_Charge_Alert
21/04/2026,13:01:06,29.849802,16.6,15.2,0.529,8.7814,19.29,25,10.6,6.9,8.236978923,Normal,1.4,100,Full_Charge_Alert
21/04/2026,13:01:21,29.849804,16.6,15.2,0.525,8.715,19.29,25,10.6,6.9,9.457617682,Normal,1.4,100,Full_Charge_Alert
21/04/2026,13:01:36,29.8498,16.61,15.2,0.531,8.81991,19.28,25,10.6,6.9,13.63064987,Normal,1.41,100,Full_Charge_Alert
21/04/2026,13:01:51,29.849798,16.6,15.2,0.526,8.7316,19.28,25,10.6,7,6.215051281,Normal,1.4,100,Full_Charge_Alert
21/04/2026,13:02:06,29.8498,16.58,15.2,0.53,8.7874,19.27,25,10.6,7.1,6.281187936,Normal,1.38,100,Full_Charge_Alert
21/04/2026,13:02:21,29.849802,16.58,15.2,0.505,8.3729,19.26,25,10.6,7.3,10.1753436,Normal,1.38,100,Full_Charge_Alert
21/04/2026,13:02:36,29.849802,16.58,15.2,0.516,8.55528,19.26,25,10.6,7.3,9.289949209,Normal,1.38,100,Full_Charge_Alert
21/04/2026,13:02:51,29.849802,16.56,15.2,0.494,8.18064,19.25,25,10.6,6.6,8.994683673,Normal,1.36,100,Full_Charge_Alert
21/04/2026,13:03:06,29.849806,16.55,15.2,0.481,7.96055,19.25,25,10.6,6.9,5.830281986,Normal,1.35,100,Full_Charge_Alert
21/04/2026,13:03:21,29.849806,16.54,15.2,0.51,8.4354,19.24,25,10.6,6.9,13.06302037,Normal,1.34,100,Full_Charge_Alert
21/04/2026,13:03:36,29.849804,16.54,15.2,0.479,7.92266,19.23,25,10.6,7,6.661762611,Normal,1.34,100,Full_Charge_Alert
21/04/2026,13:03:51,29.849806,16.53,15.2,0.512,8.46336,19.23,25,10.6,7.1,6.479990849,Normal,1.33,100,Full_Charge_Alert
21/04/2026,13:04:06,29.84981,16.54,15.2,0.491,8.12114,19.22,25,10.6,7,5.805127708,Normal,1.34,100,Full_Charge_Alert
21/04/2026,13:04:21,29.849813,16.54,15.2,0.46,7.6084,19.22,25,10.6,7.1,14.01331391,Normal,1.34,100,Full_Charge_Alert
21/04/2026,13:04:36,29.84981,16.53,15.2,0.488,8.06664,19.21,25,10.6,7.1,12.69663232,Normal,1.33,100,Full_Charge_Alert
21/04/2026,13:04:51,29.849808,16.52,15.2,0.497,8.21044,19.2,25,10.6,7.1,10.09562885,Normal,1.32,100,Full_Charge_Alert
21/04/2026,13:05:06,29.849806,16.53,15.2,0.494,8.16582,19.2,25,10.6,7.2,7.676963331,Normal,1.33,100,Full_Charge_Alert
21/04/2026,13:05:21,29.849808,16.54,15.2,0.473,7.82342,19.19,25,10.6,7.1,14.96251237,Normal,1.34,100,Full_Charge_Alert
21/04/2026,13:05:36,29.849808,16.56,15.2,0.504,8.34624,19.19,25,10.6,6.8,9.620328659,Normal,1.36,100,Full_Charge_Alert
21/04/2026,13:05:51,29.84981,16.55,15.2,0.52,8.606,19.18,25,10.5,6.6,11.3528102,Normal,1.35,100,Full_Charge_Alert
21/04/2026,13:06:06,29.849813,16.56,15.2,0.494,8.18064,19.17,25,10.5,6.4,5.838894957,Normal,1.36,100,Full_Charge_Alert
21/04/2026,13:06:21,29.849815,16.56,15.2,0.49,8.1144,19.17,25,10.5,6.3,8.740070371,Normal,1.36,100,Full_Charge_Alert
21/04/2026,13:06:36,29.849815,16.58,15.2,0.524,8.68792,19.16,25,10.5,6.3,12.23725126,Normal,1.38,100,Full_Charge_Alert
21/04/2026,13:06:51,29.849819,16.59,15.2,0.532,8.82588,19.16,25,10.5,6.3,9.330761993,Normal,1.39,100,Full_Charge_Alert
21/04/2026,13:07:06,29.849821,16.65,15.2,0.549,9.14085,19.15,25,10.5,6.3,5.732371304,Normal,1.45,100,Full_Charge_Alert
21/04/2026,13:07:21,29.849823,16.64,15.2,0.541,9.00224,19.14,25,10.5,6.4,10.73179817,Normal,1.44,100,Full_Charge_Alert
21/04/2026,13:07:36,29.849821,16.65,15.2,0.543,9.04095,19.14,25,10.5,6.5,10.41731519,Normal,1.45,100,Full_Charge_Alert
21/04/2026,13:07:51,29.849821,16.64,15.2,0.536,8.91904,19.13,25,10.5,6.3,5.729170919,Normal,1.44,100,Full_Charge_Alert
21/04/2026,13:08:06,29.849825,16.67,15.2,0.538,8.96846,19.12,25,10.5,6.2,14.83089618,Normal,1.47,100,Full_Charge_Alert
21/04/2026,13:08:21,29.849829,16.68,15.2,0.523,8.72364,19.12,25,10.5,6.1,11.70367908,Normal,1.48,100,Full_Charge_Alert
21/04/2026,13:08:36,29.849831,16.67,15.2,0.522,8.70174,19.11,25,10.5,6.1,6.608087733,Normal,1.47,100,Full_Charge_Alert
21/04/2026,13:08:51,29.849833,16.73,15.2,0.53,8.8669,19.1,25,10.5,6.1,7.512108064,Normal,1.53,100,Full_Charge_Alert
21/04/2026,13:09:06,29.849833,16.74,15.2,0.54,9.0396,19.1,25,10.5,6.2,14.97824338,Normal,1.54,100,Full_Charge_Alert
21/04/2026,13:09:21,29.849836,16.79,15.2,0.509,8.54611,19.09,25,10.5,6.3,5.957412937,Normal,1.59,100,Full_Charge_Alert
21/04/2026,13:09:36,29.849834,16.75,15.2,0.524,8.777,19.08,25,10.5,6.4,12.93257919,Normal,1.55,100,Full_Charge_Alert
21/04/2026,13:09:51,29.849829,16.74,15.2,0.514,8.60436,19.08,25,10.5,6.3,6.204419937,Normal,1.54,100,Full_Charge_Alert
21/04/2026,13:10:06,29.849827,16.74,15.2,0.506,8.47044,19.07,25,10.5,6.2,8.521102096,Normal,1.54,100,Full_Charge_Alert
21/04/2026,13:10:21,29.849825,16.77,15.2,0.51,8.5527,19.07,25,10.5,6.2,11.07217829,Normal,1.57,100,Full_Charge_Alert
21/04/2026,13:10:36,29.849825,16.63,15.2,0.508,8.44804,19.06,25,10.5,6.1,12.31468684,Normal,1.43,100,Full_Charge_Alert
21/04/2026,13:10:51,29.849825,16.65,15.2,0.54,8.991,19.05,25,10.5,6.2,8.673938498,Normal,1.45,100,Full_Charge_Alert
21/04/2026,13:11:06,29.849827,16.67,15.2,0.523,8.71841,19.05,25,10.5,6.3,10.29064045,Normal,1.47,100,Full_Charge_Alert
21/04/2026,13:11:21,29.849825,16.65,15.2,0.496,8.2584,19.04,25,10.5,6.3,14.59380607,Normal,1.45,100,Full_Charge_Alert
21/04/2026,13:11:36,29.849823,16.64,15.2,0.504,8.38656,19.03,25,10.5,6.2,9.520704753,Normal,1.44,100,Full_Charge_Alert
21/04/2026,13:11:51,29.849817,16.65,15.2,0.512,8.5248,19.03,25,10.5,6.1,7.204006488,Normal,1.45,100,Full_Charge_Alert
21/04/2026,13:12:06,29.849813,16.63,15.2,0.515,8.56445,19.02,25,10.5,6,7.485895608,Normal,1.43,100,Full_Charge_Alert
21/04/2026,13:12:21,29.849815,16.64,15.2,0.508,8.45312,19.01,25,10.5,6,11.4992339,Normal,1.44,100,Full_Charge_Alert
21/04/2026,13:12:36,29.849817,16.64,15.2,0.521,8.66944,19,25,10.5,6,9.131433608,Normal,1.44,100,Full_Charge_Alert
21/04/2026,13:12:51,29.849819,16.64,15.2,0.509,8.46976,19,25,10.4,6.1,11.73001042,Normal,1.44,100,Full_Charge_Alert
21/04/2026,13:13:06,29.849821,16.66,15.2,0.55,9.163,18.99,25,10.4,6.2,8.852820756,Normal,1.46,100,Full_Charge_Alert
21/04/2026,13:13:21,29.849823,16.65,15.2,0.525,8.74125,18.98,25,10.4,6.2,12.34816969,Normal,1.45,100,Full_Charge_Alert
21/04/2026,13:13:36,29.849823,16.65,15.2,0.512,8.5248,18.98,25,10.4,6.1,8.900193192,Normal,1.45,100,Full_Charge_Alert
21/04/2026,13:13:51,29.849823,16.66,15.2,0.517,8.61322,18.97,25,10.4,6.1,10.98955916,Normal,1.46,100,Full_Charge_Alert
21/04/2026,13:14:06,29.849823,16.68,15.2,0.54,9.0072,18.96,25,10.4,6.2,9.578491691,Normal,1.48,100,Full_Charge_Alert
21/04/2026,13:14:21,29.849825,16.68,15.2,0.501,8.35668,18.96,25,10.4,6.2,13.50786257,Normal,1.48,100,Full_Charge_Alert
21/04/2026,13:14:36,29.849827,16.67,15.2,0.512,8.53504,18.95,25,10.4,6.1,7.443588087,Normal,1.47,100,Full_Charge_Alert
21/04/2026,13:14:51,29.849829,16.67,15.2,0.51,8.5017,18.94,25,10.4,6.2,14.58149476,Normal,1.47,100,Full_Charge_Alert
21/04/2026,13:15:06,29.849831,16.68,15.2,0.527,8.79036,18.94,25,10.4,6.2,6.366251734,Normal,1.48,100,Full_Charge_Alert
21/04/2026,13:15:21,29.849827,16.69,15.2,0.506,8.44514,18.93,25,10.4,6.2,11.52165166,Normal,1.49,100,Full_Charge_Alert
21/04/2026,13:15:36,29.849827,16.69,15.2,0.508,8.47852,18.92,25,10.4,6.2,12.27484231,Normal,1.49,100,Full_Charge_Alert
21/04/2026,13:15:51,29.849827,16.69,15.2,0.517,8.62873,18.91,25,10.4,6.3,6.655594431,Normal,1.49,100,Full_Charge_Alert
21/04/2026,13:16:06,29.849833,16.69,15.2,0.513,8.56197,18.91,25,10.4,6.3,5.715315373,Normal,1.49,100,Full_Charge_Alert
21/04/2026,13:16:21,29.849833,16.75,15.2,0.511,8.55925,18.9,25,10.4,6.3,12.35770835,Normal,1.55,100,Full_Charge_Alert
21/04/2026,13:16:36,29.849831,16.72,15.2,0.514,8.59408,18.89,25,10.4,6.2,5.954417048,Normal,1.52,100,Full_Charge_Alert
21/04/2026,13:16:51,29.849833,16.72,15.2,0.512,8.56064,18.89,25,10.4,6.3,11.6271309,Normal,1.52,100,Full_Charge_Alert
21/04/2026,13:17:06,29.849833,16.73,15.2,0.496,8.29808,18.88,25,10.4,6.2,12.67607943,Normal,1.53,100,Full_Charge_Alert
21/04/2026,13:17:21,29.849831,16.73,15.2,0.521,8.71633,18.87,25,10.4,6.2,10.29052976,Normal,1.53,100,Full_Charge_Alert
21/04/2026,13:17:36,29.849833,16.74,15.2,0.507,8.48718,18.86,25,10.4,6.2,14.60135527,Normal,1.54,100,Full_Charge_Alert
21/04/2026,13:17:51,29.849833,16.76,15.2,0.509,8.53084,18.86,25,10.4,6.2,6.19746603,Normal,1.56,100,Full_Charge_Alert
21/04/2026,13:18:06,29.849834,16.75,15.2,0.492,8.241,18.85,25,10.4,6.1,8.72914838,Normal,1.55,100,Full_Charge_Alert
21/04/2026,13:18:21,29.849833,16.67,15.2,0.508,8.46836,18.84,25,10.4,6.1,13.27470326,Normal,1.47,100,Full_Charge_Alert
21/04/2026,13:18:36,29.849834,16.66,15.2,0.507,8.44662,18.84,25,10.4,6.1,5.759677366,Normal,1.46,100,Full_Charge_Alert
21/04/2026,13:18:51,29.849834,16.68,15.2,0.481,8.02308,18.83,25,10.4,6.2,11.49504397,Normal,1.48,100,Full_Charge_Alert
21/04/2026,13:19:06,29.849836,16.68,15.2,0.497,8.28996,18.82,25,10.4,6,9.983563398,Normal,1.48,100,Full_Charge_Alert
21/04/2026,13:19:21,29.849834,16.67,15.2,0.513,8.55171,18.81,25,10.3,6,11.87720713,Normal,1.47,100,Full_Charge_Alert
21/04/2026,13:19:36,29.849833,16.67,15.2,0.478,7.96826,18.81,25,10.3,6.2,14.96176548,Normal,1.47,100,Full_Charge_Alert
21/04/2026,13:19:51,29.849838,16.66,15.2,0.478,7.96348,18.8,25,10.3,6.2,9.604935015,Normal,1.46,100,Full_Charge_Alert
21/04/2026,13:20:06,29.849836,16.69,15.2,0.502,8.37838,18.79,25,10.3,6.2,5.438935779,Normal,1.49,100,Full_Charge_Alert
21/04/2026,13:20:21,29.84984,16.69,15.2,0.502,8.37838,18.78,25,10.3,6.2,9.516338391,Normal,1.49,100,Full_Charge_Alert
21/04/2026,13:20:36,29.849838,16.69,15.2,0.511,8.52859,18.78,25,10.3,6.1,13.34756042,Normal,1.49,100,Full_Charge_Alert
21/04/2026,13:20:51,29.849836,16.69,15.2,0.503,8.39507,18.77,25,10.3,6,6.410137828,Normal,1.49,100,Full_Charge_Alert
21/04/2026,13:21:06,29.849827,16.69,15.2,0.484,8.07796,18.76,25,10.3,6.1,14.27297206,Normal,1.49,100,Full_Charge_Alert
21/04/2026,13:21:21,29.849823,16.69,15.2,0.49,8.1781,18.75,25,10.3,6.1,7.413977419,Normal,1.49,100,Full_Charge_Alert
21/04/2026,13:21:36,29.849825,16.7,15.2,0.494,8.2498,18.75,25,10.3,6.2,13.28847191,Normal,1.5,100,Full_Charge_Alert
21/04/2026,13:21:51,29.849823,16.66,15.2,0.492,8.19672,18.74,25,10.3,6.1,12.50655087,Normal,1.46,100,Full_Charge_Alert
21/04/2026,13:22:06,29.849827,16.67,15.2,0.481,8.01827,18.73,25,10.3,6,10.97202476,Normal,1.47,100,Full_Charge_Alert
21/04/2026,13:22:21,29.849829,16.66,15.2,0.49,8.1634,18.72,25,10.3,6,12.74303505,Normal,1.46,100,Full_Charge_Alert
21/04/2026,13:22:36,29.849831,16.67,15.2,0.486,8.10162,18.72,25,10.3,5.9,7.44371403,Normal,1.47,100,Full_Charge_Alert
21/04/2026,13:22:51,29.849829,16.66,15.2,0.471,7.84686,18.71,25,10.3,5.9,6.80039465,Normal,1.46,100,Full_Charge_Alert
21/04/2026,13:23:06,29.849831,16.66,15.2,0.515,8.5799,18.7,25,10.3,6,10.85868708,Normal,1.46,100,Full_Charge_Alert
21/04/2026,13:23:21,29.849827,16.67,15.2,0.496,8.26832,18.69,25,10.3,6,5.10849521,Normal,1.47,100,Full_Charge_Alert
21/04/2026,13:23:36,29.849829,16.68,15.2,0.504,8.40672,18.68,25,10.3,5.9,11.73719492,Normal,1.48,100,Full_Charge_Alert
21/04/2026,13:23:51,29.849834,16.68,15.2,0.476,7.93968,18.68,25,10.3,5.8,12.01379211,Normal,1.48,100,Full_Charge_Alert
21/04/2026,13:24:06,29.849831,16.68,15.2,0.483,8.05644,18.67,25,10.3,5.8,14.22737645,Normal,1.48,100,Full_Charge_Alert
21/04/2026,13:24:21,29.849825,16.68,15.2,0.487,8.12316,18.66,25,10.3,5.8,10.88047167,Normal,1.48,100,Full_Charge_Alert
21/04/2026,13:24:36,29.849827,16.69,15.2,0.503,8.39507,18.65,25,10.3,5.8,6.636136836,Normal,1.49,100,Full_Charge_Alert
21/04/2026,13:24:51,29.849825,16.67,15.2,0.505,8.41835,18.64,25,10.3,5.8,13.70554281,Normal,1.47,100,Full_Charge_Alert
21/04/2026,13:25:06,29.849833,16.67,15.2,0.515,8.58505,18.64,25,10.3,5.9,13.29107511,Normal,1.47,100,Full_Charge_Alert
21/04/2026,13:25:21,29.849836,16.67,15.2,0.527,8.78509,18.63,25,10.2,6,7.686056333,Normal,1.47,100,Full_Charge_Alert
21/04/2026,13:25:36,29.849834,16.66,15.2,0.468,7.79688,18.62,25,10.2,6,11.18465315,Normal,1.46,100,Full_Charge_Alert
21/04/2026,13:25:51,29.849833,16.67,15.2,0.493,8.21831,18.61,25,10.2,6.1,12.21515416,Normal,1.47,100,Full_Charge_Alert
21/04/2026,13:26:06,29.849836,16.66,15.2,0.524,8.72984,18.61,25,10.2,6.1,10.81077488,Normal,1.46,100,Full_Charge_Alert
21/04/2026,13:26:21,29.84984,16.65,15.2,0.495,8.24175,18.6,25,10.2,6.1,6.239866005,Normal,1.45,100,Full_Charge_Alert
21/04/2026,13:26:36,29.849846,16.66,15.2,0.51,8.4966,18.59,25,10.2,6.1,5.979176759,Normal,1.46,100,Full_Charge_Alert
21/04/2026,13:26:51,29.849844,16.67,15.2,0.489,8.15163,18.58,25,10.2,6.1,10.78886907,Normal,1.47,100,Full_Charge_Alert
21/04/2026,13:27:06,29.849834,16.67,15.2,0.51,8.5017,18.57,25,10.2,6,9.588638766,Normal,1.47,100,Full_Charge_Alert
21/04/2026,13:27:21,29.849834,16.66,15.2,0.49,8.1634,18.56,25,10.2,5.8,11.95673873,Normal,1.46,100,Full_Charge_Alert
21/04/2026,13:27:36,29.849834,16.68,15.2,0.494,8.23992,18.56,25,10.2,5.7,5.514017099,Normal,1.48,100,Full_Charge_Alert
21/04/2026,13:27:51,29.849836,16.68,15.2,0.522,8.70696,18.55,25,10.2,5.6,5.943921114,Normal,1.48,100,Full_Charge_Alert
21/04/2026,13:28:06,29.849833,16.7,15.2,0.508,8.4836,18.54,25,10.2,5.4,13.1542479,Normal,1.5,100,Full_Charge_Alert
21/04/2026,13:28:21,29.849825,16.7,15.2,0.506,8.4502,18.53,25,10.2,5.3,14.97085519,Normal,1.5,100,Full_Charge_Alert
21/04/2026,13:28:36,29.849817,16.69,15.2,0.518,8.64542,18.52,25,10.2,5.2,10.68949582,Normal,1.49,100,Full_Charge_Alert
21/04/2026,13:28:51,29.849817,16.7,15.2,0.495,8.2665,18.52,25,10.2,5.1,11.10697588,Normal,1.5,100,Full_Charge_Alert
21/04/2026,13:29:06,29.849819,16.69,15.2,0.491,8.19479,18.51,25,10.2,5,9.059125105,Normal,1.49,100,Full_Charge_Alert
21/04/2026,13:29:21,29.849825,16.68,15.2,0.5,8.34,18.5,25,10.2,5.1,7.518992614,Normal,1.48,100,Full_Charge_Alert
21/04/2026,13:29:36,29.849821,16.68,15.2,0.5,8.34,18.49,25,10.2,5.1,11.2912636,Normal,1.48,100,Full_Charge_Alert
21/04/2026,13:29:51,29.849821,16.68,15.2,0.489,8.15652,18.48,25,10.2,5.2,13.58983897,Normal,1.48,100,Full_Charge_Alert
21/04/2026,13:30:06,29.849823,16.68,15.2,0.508,8.47344,18.47,25,10.2,5,8.098642847,Normal,1.48,100,Full_Charge_Alert
21/04/2026,13:30:21,29.849831,16.7,15.2,0.5,8.35,18.47,25,10.2,4.9,9.63951298,Normal,1.5,100,Full_Charge_Alert
21/04/2026,13:30:36,29.849829,16.74,15.2,0.508,8.50392,18.46,25,10.2,4.9,10.4452904,Normal,1.54,100,Full_Charge_Alert
21/04/2026,13:30:51,29.849825,16.72,15.2,0.511,8.54392,18.45,25,10.1,5,14.18197759,Normal,1.52,100,Full_Charge_Alert
21/04/2026,13:31:06,29.849823,16.73,15.2,0.515,8.61595,18.44,25,10.1,5,12.35052808,Normal,1.53,100,Full_Charge_Alert
21/04/2026,13:31:21,29.849821,16.74,15.2,0.478,8.00172,18.43,25,10.1,5.1,12.72111401,Normal,1.54,100,Full_Charge_Alert
21/04/2026,13:31:36,29.849823,16.73,15.2,0.502,8.39846,18.42,25,10.1,5.1,8.48163428,Normal,1.53,100,Full_Charge_Alert
21/04/2026,13:31:51,29.849827,16.72,15.2,0.506,8.46032,18.42,25,10.1,5,9.057742172,Normal,1.52,100,Full_Charge_Alert
21/04/2026,13:32:06,29.849821,16.73,15.2,0.491,8.21443,18.41,25,10.1,4.9,6.909372129,Normal,1.53,100,Full_Charge_Alert
21/04/2026,13:32:21,29.849825,16.74,15.2,0.499,8.35326,18.4,25,10.1,4.9,14.02467905,Normal,1.54,100,Full_Charge_Alert
21/04/2026,13:32:36,29.849819,16.74,15.2,0.479,8.01846,18.39,25,10.1,4.9,13.25213576,Normal,1.54,100,Full_Charge_Alert
21/04/2026,13:32:51,29.849815,16.75,15.2,0.495,8.29125,18.38,25,10.1,4.9,6.203121901,Normal,1.55,100,Full_Charge_Alert
21/04/2026,13:33:06,29.849813,16.73,15.2,0.504,8.43192,18.37,25,10.1,5,7.726375432,Normal,1.53,100,Full_Charge_Alert
21/04/2026,13:33:21,29.849813,16.73,15.2,0.504,8.43192,18.36,25,10.1,5,9.686732953,Normal,1.53,100,Full_Charge_Alert
21/04/2026,13:33:36,29.849813,16.71,15.2,0.471,7.87041,18.36,25,10.1,4.9,11.77563998,Normal,1.51,100,Full_Charge_Alert
21/04/2026,13:33:51,29.849821,16.72,15.2,0.484,8.09248,18.35,25,10.1,4.8,5.074423592,Normal,1.52,100,Full_Charge_Alert
21/04/2026,13:34:06,29.849815,16.69,15.2,0.502,8.37838,18.34,25,10.1,4.7,12.44590918,Normal,1.49,100,Full_Charge_Alert
21/04/2026,13:34:21,29.849812,16.72,15.2,0.465,7.7748,18.33,25,10.1,4.7,5.462481189,Normal,1.52,100,Full_Charge_Alert
21/04/2026,13:34:36,29.849804,16.7,15.2,0.472,7.8824,18.32,25,10.1,4.8,5.077582626,Normal,1.5,100,Full_Charge_Alert
21/04/2026,13:34:51,29.849794,16.7,15.2,0.474,7.9158,18.31,25,10.1,4.9,9.841384924,Normal,1.5,100,Full_Charge_Alert
21/04/2026,13:35:06,29.849802,16.7,15.2,0.463,7.7321,18.3,25,10.1,5,8.701082843,Normal,1.5,100,Full_Charge_Alert
21/04/2026,13:35:21,29.84981,16.72,15.2,0.498,8.32656,18.29,25,10.1,5.1,10.92923796,Normal,1.52,100,Full_Charge_Alert
21/04/2026,13:35:36,29.849813,16.73,15.2,0.49,8.1977,18.29,25,10.1,5.2,6.183447376,Normal,1.53,100,Full_Charge_Alert
21/04/2026,13:35:51,29.849798,16.74,15.2,0.467,7.81758,18.28,25,10.1,5.4,11.82371534,Normal,1.54,100,Full_Charge_Alert
21/04/2026,13:36:06,29.849796,16.76,15.2,0.503,8.43028,18.27,25,10,5.5,13.23488596,Normal,1.56,100,Full_Charge_Alert
21/04/2026,13:36:21,29.849804,16.75,15.2,0.485,8.12375,18.26,25,10,5.6,11.89581192,Normal,1.55,100,Full_Charge_Alert
21/04/2026,13:36:36,29.849806,16.75,15.2,0.485,8.12375,18.25,25,10,5.7,12.64805288,Normal,1.55,100,Full_Charge_Alert
21/04/2026,13:36:51,29.849812,16.76,15.2,0.498,8.34648,18.24,25,10,5.7,11.32553323,Normal,1.56,100,Full_Charge_Alert
21/04/2026,13:37:06,29.849819,16.76,15.2,0.494,8.27944,18.23,25,10,5.7,12.83129376,Normal,1.56,100,Full_Charge_Alert
21/04/2026,13:37:21,29.849813,16.75,15.2,0.491,8.22425,18.22,25,10,5.8,12.33198341,Normal,1.55,100,Full_Charge_Alert
21/04/2026,13:37:36,29.84981,16.74,15.2,0.502,8.40348,18.21,25,10,5.8,6.35913037,Normal,1.54,100,Full_Charge_Alert
21/04/2026,13:37:51,29.849817,16.74,15.2,0.484,8.10216,18.2,25,10,5.8,11.84659021,Normal,1.54,100,Full_Charge_Alert
21/04/2026,13:38:06,29.849817,16.74,15.2,0.471,7.88454,18.2,25,10,5.9,13.26751204,Normal,1.54,100,Full_Charge_Alert
21/04/2026,13:38:21,29.849812,16.75,15.2,0.485,8.12375,18.19,25,10,5.9,5.237906011,Normal,1.55,100,Full_Charge_Alert
21/04/2026,13:38:36,29.849825,16.74,15.2,0.491,8.21934,18.18,25,10,5.9,10.84539392,Normal,1.54,100,Full_Charge_Alert
21/04/2026,13:38:51,29.849827,16.74,15.2,0.483,8.08542,18.17,25,10,6,13.52592311,Normal,1.54,100,Full_Charge_Alert
21/04/2026,13:39:06,29.849825,16.77,15.2,0.475,7.96575,18.16,25,10,6,9.892407248,Normal,1.57,100,Full_Charge_Alert
21/04/2026,13:39:21,29.849829,16.77,15.2,0.49,8.2173,18.15,25,10,6,7.113005513,Normal,1.57,100,Full_Charge_Alert
21/04/2026,13:39:36,29.849823,16.76,15.2,0.485,8.1286,18.14,25,10,6,12.78386422,Normal,1.56,100,Full_Charge_Alert
21/04/2026,13:39:51,29.849817,16.76,15.2,0.488,8.17888,18.13,25,10,6,10.93027546,Normal,1.56,100,Full_Charge_Alert
21/04/2026,13:40:06,29.84981,16.76,15.2,0.471,7.89396,18.12,25,10,5.9,9.176129708,Normal,1.56,100,Full_Charge_Alert
21/04/2026,13:40:21,29.849812,16.76,15.2,0.493,8.26268,18.11,25,10,5.9,8.651422759,Normal,1.56,100,Full_Charge_Alert
21/04/2026,13:40:36,29.849802,16.75,15.2,0.473,7.92275,18.1,25,10,6,5.84288585,Normal,1.55,100,Full_Charge_Alert
21/04/2026,13:40:51,29.8498,16.76,15.2,0.461,7.72636,18.09,25,10,6,11.37235673,Normal,1.56,100,Full_Charge_Alert
21/04/2026,13:41:06,29.849796,16.78,15.2,0.486,8.15508,18.09,25,9.9,6,11.04280842,Normal,1.58,100,Full_Charge_Alert
21/04/2026,13:41:21,29.849796,16.77,15.2,0.484,8.11668,18.08,25,9.9,6,10.22446304,Normal,1.57,100,Full_Charge_Alert
21/04/2026,13:41:36,29.849794,16.78,15.2,0.505,8.4739,18.07,25,9.9,6,11.75656775,Normal,1.58,100,Full_Charge_Alert
21/04/2026,13:41:51,29.849794,16.77,15.2,0.499,8.36823,18.06,25,9.9,6,8.346458362,Normal,1.57,100,Full_Charge_Alert
21/04/2026,13:42:06,29.849798,16.75,15.2,0.462,7.7385,18.05,25,9.9,5.9,14.22590893,Normal,1.55,100,Full_Charge_Alert
21/04/2026,13:42:21,29.849804,16.74,15.2,0.451,7.54974,18.04,25,9.9,5.9,11.29469636,Normal,1.54,100,Full_Charge_Alert
21/04/2026,13:42:36,29.84981,16.75,15.2,0.475,7.95625,18.03,25,9.9,5.9,5.567271641,Normal,1.55,100,Full_Charge_Alert
21/04/2026,13:42:51,29.849815,16.73,15.2,0.471,7.87983,18.02,25,9.9,5.9,11.34900409,Normal,1.53,100,Full_Charge_Alert
21/04/2026,13:43:06,29.849819,16.73,15.2,0.452,7.56196,18.01,25,9.9,5.9,5.984985593,Normal,1.53,100,Full_Charge_Alert
21/04/2026,13:43:21,29.849815,16.69,15.2,0.454,7.57726,18,25,9.9,5.9,6.758063908,Normal,1.49,100,Full_Charge_Alert
21/04/2026,13:43:36,29.849812,16.7,15.2,0.45,7.515,17.99,25,9.9,5.8,9.034944755,Normal,1.5,100,Full_Charge_Alert
21/04/2026,13:43:51,29.84981,16.71,15.2,0.468,7.82028,17.98,25,9.9,5.8,10.31324449,Normal,1.51,100,Full_Charge_Alert
21/04/2026,13:44:06,29.849806,16.7,15.2,0.47,7.849,17.97,25,9.9,5.9,14.37454557,Normal,1.5,100,Full_Charge_Alert
21/04/2026,13:44:21,29.84981,16.72,15.2,0.491,8.20952,17.96,25,9.9,5.9,13.49933224,Normal,1.52,100,Full_Charge_Alert
21/04/2026,13:44:36,29.8498,16.72,15.2,0.493,8.24296,17.95,25,9.9,5.9,5.081480767,Normal,1.52,100,Full_Charge_Alert
21/04/2026,13:44:51,29.8498,16.72,15.2,0.456,7.62432,17.94,25,9.9,5.9,7.745607509,Normal,1.52,100,Full_Charge_Alert
21/04/2026,13:45:06,29.849808,16.71,15.2,0.436,7.28556,17.93,25,9.9,5.9,10.59931761,Normal,1.51,100,Full_Charge_Alert
21/04/2026,13:45:21,29.849808,16.71,15.2,0.476,7.95396,17.92,25,9.9,5.9,5.515046427,Normal,1.51,100,Full_Charge_Alert
21/04/2026,13:45:36,29.849802,16.73,15.2,0.47,7.8631,17.91,25,9.9,5.9,8.722066789,Normal,1.53,100,Full_Charge_Alert
21/04/2026,13:45:51,29.849802,16.72,15.2,0.467,7.80824,17.9,25,9.8,5.9,7.903566365,Normal,1.52,100,Full_Charge_Alert
21/04/2026,13:46:06,29.849796,16.74,15.2,0.457,7.65018,17.89,25,9.8,5.8,9.588027408,Normal,1.54,100,Full_Charge_Alert
21/04/2026,13:46:21,29.849794,16.73,15.2,0.494,8.26462,17.89,25,9.8,5.8,11.40626056,Normal,1.53,100,Full_Charge_Alert
21/04/2026,13:46:36,29.849794,16.75,15.2,0.486,8.1405,17.88,25,9.8,5.8,9.465729286,Normal,1.55,100,Full_Charge_Alert
21/04/2026,13:46:51,29.849791,16.74,15.2,0.439,7.34886,17.87,25,9.8,5.8,6.000412581,Normal,1.54,100,Full_Charge_Alert
21/04/2026,13:47:06,29.849787,16.74,15.2,0.469,7.85106,17.86,25,9.8,5.8,14.62862793,Normal,1.54,100,Full_Charge_Alert
21/04/2026,13:47:21,29.849773,16.74,15.2,0.476,7.96824,17.85,25,9.8,5.8,6.494244569,Normal,1.54,100,Full_Charge_Alert
21/04/2026,13:47:36,29.849768,16.74,15.2,0.471,7.88454,17.84,25,9.8,5.8,12.80884155,Normal,1.54,100,Full_Charge_Alert
21/04/2026,13:47:51,29.84977,16.72,15.2,0.457,7.64104,17.83,25,9.8,5.8,6.25086286,Normal,1.52,100,Full_Charge_Alert
21/04/2026,13:48:06,29.849773,16.74,15.2,0.463,7.75062,17.82,25,9.8,5.8,8.284124219,Normal,1.54,100,Full_Charge_Alert
21/04/2026,13:48:21,29.849777,16.74,15.2,0.47,7.8678,17.81,25,9.8,5.8,5.114967279,Normal,1.54,100,Full_Charge_Alert
21/04/2026,13:48:36,29.849789,16.73,15.2,0.483,8.08059,17.8,25,9.8,5.8,5.734090851,Normal,1.53,100,Full_Charge_Alert
21/04/2026,13:48:51,29.849794,16.73,15.2,0.446,7.46158,17.79,25,9.8,5.8,9.162205343,Normal,1.53,100,Full_Charge_Alert
21/04/2026,13:49:06,29.849796,16.74,15.2,0.468,7.83432,17.78,25,9.8,5.8,8.9669157,Normal,1.54,100,Full_Charge_Alert
21/04/2026,13:49:21,29.849794,16.73,15.2,0.458,7.66234,17.77,25,9.8,5.8,10.19571992,Normal,1.53,100,Full_Charge_Alert
21/04/2026,13:49:36,29.849794,16.73,15.2,0.451,7.54523,17.76,25,9.8,5.8,13.46481884,Normal,1.53,100,Full_Charge_Alert
21/04/2026,13:49:51,29.849794,16.73,15.2,0.459,7.67907,17.75,25,9.8,5.8,12.66605793,Normal,1.53,100,Full_Charge_Alert
21/04/2026,13:50:06,29.849781,16.74,15.2,0.472,7.90128,17.74,25,9.8,5.8,5.021720844,Normal,1.54,100,Full_Charge_Alert
21/04/2026,13:50:21,29.849773,16.74,15.2,0.464,7.76736,17.73,25,9.7,5.8,12.63832795,Normal,1.54,100,Full_Charge_Alert
21/04/2026,13:50:36,29.84977,16.75,15.2,0.457,7.65475,17.72,25,9.7,5.8,11.68287584,Normal,1.55,100,Full_Charge_Alert
21/04/2026,13:50:51,29.84977,16.71,15.2,0.466,7.78686,17.71,25,9.7,5.8,11.8162029,Normal,1.51,100,Full_Charge_Alert
21/04/2026,13:51:06,29.849766,16.73,15.2,0.445,7.44485,17.7,25,9.7,5.7,6.873469098,Normal,1.53,100,Full_Charge_Alert
21/04/2026,13:51:21,29.849768,16.74,15.2,0.471,7.88454,17.69,25,9.7,5.8,7.524148809,Normal,1.54,100,Full_Charge_Alert
21/04/2026,13:51:36,29.849779,16.74,15.2,0.467,7.81758,17.68,25,9.7,5.8,6.190609878,Normal,1.54,100,Full_Charge_Alert
21/04/2026,13:51:51,29.849787,16.74,15.2,0.441,7.38234,17.67,25,9.7,5.8,7.91018629,Normal,1.54,100,Full_Charge_Alert
21/04/2026,13:52:06,29.849791,16.73,15.2,0.469,7.84637,17.65,25,9.7,5.8,5.711376287,Normal,1.53,100,Full_Charge_Alert
21/04/2026,13:52:21,29.849789,16.74,15.2,0.474,7.93476,17.64,25,9.7,5.8,5.64000115,Normal,1.54,100,Full_Charge_Alert
21/04/2026,13:52:36,29.849791,16.74,15.2,0.487,8.15238,17.63,25,9.7,5.8,13.99951922,Normal,1.54,100,Full_Charge_Alert
21/04/2026,13:52:51,29.849791,16.72,15.2,0.48,8.0256,17.62,25,9.7,5.7,9.617206831,Normal,1.52,100,Full_Charge_Alert
21/04/2026,13:53:06,29.849787,16.74,15.2,0.458,7.66692,17.61,25,9.7,5.7,14.43209709,Normal,1.54,100,Full_Charge_Alert
21/04/2026,13:53:21,29.849781,16.73,15.2,0.474,7.93002,17.6,25,9.7,5.7,6.442674186,Normal,1.53,100,Full_Charge_Alert
21/04/2026,13:53:36,29.849791,16.72,15.2,0.465,7.7748,17.59,25,9.7,5.7,10.36999166,Normal,1.52,100,Full_Charge_Alert
21/04/2026,13:53:51,29.849787,16.73,15.2,0.47,7.8631,17.58,25,9.7,5.7,12.24543902,Normal,1.53,100,Full_Charge_Alert
21/04/2026,13:54:06,29.849785,16.74,15.2,0.462,7.73388,17.57,25,9.7,5.7,12.28017896,Normal,1.54,100,Full_Charge_Alert
21/04/2026,13:54:21,29.849787,16.72,15.2,0.469,7.84168,17.56,25,9.7,5.7,6.30283736,Normal,1.52,100,Full_Charge_Alert
21/04/2026,13:54:36,29.849794,16.74,15.2,0.441,7.38234,17.55,25,9.7,5.7,14.31090168,Normal,1.54,100,Full_Charge_Alert
21/04/2026,13:54:51,29.8498,16.73,15.2,0.46,7.6958,17.54,25,9.6,5.7,12.82841435,Normal,1.53,100,Full_Charge_Alert
21/04/2026,13:55:06,29.849802,16.73,15.2,0.476,7.96348,17.53,25,9.6,5.7,7.801601945,Normal,1.53,100,Full_Charge_Alert
21/04/2026,13:55:39,29.8498,16.81,15.2,0.437,7.34597,17.51,25,9.6,5.7,9.444363436,Normal,1.61,100,Full_Charge_Alert
21/04/2026,13:55:54,29.849798,16.81,15.2,0.42,7.0602,17.5,25,9.6,5.7,9.949225419,Normal,1.61,100,Full_Charge_Alert
21/04/2026,13:56:09,29.849792,16.8,15.2,0.432,7.2576,17.49,25,9.6,6.7,14.1,Normal,1.6,100,Full_Charge_Alert
21/04/2026,13:56:24,29.849796,16.81,15.2,0.437,7.34597,17.48,25,9.6,6.7,14,Normal,1.61,100,Full_Charge_Alert
21/04/2026,13:57:06,29.849794,16.74,15.2,0.452,7.56648,17.45,25,9.6,6.7,14,Normal,1.54,100,Full_Charge_Alert
21/04/2026,13:57:21,29.849798,16.74,15.2,0.481,8.05194,17.43,25,9.6,6.8,13.8,Normal,1.54,100,Full_Charge_Alert
21/04/2026,13:57:36,29.849798,16.73,15.2,0.462,7.72926,17.42,25,9.6,6.8,13.8,Normal,1.53,100,Full_Charge_Alert
21/04/2026,13:57:51,29.849796,15.82,15.28,0.424,6.70768,17.41,25,9.6,6.8,13.8,Normal,0.54,100,Full_Charge_Alert
21/04/2026,13:58:06,29.849798,13.99,14.13,0.086,1.20314,17.4,25,9.6,6.7,13,Normal_Equilibrium,-0.14,100,Normal/Charging
21/04/2026,13:58:21,29.849714,13.36,13.41,0.079,1.05544,17.39,25,9.6,6.8,19.2,Normal_Equilibrium,-0.05,96.4,Normal/Charging
21/04/2026,13:58:36,29.8498,13.82,13.4,0.149,2.05918,17.38,25,9.6,6.9,14.6,Normal,0.42,96,Normal/Charging
21/04/2026,13:58:51,29.849789,13.26,13.33,0.086,1.14036,17.37,25,9.6,6.5,9.6,Normal_Equilibrium,-0.07,93.2,Normal/Charging
21/04/2026,13:59:06,29.849798,12.97,13.21,0.175,2.26975,17.36,25,9.5,6.9,14.3,Normal,-0.24,88.4,Normal/Charging
21/04/2026,13:59:21,29.849802,13.46,13.25,0.088,1.18448,17.35,25,9.5,6.8,14.4,Normal_Equilibrium,0.21,90,Normal/Charging
21/04/2026,13:59:36,29.849819,14.73,13.52,0.57,8.3961,17.34,25,9.5,6.7,14.4,Normal,1.21,100,Normal/Charging
21/04/2026,13:59:51,29.849819,13.43,13.39,0,0,17.33,25,9.5,6.7,14,Normal_Equilibrium,0.04,95.6,Normal/Charging
21/04/2026,14:00:06,29.84981,13.26,13.3,0,0,17.32,25,9.5,6.5,10.32815701,Normal_Equilibrium,-0.04,92,Normal/Charging
21/04/2026,14:00:21,29.849808,13.13,13.24,0,0,17.31,25,9.5,5,26,Normal_Equilibrium,-0.11,89.6,Normal/Charging
21/04/2026,14:00:36,29.84981,13.45,13.25,0.113,1.51985,17.29,25,9.5,5.9,9.114346826,Normal,0.2,90,Normal/Charging
21/04/2026,14:00:51,29.849808,13.35,13.27,0,0,17.28,25,9.5,1.2,0,Normal_Equilibrium,0.08,90.8,Normal/Charging
21/04/2026,14:01:06,29.849808,16.25,15.2,0.458,7.4425,17.27,25,9.5,8.4,17,Normal,1.05,100,Full_Charge_Alert
21/04/2026,14:01:21,29.84981,16.53,15.2,0.429,7.09137,17.26,25,9.5,8.4,17.5,Normal,1.33,100,Full_Charge_Alert
21/04/2026,14:01:36,29.849806,16.57,15.2,0.436,7.22452,17.25,25,9.5,8.4,17.7,Normal,1.37,100,Full_Charge_Alert
21/04/2026,14:01:51,29.849802,16.63,15.2,0.44,7.3172,17.24,25,9.5,8.4,17.5,Normal,1.43,100,Full_Charge_Alert
21/04/2026,14:02:06,29.849806,16.64,15.2,0.421,7.00544,17.23,25,9.5,8.3,17.6,Normal,1.44,100,Full_Charge_Alert
21/04/2026,14:02:21,29.849813,16.63,15.2,0.416,6.91808,17.22,25,9.5,8.3,17.7,Normal,1.43,100,Full_Charge_Alert
21/04/2026,14:02:36,29.849819,16.66,15.2,0.393,6.54738,17.21,25,9.5,8.1,16.3,Normal,1.46,100,Full_Charge_Alert
21/04/2026,14:02:51,29.849831,16.64,15.2,0.395,6.5728,17.19,25,9.5,8.1,16.2,Normal,1.44,100,Full_Charge_Alert
21/04/2026,14:03:06,29.849836,16.64,15.2,0.404,6.72256,17.18,25,9.5,7.9,13.2,Normal,1.44,100,Full_Charge_Alert
21/04/2026,14:03:21,29.849831,16.67,15.2,0.402,6.70134,17.17,25,9.4,7.8,12.5,Normal,1.47,100,Full_Charge_Alert
21/04/2026,14:03:36,29.849833,16.68,15.2,0.431,7.18908,17.16,25,9.4,7.9,14.2,Normal,1.48,100,Full_Charge_Alert
21/04/2026,14:03:51,29.849829,16.68,15.2,0.413,6.88884,17.15,25,9.4,7.8,12.5,Normal,1.48,100,Full_Charge_Alert
21/04/2026,14:04:06,29.849831,16.69,15.2,0.409,6.82621,17.14,25,9.4,8.3,17.3,Normal,1.49,100,Full_Charge_Alert
21/04/2026,14:04:21,29.849825,16.72,15.2,0.422,7.05584,17.13,25,9.4,8.3,16.9,Normal,1.52,100,Full_Charge_Alert
21/04/2026,14:04:36,29.849817,16.74,15.2,0.444,7.43256,17.12,25,9.4,8.3,17.2,Normal,1.54,100,Full_Charge_Alert
21/04/2026,14:04:51,29.849812,16.72,15.2,0.426,7.12272,17.11,25,9.4,8,13.4,Normal,1.52,100,Full_Charge_Alert
21/04/2026,14:05:06,29.849806,16.71,15.2,0.435,7.26885,17.09,25,9.4,7.9,13.3,Normal,1.51,100,Full_Charge_Alert
21/04/2026,14:05:21,29.849804,16.74,15.2,0.438,7.33212,17.08,25,9.4,7.7,11.4,Normal,1.54,100,Full_Charge_Alert
21/04/2026,14:05:36,29.849808,16.71,15.2,0.413,6.90123,17.07,25,9.4,7.5,9.7,Normal,1.51,100,Full_Charge_Alert
21/04/2026,14:05:51,29.849808,16.74,15.2,0.421,7.04754,17.06,25,9.4,7.4,8.1,Normal,1.54,100,Full_Charge_Alert
21/04/2026,14:06:06,29.849802,16.72,15.2,0.409,6.83848,17.05,25,9.4,7.5,9.8,Normal,1.52,100,Full_Charge_Alert
21/04/2026,14:06:21,29.849804,16.71,15.2,0.403,6.73413,17.04,25,9.4,7.5,10,Normal,1.51,100,Full_Charge_Alert
21/04/2026,14:06:36,29.849808,16.72,15.2,0.408,6.82176,17.03,25,9.4,7.5,10.4,Normal,1.52,100,Full_Charge_Alert
21/04/2026,14:06:51,29.849806,16.7,15.2,0.393,6.5631,17.01,25,9.4,7.5,10,Normal,1.5,100,Full_Charge_Alert
21/04/2026,14:07:06,29.8498,13.27,13.5,0.123,1.63221,17,25,9.4,7.5,10.3,Normal,-0.23,100,Normal/Charging
21/04/2026,14:07:21,29.849792,13.26,13.5,0.154,2.04204,16.99,25,9.3,7.5,10.1,Normal,-0.24,100,Normal/Charging
21/04/2026,14:07:36,29.849791,13.13,13.36,0.145,1.90385,16.98,25,9.3,7.5,9.5,Normal,-0.23,94.4,Normal/Charging
21/04/2026,14:07:51,29.849794,16.55,15.2,0.448,7.4144,16.97,25,9.3,6.6,6.89888207,Normal,1.35,100,Full_Charge_Alert
21/04/2026,14:08:06,29.849806,16.74,15.2,0.463,7.75062,16.96,25,9.3,0.5,0,Normal,1.54,100,Full_Charge_Alert
21/04/2026,14:08:21,29.849812,16.81,15.2,0.466,7.83346,16.94,25,9.3,7.4,0,Normal,1.61,100,Full_Charge_Alert
21/04/2026,14:08:36,29.849813,13.09,13.39,0.183,2.39547,16.93,25,9.3,0.4,0,Normal,-0.3,95.6,Normal/Charging
21/04/2026,14:08:51,29.849821,12.95,13.26,0.207,2.68065,16.92,25,9.3,0,0,Normal,-0.31,90.4,Normal/Charging
21/04/2026,14:09:06,29.849821,12.88,13.19,0.191,2.46008,16.91,25,9.3,0,0,Normal,-0.31,87.6,Normal/Charging
21/04/2026,14:09:21,29.849817,12.83,13.12,0.195,2.50185,16.9,25,9.3,0,0,Normal,-0.29,84.8,Normal/Charging
21/04/2026,14:09:36,29.849812,12.79,13.08,0.184,2.35336,16.89,25,9.3,0,0,Normal,-0.29,83.2,Normal/Charging
21/04/2026,14:09:51,29.84981,12.73,13.06,0.199,2.53327,16.87,25,9.3,0,0,Normal,-0.33,82.4,Normal/Charging
21/04/2026,14:10:06,29.849812,12.72,13.03,0.181,2.30232,16.86,25,9.3,0,0,Normal,-0.31,81.2,Normal/Charging
21/04/2026,14:10:21,29.849823,12.71,13,0.183,2.32593,16.85,25,9.3,0,0,Normal,-0.29,80,Normal/Charging
21/04/2026,14:10:36,29.849827,12.71,12.98,0.204,2.59284,16.84,25,9.3,0,0,Normal,-0.27,79.2,Normal/Charging
21/04/2026,14:10:51,29.849827,12.69,12.97,0.217,2.75373,16.83,25,9.3,0,0,Normal,-0.28,78.8,Normal/Charging
21/04/2026,14:11:06,29.849829,12.66,12.96,0.187,2.36742,16.82,25,9.2,0,0,Normal,-0.3,78.4,Normal/Charging
21/04/2026,14:11:21,29.849829,12.66,12.94,0.196,2.48136,16.8,25,9.2,0,0,Normal,-0.28,77.6,Normal/Charging
21/04/2026,14:11:36,29.849829,12.66,12.92,0.191,2.41806,16.79,25,9.2,0,0,Normal,-0.26,76.8,Normal/Charging
21/04/2026,14:11:51,29.849831,12.65,12.92,0.193,2.44145,16.78,25,9.2,0,0,Normal,-0.27,76.8,Normal/Charging
21/04/2026,14:12:06,29.849825,12.65,12.91,0.183,2.31495,16.77,25,9.2,0,0,Normal,-0.26,76.4,Normal/Charging
21/04/2026,14:12:21,29.849823,12.63,12.9,0.186,2.34918,16.76,25,9.2,0,0,Normal,-0.27,76,Normal/Charging
21/04/2026,14:12:36,29.849827,12.62,12.9,0.194,2.44828,16.74,25,9.2,0,0,Normal,-0.28,76,Normal/Charging
21/04/2026,14:12:51,29.849831,12.61,12.89,0.18,2.2698,16.73,25,9.2,0,0,Normal,-0.28,75.6,Normal/Charging
21/04/2026,14:13:06,29.849829,12.6,12.88,0.183,2.3058,16.72,25,9.2,0,0,Normal,-0.28,75.2,Normal/Charging
21/04/2026,14:13:21,29.849821,12.6,12.88,0.197,2.4822,16.71,25,9.2,0,0,Normal,-0.28,75.2,Normal/Charging
21/04/2026,14:13:36,29.849817,12.59,12.87,0.211,2.65649,16.7,25,9.2,0,0,Normal,-0.28,74.8,Normal/Charging
21/04/2026,14:13:51,29.849812,12.6,12.87,0.189,2.3814,16.68,25,9.2,0,0,Normal,-0.27,74.8,Normal/Charging
21/04/2026,14:14:06,29.849812,12.59,12.87,0.178,2.24102,16.67,25,9.2,0,0,Normal,-0.28,74.8,Normal/Charging
21/04/2026,14:14:21,29.849804,12.6,12.85,0.192,2.4192,16.66,25,9.2,0,0,Normal,-0.25,74,Normal/Charging
21/04/2026,14:14:36,29.849806,12.59,12.86,0.197,2.48023,16.65,25,9.2,0,0,Normal,-0.27,74.4,Normal/Charging
21/04/2026,14:14:51,29.849806,12.64,12.86,0.151,1.90864,16.64,25,9.2,6.1,0,Normal,-0.22,74.4,Normal/Charging
21/04/2026,14:15:06,29.84981,14.55,13.2,0.642,9.3411,16.62,25,9.1,6.2,0,Normal,1.35,88,Normal/Charging
21/04/2026,14:15:21,29.849813,14.89,13.6,0.644,9.58916,16.61,25,9.1,6.1,0,Normal,1.29,100,Normal/Charging
21/04/2026,14:15:36,29.849815,16.13,15.32,0.553,8.91989,16.6,25,9.1,6.1,0,Normal,0.81,100,Full_Charge_Alert
21/04/2026,14:15:51,29.849819,16.69,15.2,0.519,8.66211,16.59,25,9.1,6.1,0,Normal,1.49,100,Full_Charge_Alert
21/04/2026,14:16:06,29.849815,16.79,15.2,0.493,8.27747,16.58,25,9.1,6.1,0,Normal,1.59,100,Full_Charge_Alert
21/04/2026,14:16:21,29.849812,16.84,15.2,0.479,8.06636,16.56,25,9.1,6.1,0,Normal,1.64,100,Full_Charge_Alert
21/04/2026,14:16:36,29.849802,16.87,15.2,0.483,8.14821,16.55,25,9.1,6.1,0,Normal,1.67,100,Full_Charge_Alert
21/04/2026,14:16:51,29.849794,16.89,15.2,0.476,8.03964,16.54,25,9.1,6.1,0,Normal,1.69,100,Full_Charge_Alert
21/04/2026,14:17:06,29.8498,16.88,15.2,0.461,7.78168,16.53,25,9.1,6.1,0,Normal,1.68,100,Full_Charge_Alert
21/04/2026,14:17:21,29.849804,16.9,15.2,0.448,7.5712,16.51,25,9.1,6.1,0,Normal,1.7,100,Full_Charge_Alert
21/04/2026,14:17:36,29.849806,16.9,15.2,0.453,7.6557,16.5,25,9.1,6.1,0,Normal,1.7,100,Full_Charge_Alert
21/04/2026,14:17:51,29.849812,16.89,15.2,0.448,7.56672,16.49,25,9.1,6.1,0,Normal,1.69,100,Full_Charge_Alert
21/04/2026,14:18:06,29.84981,16.89,15.2,0.461,7.78629,16.48,25,9.1,6.1,0,Normal,1.69,100,Full_Charge_Alert
21/04/2026,14:18:21,29.849806,16.9,15.2,0.445,7.5205,16.47,25,9.1,6,0,Normal,1.7,100,Full_Charge_Alert
21/04/2026,14:18:36,29.849808,16.9,15.2,0.463,7.8247,16.45,25,9,6,0,Normal,1.7,100,Full_Charge_Alert
21/04/2026,14:18:51,29.849802,16.9,15.2,0.457,7.7233,16.44,25,9,6,0,Normal,1.7,100,Full_Charge_Alert
21/04/2026,14:19:06,29.849798,16.89,15.2,0.461,7.78629,16.43,25,9,6,0,Normal,1.69,100,Full_Charge_Alert
21/04/2026,14:19:21,29.849802,16.88,15.2,0.45,7.596,16.42,25,9,6,0,Normal,1.68,100,Full_Charge_Alert
21/04/2026,14:19:36,29.849804,16.88,15.2,0.448,7.56224,16.4,25,9,5.9,0,Normal,1.68,100,Full_Charge_Alert
21/04/2026,14:19:51,29.8498,16.87,15.2,0.445,7.50715,16.39,25,9,5.9,0,Normal,1.67,100,Full_Charge_Alert
21/04/2026,14:20:06,29.849792,16.85,15.2,0.449,7.56565,16.38,25,9,5.9,0,Normal,1.65,100,Full_Charge_Alert
21/04/2026,14:20:21,29.849785,16.88,15.2,0.436,7.35968,16.37,25,9,5.9,0,Normal,1.68,100,Full_Charge_Alert
21/04/2026,14:20:36,29.849791,16.87,15.2,0.445,7.50715,16.35,25,9,5.9,0,Normal,1.67,100,Full_Charge_Alert
21/04/2026,14:20:51,29.8498,16.87,15.2,0.47,7.9289,16.34,25,9,5.9,0,Normal,1.67,100,Full_Charge_Alert
21/04/2026,14:21:06,29.849806,16.86,15.2,0.459,7.73874,16.33,25,9,5.9,0,Normal,1.66,100,Full_Charge_Alert
21/04/2026,14:21:21,29.849804,16.87,15.2,0.444,7.49028,16.32,25,9,5.9,0,Normal,1.67,100,Full_Charge_Alert
21/04/2026,14:21:36,29.849806,16.86,15.2,0.425,7.1655,16.3,25,9,5.9,0,Normal,1.66,100,Full_Charge_Alert
21/04/2026,14:21:51,29.849806,16.86,15.2,0.429,7.23294,16.29,25,9,5.9,0,Normal,1.66,100,Full_Charge_Alert
21/04/2026,14:22:06,29.8498,16.84,15.2,0.445,7.4938,16.28,25,9,5.8,0,Normal,1.64,100,Full_Charge_Alert
21/04/2026,14:22:21,29.849794,16.86,15.2,0.425,7.1655,16.26,25,8.9,5.8,0,Normal,1.66,100,Full_Charge_Alert
21/04/2026,14:22:36,29.849787,16.85,15.2,0.423,7.12755,16.25,25,8.9,5.8,0,Normal,1.65,100,Full_Charge_Alert
21/04/2026,14:22:51,29.849789,16.87,15.2,0.412,6.95044,16.24,25,8.9,5.8,0,Normal,1.67,100,Full_Charge_Alert
21/04/2026,14:23:06,29.849792,16.86,15.2,0.423,7.13178,16.23,25,8.9,5.7,0,Normal,1.66,100,Full_Charge_Alert
21/04/2026,14:23:21,29.849796,16.85,15.2,0.422,7.1107,16.21,25,8.9,5.7,0,Normal,1.65,100,Full_Charge_Alert
21/04/2026,14:23:36,29.849798,16.86,15.2,0.428,7.21608,16.2,25,8.9,5.7,0,Normal,1.66,100,Full_Charge_Alert
21/04/2026,14:23:51,29.849796,16.85,15.2,0.468,7.8858,16.19,25,8.9,5.8,0,Normal,1.65,100,Full_Charge_Alert
21/04/2026,14:24:06,29.849794,16.86,15.2,0.411,6.92946,16.18,25,8.9,5.8,0,Normal,1.66,100,Full_Charge_Alert
21/04/2026,14:24:21,29.849787,16.85,15.2,0.422,7.1107,16.16,25,8.9,5.7,0,Normal,1.65,100,Full_Charge_Alert
21/04/2026,14:24:36,29.849777,16.87,15.2,0.443,7.47341,16.15,25,8.9,5.8,0,Normal,1.67,100,Full_Charge_Alert
21/04/2026,14:24:51,29.849775,16.9,15.2,0.43,7.267,16.14,25,8.9,5.7,0,Normal,1.7,100,Full_Charge_Alert
21/04/2026,14:25:06,29.849785,16.9,15.2,0.431,7.2839,16.12,25,8.9,5.8,0,Normal,1.7,100,Full_Charge_Alert
21/04/2026,14:25:21,29.849785,16.89,15.2,0.429,7.24581,16.11,25,8.9,5.7,0,Normal,1.69,100,Full_Charge_Alert
21/04/2026,14:25:36,29.849781,16.9,15.2,0.424,7.1656,16.1,25,8.9,5.7,0,Normal,1.7,100,Full_Charge_Alert
21/04/2026,14:25:51,29.849781,16.9,15.2,0.443,7.4867,16.08,25,8.8,5.7,0,Normal,1.7,100,Full_Charge_Alert
21/04/2026,14:26:06,29.849785,16.9,15.2,0.444,7.5036,16.07,25,8.8,5.7,0,Normal,1.7,100,Full_Charge_Alert
21/04/2026,14:26:21,29.849785,16.9,15.2,0.446,7.5374,16.06,25,8.8,5.7,0,Normal,1.7,100,Full_Charge_Alert
21/04/2026,14:26:36,29.849777,16.91,15.2,0.46,7.7786,16.05,25,8.8,5.7,0,Normal,1.71,100,Full_Charge_Alert
21/04/2026,14:26:51,29.849779,16.93,15.2,0.425,7.19525,16.03,25,8.8,5.7,0,Normal,1.73,100,Full_Charge_Alert
21/04/2026,14:27:06,29.849794,16.91,15.2,0.439,7.42349,16.02,25,8.8,5.7,0,Normal,1.71,100,Full_Charge_Alert
21/04/2026,14:27:21,29.849798,16.93,15.2,0.443,7.49999,16.01,25,8.8,5.7,0,Normal,1.73,100,Full_Charge_Alert
21/04/2026,14:27:36,29.849792,16.94,15.2,0.439,7.43666,15.99,25,8.8,5.7,0,Normal,1.74,100,Full_Charge_Alert
21/04/2026,14:27:51,29.849787,16.93,15.2,0.417,7.05981,15.98,25,8.8,5.7,0,Normal,1.73,100,Full_Charge_Alert
21/04/2026,14:28:06,29.849792,16.9,15.2,0.464,7.8416,15.97,25,8.8,5.7,0,Normal,1.7,100,Full_Charge_Alert
21/04/2026,14:28:21,29.849798,16.92,15.2,0.435,7.3602,15.95,25,8.8,5.7,0,Normal,1.72,100,Full_Charge_Alert
21/04/2026,14:28:36,29.849796,16.92,15.2,0.419,7.08948,15.94,25,8.8,5.7,0,Normal,1.72,100,Full_Charge_Alert
21/04/2026,14:28:51,29.849789,16.91,15.2,0.432,7.30512,15.93,25,8.8,5.7,0,Normal,1.71,100,Full_Charge_Alert
21/04/2026,14:29:06,29.849789,16.91,15.2,0.456,7.71096,15.91,25,8.8,5.7,0,Normal,1.71,100,Full_Charge_Alert
21/04/2026,14:29:21,29.849787,16.94,15.2,0.435,7.3689,15.9,25,8.7,5.7,0,Normal,1.74,100,Full_Charge_Alert
21/04/2026,14:29:36,29.849785,16.89,15.2,0.442,7.46538,15.89,25,8.7,5.6,0,Normal,1.69,100,Full_Charge_Alert
21/04/2026,14:29:51,29.849777,16.87,15.2,0.442,7.45654,15.88,25,8.7,5.6,0,Normal,1.67,100,Full_Charge_Alert
21/04/2026,14:30:06,29.849775,16.86,15.2,0.449,7.57014,15.86,25,8.7,5.6,0,Normal,1.66,100,Full_Charge_Alert
21/04/2026,14:30:21,29.849775,16.87,15.2,0.415,7.00105,15.85,25,8.7,5.6,0,Normal,1.67,100,Full_Charge_Alert
21/04/2026,14:30:36,29.849775,16.88,15.2,0.428,7.22464,15.84,25,8.7,5.6,0,Normal,1.68,100,Full_Charge_Alert
21/04/2026,14:30:51,29.849779,16.89,15.2,0.431,7.27959,15.82,25,8.7,5.6,0,Normal,1.69,100,Full_Charge_Alert
21/04/2026,14:31:06,29.849787,16.89,15.2,0.434,7.33026,15.81,25,8.7,5.6,0,Normal,1.69,100,Full_Charge_Alert
21/04/2026,14:31:21,29.849794,16.89,15.2,0.424,7.16136,15.8,25,8.7,5.6,0,Normal,1.69,100,Full_Charge_Alert
21/04/2026,14:31:36,29.849789,16.93,15.2,0.421,7.12753,15.78,25,8.7,5.6,0,Normal,1.73,100,Full_Charge_Alert
21/04/2026,14:31:51,29.849783,16.94,15.2,0.41,6.9454,15.77,25,8.7,5.6,0,Normal,1.74,100,Full_Charge_Alert
21/04/2026,14:32:06,29.849789,16.93,15.2,0.435,7.36455,15.75,25,8.7,5.6,0,Normal,1.73,100,Full_Charge_Alert
21/04/2026,14:32:21,29.849798,16.93,15.2,0.418,7.07674,15.74,25,8.7,5.5,0,Normal,1.73,100,Full_Charge_Alert
21/04/2026,14:32:36,29.849802,16.92,15.2,0.401,6.78492,15.73,25,8.7,5.5,0,Normal,1.72,100,Full_Charge_Alert
21/04/2026,14:32:51,29.849798,16.92,15.2,0.413,6.98796,15.71,25,8.6,5.5,0,Normal,1.72,100,Full_Charge_Alert
21/04/2026,14:33:06,29.849792,16.88,15.2,0.44,7.4272,15.7,25,8.6,5.5,0,Normal,1.68,100,Full_Charge_Alert
21/04/2026,14:33:21,29.849791,16.91,15.2,0.432,7.30512,15.69,25,8.6,5.5,0,Normal,1.71,100,Full_Charge_Alert
21/04/2026,14:33:36,29.849787,16.89,15.2,0.391,6.60399,15.67,25,8.6,5.5,0,Normal,1.69,100,Full_Charge_Alert
21/04/2026,14:33:51,29.849781,16.91,15.2,0.416,7.03456,15.66,25,8.6,5.5,0,Normal,1.71,100,Full_Charge_Alert
21/04/2026,14:34:06,29.849779,16.92,15.2,0.414,7.00488,15.65,25,8.6,5.5,0,Normal,1.72,100,Full_Charge_Alert
21/04/2026,14:34:21,29.849783,16.92,15.2,0.407,6.88644,15.63,25,8.6,5.4,0,Normal,1.72,100,Full_Charge_Alert
21/04/2026,14:34:36,29.849783,16.92,15.2,0.402,6.80184,15.62,25,8.6,5.4,0,Normal,1.72,100,Full_Charge_Alert
21/04/2026,14:34:51,29.849783,16.91,15.2,0.425,7.18675,15.61,25,8.6,5.4,0,Normal,1.71,100,Full_Charge_Alert
21/04/2026,14:35:06,29.849787,16.91,15.2,0.425,7.18675,15.59,25,8.6,5.4,0,Normal,1.71,100,Full_Charge_Alert
21/04/2026,14:35:21,29.849794,16.9,15.2,0.412,6.9628,15.58,25,8.6,5.3,0,Normal,1.7,100,Full_Charge_Alert
21/04/2026,14:35:36,29.849796,16.9,15.2,0.419,7.0811,15.56,25,8.6,5.3,0,Normal,1.7,100,Full_Charge_Alert
21/04/2026,14:35:51,29.849791,16.9,15.2,0.422,7.1318,15.55,25,8.6,5.3,0,Normal,1.7,100,Full_Charge_Alert
21/04/2026,14:36:06,29.849792,16.92,15.2,0.418,7.07256,15.54,25,8.5,5.3,0,Normal,1.72,100,Full_Charge_Alert
21/04/2026,14:36:21,29.849798,16.92,15.2,0.426,7.20792,15.52,25,8.5,5.3,0,Normal,1.72,100,Full_Charge_Alert
21/04/2026,14:36:36,29.8498,16.92,15.2,0.412,6.97104,15.51,25,8.5,5.2,0,Normal,1.72,100,Full_Charge_Alert
21/04/2026,14:36:51,29.849794,16.88,15.2,0.403,6.80264,15.5,25,8.5,5.2,0,Normal,1.68,100,Full_Charge_Alert
21/04/2026,14:37:06,29.849791,16.87,15.2,0.388,6.54556,15.48,25,8.5,5.1,0,Normal,1.67,100,Full_Charge_Alert
21/04/2026,14:37:21,29.849789,16.89,15.2,0.415,7.00935,15.47,25,8.5,5.2,0,Normal,1.69,100,Full_Charge_Alert
21/04/2026,14:37:36,29.849794,16.89,15.2,0.406,6.85734,15.45,25,8.5,5.2,0,Normal,1.69,100,Full_Charge_Alert
21/04/2026,14:37:51,29.849789,16.92,15.2,0.41,6.9372,15.44,25,8.5,5.2,0,Normal,1.72,100,Full_Charge_Alert
21/04/2026,14:38:06,29.849783,16.92,15.2,0.403,6.81876,15.43,25,8.5,5.2,0,Normal,1.72,100,Full_Charge_Alert
21/04/2026,14:38:21,29.849785,16.93,15.2,0.386,6.53498,15.41,25,8.5,5.2,0,Normal,1.73,100,Full_Charge_Alert
21/04/2026,14:38:36,29.849789,16.89,15.2,0.413,6.97557,15.4,25,8.5,5.2,0,Normal,1.69,100,Full_Charge_Alert
21/04/2026,14:38:51,29.849783,16.9,15.2,0.408,6.8952,15.39,25,8.5,5.2,0,Normal,1.7,100,Full_Charge_Alert
21/04/2026,14:39:06,29.849781,16.91,15.2,0.409,6.91619,15.37,25,8.5,5.2,0,Normal,1.71,100,Full_Charge_Alert
21/04/2026,14:39:21,29.849783,16.91,15.2,0.383,6.47653,15.36,25,8.4,5.2,0,Normal,1.71,100,Full_Charge_Alert
21/04/2026,14:39:36,29.849792,16.91,15.2,0.436,7.37276,15.34,25,8.4,5.2,0,Normal,1.71,100,Full_Charge_Alert
21/04/2026,14:39:51,29.849796,16.94,15.2,0.401,6.79294,15.33,25,8.4,5.2,0,Normal,1.74,100,Full_Charge_Alert
21/04/2026,14:40:06,29.849791,16.92,15.2,0.442,7.47864,15.32,25,8.4,5.2,0,Normal,1.72,100,Full_Charge_Alert
21/04/2026,14:40:21,29.849781,16.92,15.2,0.397,6.71724,15.3,25,8.4,5.2,0,Normal,1.72,100,Full_Charge_Alert
21/04/2026,14:40:36,29.849789,16.93,15.2,0.414,7.00902,15.29,25,8.4,5.2,0,Normal,1.73,100,Full_Charge_Alert
21/04/2026,14:40:51,29.8498,16.92,15.2,0.414,7.00488,15.27,25,8.4,5.1,0,Normal,1.72,100,Full_Charge_Alert
21/04/2026,14:41:06,29.8498,16.91,15.2,0.413,6.98383,15.26,25,8.4,5.1,0,Normal,1.71,100,Full_Charge_Alert
21/04/2026,14:41:21,29.8498,16.94,15.2,0.401,6.79294,15.24,25,8.4,5.1,0,Normal,1.74,100,Full_Charge_Alert
21/04/2026,14:41:36,29.849796,16.94,15.2,0.415,7.0301,15.23,25,8.4,5.1,0,Normal,1.74,100,Full_Charge_Alert
21/04/2026,14:41:51,29.849798,16.92,15.2,0.427,7.22484,15.22,25,8.4,5.1,0,Normal,1.72,100,Full_Charge_Alert
21/04/2026,14:42:06,29.849802,16.91,15.2,0.407,6.88237,15.2,25,8.4,5.1,0,Normal,1.71,100,Full_Charge_Alert
21/04/2026,14:42:21,29.849802,16.91,15.2,0.397,6.71327,15.19,25,8.4,5.1,0,Normal,1.71,100,Full_Charge_Alert
21/04/2026,14:42:36,29.849806,16.94,15.2,0.406,6.87764,15.17,25,8.3,5.1,0,Normal,1.74,100,Full_Charge_Alert
21/04/2026,14:42:51,29.849804,16.95,15.2,0.397,6.72915,15.16,25,8.3,5.2,0,Normal,1.75,100,Full_Charge_Alert
21/04/2026,14:43:06,29.849798,16.96,15.2,0.425,7.208,15.15,25,8.3,5.2,0,Normal,1.76,100,Full_Charge_Alert
21/04/2026,14:43:21,29.849796,16.96,15.2,0.422,7.15712,15.13,25,8.3,5.2,0,Normal,1.76,100,Full_Charge_Alert
21/04/2026,14:43:36,29.849798,16.96,15.2,0.427,7.24192,15.12,25,8.3,5.1,0,Normal,1.76,100,Full_Charge_Alert
21/04/2026,14:43:51,29.849802,16.92,15.2,0.409,6.92028,15.1,25,8.3,5.1,0,Normal,1.72,100,Full_Charge_Alert
21/04/2026,14:44:06,29.8498,16.95,15.2,0.415,7.03425,15.09,25,8.3,5.1,0,Normal,1.75,100,Full_Charge_Alert
21/04/2026,14:44:21,29.849792,16.95,15.2,0.414,7.0173,15.07,25,8.3,5,0,Normal,1.75,100,Full_Charge_Alert
21/04/2026,14:44:36,29.849787,16.93,15.2,0.414,7.00902,15.06,25,8.3,5,0,Normal,1.73,100,Full_Charge_Alert
21/04/2026,14:44:51,29.849791,16.94,15.2,0.418,7.08092,15.05,25,8.3,5,0,Normal,1.74,100,Full_Charge_Alert
21/04/2026,14:45:06,29.849798,16.97,15.2,0.431,7.31407,15.03,25,8.3,5,0,Normal,1.77,100,Full_Charge_Alert
21/04/2026,14:45:21,29.849802,16.97,15.2,0.418,7.09346,15.02,25,8.3,5,0,Normal,1.77,100,Full_Charge_Alert
21/04/2026,14:45:36,29.849813,16.94,15.2,0.445,7.5383,15,25,8.3,5,0,Normal,1.74,100,Full_Charge_Alert
21/04/2026,14:45:51,29.849817,16.97,15.2,0.405,6.87285,14.99,25,8.2,5,0,Normal,1.77,100,Full_Charge_Alert
21/04/2026,14:46:06,29.849812,16.97,15.2,0.432,7.33104,14.97,25,8.2,5,0,Normal,1.77,100,Full_Charge_Alert
21/04/2026,14:46:21,29.84981,16.99,15.2,0.421,7.15279,14.96,25,8.2,5,0,Normal,1.79,100,Full_Charge_Alert
21/04/2026,14:46:36,29.849813,16.99,15.2,0.411,6.98289,14.94,25,8.2,5,0,Normal,1.79,100,Full_Charge_Alert
21/04/2026,14:46:51,29.849819,16.99,15.2,0.409,6.94891,14.93,25,8.2,5,0,Normal,1.79,100,Full_Charge_Alert
21/04/2026,14:47:06,29.84981,17.01,15.2,0.432,7.34832,14.92,25,8.2,5,0,Normal,1.81,100,Full_Charge_Alert
21/04/2026,14:47:21,29.849791,16.99,15.2,0.399,6.77901,14.9,25,8.2,5,0,Normal,1.79,100,Full_Charge_Alert
21/04/2026,14:47:36,29.849789,17.04,15.2,0.423,7.20792,14.89,25,8.2,5,0,Normal,1.84,100,Full_Charge_Alert
21/04/2026,14:47:51,29.849792,16.95,15.2,0.409,6.93255,14.87,25,8.2,5,0,Normal,1.75,100,Full_Charge_Alert
21/04/2026,14:48:06,29.849794,16.95,15.2,0.428,7.2546,14.86,25,8.2,5,0,Normal,1.75,100,Full_Charge_Alert
21/04/2026,14:48:21,29.849791,16.96,15.2,0.405,6.8688,14.84,25,8.2,5,0,Normal,1.76,100,Full_Charge_Alert
21/04/2026,14:48:36,29.849791,17.02,15.2,0.404,6.87608,14.83,25,8.2,5,0,Normal,1.82,100,Full_Charge_Alert
21/04/2026,14:48:51,29.8498,16.92,15.2,0.412,6.97104,14.81,25,8.1,4.9,0,Normal,1.72,100,Full_Charge_Alert
21/04/2026,14:49:06,29.849802,16.94,15.2,0.396,6.70824,14.8,25,8.1,4.9,0,Normal,1.74,100,Full_Charge_Alert
21/04/2026,14:49:21,29.8498,16.92,15.2,0.407,6.88644,14.78,25,8.1,4.9,0,Normal,1.72,100,Full_Charge_Alert
21/04/2026,14:49:36,29.849804,16.94,15.2,0.423,7.16562,14.77,25,8.1,4.9,0,Normal,1.74,100,Full_Charge_Alert
21/04/2026,14:49:51,29.8498,16.91,15.2,0.41,6.9331,14.75,25,8.1,4.8,0,Normal,1.71,100,Full_Charge_Alert
21/04/2026,14:50:06,29.849804,16.91,15.2,0.399,6.74709,14.74,25,8.1,4.8,0,Normal,1.71,100,Full_Charge_Alert
21/04/2026,14:50:21,29.84981,16.91,15.2,0.401,6.78091,14.72,25,8.1,4.8,0,Normal,1.71,100,Full_Charge_Alert
21/04/2026,14:50:36,29.8498,16.9,15.2,0.404,6.8276,14.71,25,8.1,4.8,0,Normal,1.7,100,Full_Charge_Alert
21/04/2026,14:50:51,29.849806,16.88,15.2,0.4,6.752,14.7,25,8.1,4.8,0,Normal,1.68,100,Full_Charge_Alert
21/04/2026,14:51:06,29.849813,16.9,15.2,0.375,6.3375,14.68,25,8.1,4.8,0,Normal,1.7,100,Full_Charge_Alert
21/04/2026,14:51:21,29.849821,16.93,15.2,0.411,6.95823,14.67,25,8.1,4.8,0,Normal,1.73,100,Full_Charge_Alert
21/04/2026,14:51:36,29.849819,16.95,15.2,0.418,7.0851,14.65,25,8.1,4.8,0,Normal,1.75,100,Full_Charge_Alert
21/04/2026,14:51:51,29.849817,16.93,15.2,0.412,6.97516,14.64,25,8,4.8,0,Normal,1.73,100,Full_Charge_Alert
21/04/2026,14:52:06,29.849827,16.94,15.2,0.419,7.09786,14.62,25,8,4.8,0,Normal,1.74,100,Full_Charge_Alert
21/04/2026,14:52:21,29.84984,16.94,15.2,0.401,6.79294,14.61,25,8,4.8,0,Normal,1.74,100,Full_Charge_Alert
21/04/2026,14:52:36,29.849844,16.9,15.2,0.406,6.8614,14.59,25,8,4.7,0,Normal,1.7,100,Full_Charge_Alert
21/04/2026,14:52:51,29.849842,16.87,15.2,0.416,7.01792,14.58,25,8,4.7,0,Normal,1.67,100,Full_Charge_Alert
21/04/2026,14:53:06,29.84984,16.88,15.2,0.382,6.44816,14.56,25,8,4.7,0,Normal,1.68,100,Full_Charge_Alert
21/04/2026,14:53:21,29.849838,16.9,15.2,0.393,6.6417,14.55,25,8,4.8,0,Normal,1.7,100,Full_Charge_Alert
21/04/2026,14:53:36,29.849834,16.9,15.2,0.399,6.7431,14.53,25,8,4.7,0,Normal,1.7,100,Full_Charge_Alert
21/04/2026,14:53:51,29.849829,16.9,15.2,0.408,6.8952,14.52,25,8,4.7,0,Normal,1.7,100,Full_Charge_Alert
21/04/2026,14:54:06,29.849833,16.92,15.2,0.405,6.8526,14.5,25,8,4.7,0,Normal,1.72,100,Full_Charge_Alert
21/04/2026,14:54:21,29.849821,16.95,15.2,0.423,7.16985,14.49,25,8,4.7,0,Normal,1.75,100,Full_Charge_Alert
21/04/2026,14:54:36,29.849812,16.94,15.2,0.399,6.75906,14.47,25,8,4.7,0,Normal,1.74,100,Full_Charge_Alert
21/04/2026,14:54:51,29.849798,16.89,15.2,0.386,6.51954,14.46,25,8,4.7,0,Normal,1.69,100,Full_Charge_Alert
21/04/2026,14:55:06,29.849791,16.87,15.2,0.386,6.51182,14.44,25,7.9,4.7,0,Normal,1.67,100,Full_Charge_Alert
21/04/2026,14:55:21,29.849777,16.87,15.2,0.403,6.79861,14.43,25,7.9,4.6,0,Normal,1.67,100,Full_Charge_Alert
21/04/2026,14:55:36,29.849773,16.88,15.2,0.393,6.63384,14.41,25,7.9,4.6,0,Normal,1.68,100,Full_Charge_Alert
21/04/2026,14:55:51,29.849773,16.89,15.2,0.42,7.0938,14.4,25,7.9,4.6,0,Normal,1.69,100,Full_Charge_Alert
21/04/2026,14:56:06,29.849794,16.9,15.2,0.415,7.0135,14.38,25,7.9,4.6,0,Normal,1.7,100,Full_Charge_Alert
21/04/2026,14:56:21,29.849804,16.91,15.2,0.42,7.1022,14.37,25,7.9,4.7,0,Normal,1.71,100,Full_Charge_Alert
21/04/2026,14:56:36,29.849792,16.92,15.2,0.403,6.81876,14.35,25,7.9,4.6,0,Normal,1.72,100,Full_Charge_Alert
21/04/2026,14:56:51,29.849796,16.91,15.2,0.412,6.96692,14.34,25,7.9,4.6,0,Normal,1.71,100,Full_Charge_Alert
21/04/2026,14:57:06,29.8498,16.91,15.2,0.369,6.23979,14.32,25,7.9,4.6,0,Normal,1.71,100,Full_Charge_Alert
21/04/2026,14:57:21,29.84981,16.91,15.2,0.401,6.78091,14.3,25,7.9,4.6,0,Normal,1.71,100,Full_Charge_Alert
21/04/2026,14:57:36,29.849812,16.93,15.2,0.393,6.65349,14.29,25,7.9,4.6,0,Normal,1.73,100,Full_Charge_Alert
21/04/2026,14:57:51,29.849812,16.92,15.2,0.387,6.54804,14.27,25,7.9,4.6,0,Normal,1.72,100,Full_Charge_Alert
21/04/2026,14:58:06,29.849808,16.96,15.2,0.382,6.47872,14.26,25,7.8,4.6,0,Normal,1.76,100,Full_Charge_Alert
21/04/2026,14:58:21,29.849813,16.92,15.2,0.402,6.80184,14.24,25,7.8,4.5,0,Normal,1.72,100,Full_Charge_Alert
21/04/2026,14:58:36,29.849817,16.91,15.2,0.409,6.91619,14.23,25,7.8,4.6,0,Normal,1.71,100,Full_Charge_Alert
21/04/2026,14:58:51,29.849817,16.91,15.2,0.394,6.66254,14.21,25,7.8,4.6,0,Normal,1.71,100,Full_Charge_Alert
21/04/2026,14:59:06,29.849808,16.95,15.2,0.404,6.8478,14.2,25,7.8,4.6,0,Normal,1.75,100,Full_Charge_Alert
21/04/2026,14:59:21,29.8498,16.99,15.2,0.391,6.64309,14.18,25,7.8,4.6,0,Normal,1.79,100,Full_Charge_Alert
21/04/2026,14:59:36,29.849794,16.99,15.2,0.41,6.9659,14.17,25,7.8,4.5,0,Normal,1.79,100,Full_Charge_Alert
21/04/2026,14:59:51,29.849794,16.91,15.2,0.389,6.57799,14.15,25,7.8,4.6,0,Normal,1.71,100,Full_Charge_Alert
21/04/2026,15:00:06,29.849794,16.92,15.2,0.417,7.05564,14.14,25,7.8,4.5,0,Normal,1.72,100,Full_Charge_Alert
21/04/2026,15:00:21,29.849791,16.93,15.2,0.394,6.67042,14.12,25,7.8,4.5,0,Normal,1.73,100,Full_Charge_Alert
21/04/2026,15:00:36,29.849791,16.93,15.2,0.395,6.68735,14.11,25,7.8,4.5,0,Normal,1.73,100,Full_Charge_Alert
21/04/2026,15:00:51,29.849792,16.93,15.2,0.383,6.48419,14.09,25,7.7,4.5,0,Normal,1.73,100,Full_Charge_Alert
21/04/2026,15:01:06,29.849808,16.92,15.2,0.407,6.88644,14.07,25,7.7,4.5,0,Normal,1.72,100,Full_Charge_Alert
21/04/2026,15:01:21,29.849815,16.92,15.2,0.414,7.00488,14.06,25,7.7,4.5,0,Normal,1.72,100,Full_Charge_Alert
21/04/2026,15:01:36,29.849817,16.93,15.2,0.414,7.00902,14.04,25,7.7,4.5,0,Normal,1.73,100,Full_Charge_Alert
21/04/2026,15:01:51,29.849813,16.93,15.2,0.383,6.48419,14.03,25,7.7,4.5,0,Normal,1.73,100,Full_Charge_Alert
21/04/2026,15:02:06,29.849815,16.93,15.2,0.413,6.99209,14.01,25,7.7,4.5,0,Normal,1.73,100,Full_Charge_Alert
21/04/2026,15:02:21,29.849812,16.93,15.2,0.408,6.90744,14,25,7.7,4.5,0,Normal,1.73,100,Full_Charge_Alert
21/04/2026,15:02:36,29.849804,16.96,15.2,0.395,6.6992,13.98,25,7.7,4.5,0,Normal,1.76,100,Full_Charge_Alert
21/04/2026,15:02:51,29.849794,16.96,15.2,0.406,6.88576,13.97,25,7.7,4.4,0,Normal,1.76,100,Full_Charge_Alert
21/04/2026,15:03:06,29.849789,16.96,15.2,0.39,6.6144,13.95,25,7.7,4.4,0,Normal,1.76,100,Full_Charge_Alert
21/04/2026,15:03:21,29.849783,16.99,15.2,0.384,6.52416,13.93,25,7.7,4.4,0,Normal,1.79,100,Full_Charge_Alert
21/04/2026,15:03:36,29.849783,16.93,15.2,0.414,7.00902,13.92,25,7.7,4.4,0,Normal,1.73,100,Full_Charge_Alert
21/04/2026,15:03:51,29.849785,16.97,15.2,0.38,6.4486,13.9,25,7.6,4.4,0,Normal,1.77,100,Full_Charge_Alert
21/04/2026,15:04:06,29.849785,16.99,15.2,0.385,6.54115,13.89,25,7.6,4.4,0,Normal,1.79,100,Full_Charge_Alert
21/04/2026,15:04:21,29.849777,16.91,15.2,0.377,6.37507,13.87,25,7.6,4.3,0,Normal,1.71,100,Full_Charge_Alert
21/04/2026,15:04:36,29.849771,16.91,15.2,0.392,6.62872,13.86,25,7.6,4.3,0,Normal,1.71,100,Full_Charge_Alert
21/04/2026,15:04:51,29.849785,16.92,15.2,0.373,6.31116,13.84,25,7.6,4.3,0,Normal,1.72,100,Full_Charge_Alert
21/04/2026,15:05:06,29.849804,16.91,15.2,0.377,6.37507,13.82,25,7.6,4.3,0,Normal,1.71,100,Full_Charge_Alert
21/04/2026,15:05:21,29.849804,16.89,15.2,0.388,6.55332,13.81,25,7.6,4.3,0,Normal,1.69,100,Full_Charge_Alert
21/04/2026,15:05:36,29.849808,16.89,15.2,0.388,6.55332,13.79,25,7.6,4.3,0,Normal,1.69,100,Full_Charge_Alert
21/04/2026,15:05:51,29.849802,16.9,15.2,0.378,6.3882,13.78,25,7.6,4.3,0,Normal,1.7,100,Full_Charge_Alert
21/04/2026,15:06:06,29.849791,16.91,15.2,0.387,6.54417,13.76,25,7.6,4.3,0,Normal,1.71,100,Full_Charge_Alert
21/04/2026,15:06:21,29.849775,16.9,15.2,0.386,6.5234,13.74,25,7.6,4.3,0,Normal,1.7,100,Full_Charge_Alert
21/04/2026,15:06:36,29.849771,16.88,15.2,0.377,6.36376,13.73,25,7.6,4.2,0,Normal,1.68,100,Full_Charge_Alert
21/04/2026,15:06:51,29.84977,16.94,15.2,0.365,6.1831,13.71,25,7.5,4.2,0,Normal,1.74,100,Full_Charge_Alert
21/04/2026,15:07:06,29.849779,16.9,15.2,0.388,6.5572,13.7,25,7.5,4.2,0,Normal,1.7,100,Full_Charge_Alert
21/04/2026,15:07:21,29.849796,16.9,15.2,0.393,6.6417,13.68,25,7.5,4.2,0,Normal,1.7,100,Full_Charge_Alert
21/04/2026,15:07:36,29.849808,16.94,15.2,0.379,6.42026,13.67,25,7.5,4.2,0,Normal,1.74,100,Full_Charge_Alert
21/04/2026,15:07:51,29.849804,16.96,15.2,0.366,6.20736,13.65,25,7.5,4.2,0,Normal,1.76,100,Full_Charge_Alert
21/04/2026,15:08:06,29.849798,16.88,15.2,0.372,6.27936,13.63,25,7.5,4.2,0,Normal,1.68,100,Full_Charge_Alert
21/04/2026,15:08:21,29.849798,16.9,15.2,0.385,6.5065,13.62,25,7.5,4.2,0,Normal,1.7,100,Full_Charge_Alert
21/04/2026,15:08:36,29.849796,16.9,15.2,0.387,6.5403,13.6,25,7.5,4.2,0,Normal,1.7,100,Full_Charge_Alert
21/04/2026,15:08:51,29.849791,16.9,15.2,0.392,6.6248,13.59,25,7.5,4.2,0,Normal,1.7,100,Full_Charge_Alert
21/04/2026,15:09:06,29.849796,16.9,15.2,0.393,6.6417,13.57,25,7.5,4.2,0,Normal,1.7,100,Full_Charge_Alert
21/04/2026,15:09:21,29.8498,16.93,15.2,0.408,6.90744,13.55,25,7.5,4.2,0,Normal,1.73,100,Full_Charge_Alert
21/04/2026,15:09:36,29.8498,16.93,15.2,0.409,6.92437,13.54,25,7.4,4.2,0,Normal,1.73,100,Full_Charge_Alert
21/04/2026,15:09:51,29.849806,16.93,15.2,0.388,6.56884,13.52,25,7.4,4.2,0,Normal,1.73,100,Full_Charge_Alert
21/04/2026,15:10:06,29.849806,16.92,15.2,0.377,6.37884,13.51,25,7.4,4.1,0,Normal,1.72,100,Full_Charge_Alert
21/04/2026,15:10:21,29.849796,17.01,15.2,0.395,6.71895,13.49,25,7.4,4.1,0,Normal,1.81,100,Full_Charge_Alert
21/04/2026,15:10:36,29.849779,16.88,15.2,0.377,6.36376,13.47,25,7.4,4.1,0,Normal,1.68,100,Full_Charge_Alert
21/04/2026,15:10:51,29.849783,16.88,15.2,0.374,6.31312,13.46,25,7.4,4.1,0,Normal,1.68,100,Full_Charge_Alert
21/04/2026,15:11:06,29.8498,16.88,15.2,0.375,6.33,13.44,25,7.4,4.1,0,Normal,1.68,100,Full_Charge_Alert
21/04/2026,15:11:21,29.849804,16.87,15.2,0.402,6.78174,13.42,25,7.4,4.1,0,Normal,1.67,100,Full_Charge_Alert
21/04/2026,15:11:36,29.8498,16.88,15.2,0.392,6.61696,13.41,25,7.4,4.1,0,Normal,1.68,100,Full_Charge_Alert
21/04/2026,15:11:51,29.8498,16.86,15.2,0.386,6.50796,13.39,25,7.4,4.1,0,Normal,1.66,100,Full_Charge_Alert
21/04/2026,15:12:06,29.849808,16.87,15.2,0.372,6.27564,13.38,25,7.4,4,0,Normal,1.67,100,Full_Charge_Alert
21/04/2026,15:12:21,29.849806,16.88,15.2,0.373,6.29624,13.36,25,7.3,4,0,Normal,1.68,100,Full_Charge_Alert
21/04/2026,15:12:36,29.849802,16.87,15.2,0.378,6.37686,13.34,25,7.3,4,0,Normal,1.67,100,Full_Charge_Alert
21/04/2026,15:12:51,29.849798,16.86,15.2,0.381,6.42366,13.33,25,7.3,4,0,Normal,1.66,100,Full_Charge_Alert
21/04/2026,15:13:06,29.849802,16.86,15.2,0.361,6.08646,13.31,25,7.3,4,0,Normal,1.66,100,Full_Charge_Alert
21/04/2026,15:13:21,29.849804,16.87,15.2,0.389,6.56243,13.29,25,7.3,4,0,Normal,1.67,100,Full_Charge_Alert
21/04/2026,15:13:36,29.8498,16.88,15.2,0.383,6.46504,13.28,25,7.3,4,0,Normal,1.68,100,Full_Charge_Alert
21/04/2026,15:13:51,29.849802,16.89,15.2,0.412,6.95868,13.26,25,7.3,4,0,Normal,1.69,100,Full_Charge_Alert
21/04/2026,15:14:06,29.849808,16.89,15.2,0.394,6.65466,13.25,25,7.3,4,0,Normal,1.69,100,Full_Charge_Alert
21/04/2026,15:14:21,29.849794,16.91,15.2,0.404,6.83164,13.23,25,7.3,4,0,Normal,1.71,100,Full_Charge_Alert
21/04/2026,15:14:36,29.849785,16.89,15.2,0.39,6.5871,13.21,25,7.3,4,0,Normal,1.69,100,Full_Charge_Alert
21/04/2026,15:14:51,29.849794,16.91,15.2,0.402,6.79782,13.2,25,7.3,4,0,Normal,1.71,100,Full_Charge_Alert
21/04/2026,15:15:06,29.849804,16.9,15.2,0.395,6.6755,13.18,25,7.2,4,0,Normal,1.7,100,Full_Charge_Alert
21/04/2026,15:15:21,29.849796,16.92,15.2,0.381,6.44652,13.16,25,7.2,4,0,Normal,1.72,100,Full_Charge_Alert
21/04/2026,15:15:36,29.849792,16.9,15.2,0.394,6.6586,13.15,25,7.2,4,0,Normal,1.7,100,Full_Charge_Alert
21/04/2026,15:15:51,29.849794,16.9,15.2,0.4,6.76,13.13,25,7.2,3.9,0,Normal,1.7,100,Full_Charge_Alert
21/04/2026,15:16:06,29.849798,16.91,15.2,0.385,6.51035,13.11,25,7.2,3.9,0,Normal,1.71,100,Full_Charge_Alert
21/04/2026,15:16:21,29.849804,16.9,15.2,0.38,6.422,13.1,25,7.2,3.9,0,Normal,1.7,100,Full_Charge_Alert
21/04/2026,15:16:36,29.849802,16.9,15.2,0.386,6.5234,13.08,25,7.2,3.9,0,Normal,1.7,100,Full_Charge_Alert
21/04/2026,15:16:51,29.849802,16.89,15.2,0.406,6.85734,13.07,25,7.2,3.9,0,Normal,1.69,100,Full_Charge_Alert
21/04/2026,15:17:06,29.849796,16.89,15.2,0.388,6.55332,13.05,25,7.2,3.9,0,Normal,1.69,100,Full_Charge_Alert
21/04/2026,15:17:21,29.849794,16.89,15.2,0.378,6.38442,13.03,25,7.2,3.9,0,Normal,1.69,100,Full_Charge_Alert
21/04/2026,15:17:36,29.849791,16.89,15.2,0.396,6.68844,13.02,25,7.2,3.9,0,Normal,1.69,100,Full_Charge_Alert
21/04/2026,15:17:51,29.849785,16.89,15.2,0.379,6.40131,13,25,7.1,3.9,0,Normal,1.69,100,Full_Charge_Alert
21/04/2026,15:18:06,29.849789,16.9,15.2,0.407,6.8783,12.98,25,7.1,3.9,0,Normal,1.7,100,Full_Charge_Alert
21/04/2026,15:18:21,29.84981,16.89,15.2,0.384,6.48576,12.97,25,7.1,3.9,0,Normal,1.69,100,Full_Charge_Alert
21/04/2026,15:18:36,29.849812,16.88,15.2,0.393,6.63384,12.95,25,7.1,3.9,0,Normal,1.68,100,Full_Charge_Alert
21/04/2026,15:18:51,29.849808,16.88,15.2,0.364,6.14432,12.93,25,7.1,3.8,0,Normal,1.68,100,Full_Charge_Alert
21/04/2026,15:19:06,29.8498,16.87,15.2,0.374,6.30938,12.92,25,7.1,3.8,0,Normal,1.67,100,Full_Charge_Alert
21/04/2026,15:19:21,29.849787,16.87,15.2,0.407,6.86609,12.9,25,7.1,3.8,0,Normal,1.67,100,Full_Charge_Alert
21/04/2026,15:19:36,29.849787,16.87,15.2,0.372,6.27564,12.88,25,7.1,3.8,0,Normal,1.67,100,Full_Charge_Alert
21/04/2026,15:19:51,29.849792,16.87,15.2,0.372,6.27564,12.87,25,7.1,3.8,0,Normal,1.67,100,Full_Charge_Alert
21/04/2026,15:20:06,29.849791,16.87,15.2,0.385,6.49495,12.85,25,7.1,3.8,0,Normal,1.67,100,Full_Charge_Alert
21/04/2026,15:20:21,29.849798,16.88,15.2,0.404,6.81952,12.83,25,7.1,3.8,0,Normal,1.68,100,Full_Charge_Alert
21/04/2026,15:20:36,29.849806,16.88,15.2,0.38,6.4144,12.82,25,7,3.8,0,Normal,1.68,100,Full_Charge_Alert
21/04/2026,15:20:51,29.849802,16.88,15.2,0.379,6.39752,12.8,25,7,3.8,0,Normal,1.68,100,Full_Charge_Alert
21/04/2026,15:21:06,29.849808,16.89,15.2,0.379,6.40131,12.78,25,7,3.8,0,Normal,1.69,100,Full_Charge_Alert
21/04/2026,15:21:21,29.84981,16.88,15.2,0.378,6.38064,12.77,25,7,3.8,0,Normal,1.68,100,Full_Charge_Alert
21/04/2026,15:21:36,29.849806,16.89,15.2,0.393,6.63777,12.75,25,7,3.8,0,Normal,1.69,100,Full_Charge_Alert
21/04/2026,15:21:51,29.849804,16.89,15.2,0.368,6.21552,12.73,25,7,3.8,0,Normal,1.69,100,Full_Charge_Alert
21/04/2026,15:22:06,29.849813,16.89,15.2,0.376,6.35064,12.71,25,7,3.8,0,Normal,1.69,100,Full_Charge_Alert
21/04/2026,15:22:21,29.849813,16.88,15.2,0.379,6.39752,12.7,25,7,3.7,0,Normal,1.68,100,Full_Charge_Alert
21/04/2026,15:22:36,29.849817,16.87,15.2,0.354,5.97198,12.68,25,7,3.7,0,Normal,1.67,100,Full_Charge_Alert
21/04/2026,15:22:51,29.849812,16.87,15.2,0.367,6.19129,12.66,25,7,3.7,0,Normal,1.67,100,Full_Charge_Alert
21/04/2026,15:23:06,29.849808,16.88,15.2,0.372,6.27936,12.65,25,7,3.7,0,Normal,1.68,100,Full_Charge_Alert
21/04/2026,15:23:21,29.849821,16.87,15.2,0.372,6.27564,12.63,25,6.9,3.7,0,Normal,1.67,100,Full_Charge_Alert
21/04/2026,15:23:36,29.849829,16.87,15.2,0.372,6.27564,12.61,25,6.9,3.7,0,Normal,1.67,100,Full_Charge_Alert
21/04/2026,15:23:51,29.849817,16.87,15.2,0.394,6.64678,12.6,25,6.9,3.7,0,Normal,1.67,100,Full_Charge_Alert
21/04/2026,15:24:06,29.849825,16.87,15.2,0.374,6.30938,12.58,25,6.9,3.7,0,Normal,1.67,100,Full_Charge_Alert
21/04/2026,15:24:21,29.849819,16.87,15.2,0.399,6.73113,12.56,25,6.9,3.7,0,Normal,1.67,100,Full_Charge_Alert
21/04/2026,15:24:36,29.849804,16.88,15.2,0.372,6.27936,12.55,25,6.9,3.7,0,Normal,1.68,100,Full_Charge_Alert
21/04/2026,15:24:51,29.849796,16.88,15.2,0.351,5.92488,12.53,25,6.9,3.7,0,Normal,1.68,100,Full_Charge_Alert
21/04/2026,15:25:06,29.849792,16.86,15.2,0.374,6.30564,12.51,25,6.9,3.7,0,Normal,1.66,100,Full_Charge_Alert
21/04/2026,15:25:21,29.849792,16.88,15.2,0.376,6.34688,12.49,25,6.9,3.7,0,Normal,1.68,100,Full_Charge_Alert
21/04/2026,15:25:36,29.849802,16.89,15.2,0.379,6.40131,12.48,25,6.9,3.7,0,Normal,1.69,100,Full_Charge_Alert
21/04/2026,15:25:51,29.8498,16.88,15.2,0.391,6.60008,12.46,25,6.9,3.6,0,Normal,1.68,100,Full_Charge_Alert
21/04/2026,15:26:06,29.849794,16.87,15.2,0.368,6.20816,12.44,25,6.8,3.6,0,Normal,1.67,100,Full_Charge_Alert
21/04/2026,15:26:21,29.849792,16.86,15.2,0.349,5.88414,12.43,25,6.8,3.6,0,Normal,1.66,100,Full_Charge_Alert
21/04/2026,15:26:36,29.849787,16.85,15.2,0.361,6.08285,12.41,25,6.8,3.6,0,Normal,1.65,100,Full_Charge_Alert
21/04/2026,15:26:51,29.849787,16.86,15.2,0.367,6.18762,12.39,25,6.8,3.6,0,Normal,1.66,100,Full_Charge_Alert
21/04/2026,15:27:06,29.849789,16.85,15.2,0.353,5.94805,12.38,25,6.8,3.6,0,Normal,1.65,100,Full_Charge_Alert
21/04/2026,15:27:21,29.849792,16.85,15.2,0.384,6.4704,12.36,25,6.8,3.5,0,Normal,1.65,100,Full_Charge_Alert
21/04/2026,15:27:36,29.849789,16.76,15.2,0.354,5.93304,12.34,25,6.8,3.5,0,Normal,1.56,100,Full_Charge_Alert
21/04/2026,15:27:51,29.849781,15,15.44,0.073,1.095,12.32,25,6.8,3.6,0,Normal_Equilibrium,-0.44,100,Full_Charge_Alert
21/04/2026,15:28:06,29.849771,16.86,15.2,0.419,7.06434,12.31,25,6.8,7.5,1,Normal,1.66,100,Full_Charge_Alert
21/04/2026,15:28:21,29.849781,16.85,15.2,0.378,6.3693,12.29,25,6.8,7.5,1.2,Normal,1.65,100,Full_Charge_Alert
21/04/2026,15:28:36,29.849764,16.87,15.2,0.39,6.5793,12.27,25,6.7,7.6,1.5,Normal,1.67,100,Full_Charge_Alert
21/04/2026,15:28:51,29.849777,16.88,15.2,0.36,6.0768,12.25,25,6.7,7.6,1.4,Normal,1.68,100,Full_Charge_Alert
21/04/2026,15:29:06,29.8498,16.87,15.2,0.368,6.20816,12.24,25,6.7,7.5,1.3,Normal,1.67,100,Full_Charge_Alert
21/04/2026,15:29:21,29.849823,16.88,15.2,0.373,6.29624,12.22,25,6.7,7.5,1.4,Normal,1.68,100,Full_Charge_Alert
21/04/2026,15:29:36,29.849834,16.86,15.2,0.345,5.8167,12.2,25,6.7,7.4,1.5,Normal,1.66,100,Full_Charge_Alert
21/04/2026,15:29:51,29.849829,16.83,15.2,0.372,6.26076,12.19,25,6.7,7.4,1.3,Normal,1.63,100,Full_Charge_Alert
21/04/2026,15:30:06,29.849815,16.87,15.2,0.374,6.30938,12.17,25,6.7,7.4,1.4,Normal,1.67,100,Full_Charge_Alert
21/04/2026,15:30:21,29.849792,16.89,15.2,0.367,6.19863,12.15,25,6.7,7.4,1.4,Normal,1.69,100,Full_Charge_Alert
21/04/2026,15:30:36,29.849794,16.89,15.2,0.397,6.70533,12.13,25,6.7,7.4,1.3,Normal,1.69,100,Full_Charge_Alert
21/04/2026,15:30:51,29.849777,16.87,15.2,0.393,6.62991,12.12,25,6.7,7.4,1.3,Normal,1.67,100,Full_Charge_Alert
21/04/2026,15:31:06,29.849768,16.86,15.2,0.365,6.1539,12.1,25,6.7,7.4,1.3,Normal,1.66,100,Full_Charge_Alert
21/04/2026,15:31:21,29.849771,16.86,15.2,0.385,6.4911,12.08,25,6.6,7.3,1.2,Normal,1.66,100,Full_Charge_Alert
21/04/2026,15:31:36,29.849781,16.86,15.2,0.365,6.1539,12.06,25,6.6,7.4,1.3,Normal,1.66,100,Full_Charge_Alert
21/04/2026,15:31:51,29.849783,16.86,15.2,0.365,6.1539,12.05,25,6.6,7.4,1.3,Normal,1.66,100,Full_Charge_Alert
21/04/2026,15:32:06,29.849787,16.85,15.2,0.369,6.21765,12.03,25,6.6,7.4,1.4,Normal,1.65,100,Full_Charge_Alert
21/04/2026,15:32:21,29.849791,16.86,15.2,0.369,6.22134,12.01,25,6.6,7.4,1.3,Normal,1.66,100,Full_Charge_Alert
21/04/2026,15:32:36,29.849791,16.84,15.2,0.368,6.19712,11.99,25,6.6,7.4,1.2,Normal,1.64,100,Full_Charge_Alert
21/04/2026,15:32:51,29.849781,16.83,15.2,0.358,6.02514,11.98,25,6.6,7.4,1.1,Normal,1.63,100,Full_Charge_Alert
21/04/2026,15:33:06,29.849783,16.81,15.2,0.35,5.8835,11.96,25,6.6,7.3,1,Normal,1.61,100,Full_Charge_Alert
21/04/2026,15:33:21,29.849758,16.81,15.2,0.355,5.96755,11.94,25,6.6,7.3,1.1,Normal,1.61,100,Full_Charge_Alert
21/04/2026,15:33:36,29.849758,16.81,15.2,0.358,6.01798,11.92,25,6.6,7.3,1.1,Normal,1.61,100,Full_Charge_Alert
21/04/2026,15:33:51,29.849768,16.83,15.2,0.366,6.15978,11.91,25,6.5,7.3,1.1,Normal,1.63,100,Full_Charge_Alert
21/04/2026,15:34:06,29.849777,16.83,15.2,0.355,5.97465,11.89,25,6.5,7.3,0.8,Normal,1.63,100,Full_Charge_Alert
21/04/2026,15:34:21,29.849781,16.82,15.2,0.374,6.29068,11.87,25,6.5,7.3,0.9,Normal,1.62,100,Full_Charge_Alert
21/04/2026,15:34:36,29.849802,16.84,15.2,0.364,6.12976,11.85,25,6.5,7.3,0.9,Normal,1.64,100,Full_Charge_Alert
21/04/2026,15:34:51,29.849817,16.85,15.2,0.377,6.35245,11.84,25,6.5,7.3,1,Normal,1.65,100,Full_Charge_Alert
21/04/2026,15:35:06,29.849819,16.84,15.2,0.37,6.2308,11.82,25,6.5,7.3,1.3,Normal,1.64,100,Full_Charge_Alert
21/04/2026,15:35:21,29.849796,16.84,15.2,0.384,6.46656,11.8,25,6.5,7.3,1.1,Normal,1.64,100,Full_Charge_Alert
21/04/2026,15:35:36,29.849806,16.85,15.2,0.351,5.91435,11.78,25,6.5,7.3,1.1,Normal,1.65,100,Full_Charge_Alert
21/04/2026,15:35:51,29.849815,16.85,15.2,0.338,5.6953,11.77,25,6.5,7.3,1.1,Normal,1.65,100,Full_Charge_Alert
21/04/2026,15:36:06,29.849819,16.85,15.2,0.342,5.7627,11.75,25,6.5,7.3,1.1,Normal,1.65,100,Full_Charge_Alert
21/04/2026,15:36:21,29.849815,16.86,15.2,0.365,6.1539,11.73,25,6.5,7.4,0.9,Normal,1.66,100,Full_Charge_Alert
21/04/2026,15:36:36,29.849808,16.85,15.2,0.368,6.2008,11.71,25,6.4,7.4,0.9,Normal,1.65,100,Full_Charge_Alert
21/04/2026,15:36:51,29.8498,16.85,15.2,0.368,6.2008,11.7,25,6.4,7.3,1.1,Normal,1.65,100,Full_Charge_Alert
21/04/2026,15:37:06,29.8498,16.83,15.2,0.365,6.14295,11.68,25,6.4,7.2,1.2,Normal,1.63,100,Full_Charge_Alert
21/04/2026,15:37:21,29.849804,16.85,15.2,0.357,6.01545,11.66,25,6.4,7.3,1.2,Normal,1.65,100,Full_Charge_Alert
21/04/2026,15:37:36,29.84981,16.84,15.2,0.362,6.09608,11.64,25,6.4,7.2,1.2,Normal,1.64,100,Full_Charge_Alert
21/04/2026,15:37:51,29.849806,16.86,15.2,0.335,5.6481,11.62,25,6.4,7.2,1,Normal,1.66,100,Full_Charge_Alert
21/04/2026,15:38:06,29.849802,16.87,15.2,0.347,5.85389,11.61,25,6.4,7.2,1.2,Normal,1.67,100,Full_Charge_Alert
21/04/2026,15:38:21,29.849796,16.85,15.2,0.344,5.7964,11.59,25,6.4,7.2,1.1,Normal,1.65,100,Full_Charge_Alert
21/04/2026,15:38:36,29.849791,16.86,15.2,0.348,5.86728,11.57,25,6.4,7.2,1,Normal,1.66,100,Full_Charge_Alert
21/04/2026,15:38:51,29.849792,16.85,15.2,0.363,6.11655,11.55,25,6.4,7.3,1,Normal,1.65,100,Full_Charge_Alert
21/04/2026,15:39:06,29.849792,16.85,15.2,0.359,6.04915,11.54,25,6.3,7.4,0.9,Normal,1.65,100,Full_Charge_Alert
21/04/2026,15:39:21,29.849789,16.86,15.2,0.367,6.18762,11.52,25,6.3,7.3,0.7,Normal,1.66,100,Full_Charge_Alert
21/04/2026,15:39:36,29.849787,16.86,15.2,0.364,6.13704,11.5,25,6.3,7.3,0.8,Normal,1.66,100,Full_Charge_Alert
21/04/2026,15:39:51,29.849792,16.85,15.2,0.359,6.04915,11.48,25,6.3,7.3,0.8,Normal,1.65,100,Full_Charge_Alert
21/04/2026,15:40:06,29.849804,16.85,15.2,0.374,6.3019,11.46,25,6.3,7.3,0.8,Normal,1.65,100,Full_Charge_Alert
21/04/2026,15:40:21,29.84981,16.87,15.2,0.384,6.47808,11.45,25,6.3,7.3,0.9,Normal,1.67,100,Full_Charge_Alert
21/04/2026,15:40:36,29.849833,16.88,15.2,0.372,6.27936,11.43,25,6.3,7.3,0.9,Normal,1.68,100,Full_Charge_Alert
21/04/2026,15:40:51,29.84984,16.88,15.2,0.379,6.39752,11.41,25,6.3,7.3,0.9,Normal,1.68,100,Full_Charge_Alert
21/04/2026,15:41:06,29.849834,16.89,15.2,0.382,6.45198,11.39,25,6.3,7.4,0.8,Normal,1.69,100,Full_Charge_Alert
21/04/2026,15:41:21,29.849821,16.9,15.2,0.382,6.4558,11.37,25,6.3,7.4,0.8,Normal,1.7,100,Full_Charge_Alert
21/04/2026,15:41:36,29.849817,16.9,15.2,0.383,6.4727,11.36,25,6.2,7.4,0.9,Normal,1.7,100,Full_Charge_Alert
21/04/2026,15:41:51,29.849829,16.91,15.2,0.366,6.18906,11.34,25,6.2,7.4,0.9,Normal,1.71,100,Full_Charge_Alert
21/04/2026,15:42:06,29.849833,16.92,15.2,0.391,6.61572,11.32,25,6.2,7.4,0.9,Normal,1.72,100,Full_Charge_Alert
21/04/2026,15:42:21,29.849838,16.9,15.2,0.393,6.6417,11.3,25,6.2,7.4,1,Normal,1.7,100,Full_Charge_Alert
21/04/2026,15:42:36,29.849833,16.89,15.2,0.381,6.43509,11.28,25,6.2,7.3,0.9,Normal,1.69,100,Full_Charge_Alert
21/04/2026,15:42:51,29.849827,16.89,15.2,0.374,6.31686,11.27,25,6.2,7.3,1.1,Normal,1.69,100,Full_Charge_Alert
21/04/2026,15:43:06,29.849819,16.91,15.2,0.379,6.40889,11.25,25,6.2,7.3,0.9,Normal,1.71,100,Full_Charge_Alert
21/04/2026,15:43:21,29.849825,16.9,15.2,0.368,6.2192,11.23,25,6.2,7.4,0.8,Normal,1.7,100,Full_Charge_Alert
21/04/2026,15:43:36,29.849834,16.91,15.2,0.375,6.34125,11.21,25,6.2,7.4,0.9,Normal,1.71,100,Full_Charge_Alert
21/04/2026,15:43:51,29.84984,16.89,15.2,0.353,5.96217,11.19,25,6.2,7.3,0.9,Normal,1.69,100,Full_Charge_Alert
21/04/2026,15:44:06,29.849848,16.89,15.2,0.372,6.28308,11.18,25,6.1,7.3,0.8,Normal,1.69,100,Full_Charge_Alert
21/04/2026,15:44:21,29.849827,16.89,15.2,0.359,6.06351,11.16,25,6.1,7.3,0.8,Normal,1.69,100,Full_Charge_Alert
21/04/2026,15:44:36,29.849834,16.89,15.2,0.37,6.2493,11.14,25,6.1,7.3,0.8,Normal,1.69,100,Full_Charge_Alert
21/04/2026,15:44:51,29.849854,16.9,15.2,0.332,5.6108,11.12,25,6.1,7.3,0.8,Normal,1.7,100,Full_Charge_Alert
21/04/2026,15:45:06,29.849844,16.88,15.2,0.356,6.00928,11.1,25,6.1,7.4,0.6,Normal,1.68,100,Full_Charge_Alert
21/04/2026,15:45:21,29.849833,16.88,15.2,0.368,6.21184,11.09,25,6.1,7.3,0.7,Normal,1.68,100,Full_Charge_Alert
21/04/2026,15:45:36,29.849825,16.89,15.2,0.34,5.7426,11.07,25,6.1,7.3,0.7,Normal,1.69,100,Full_Charge_Alert
21/04/2026,15:45:51,29.849833,16.88,15.2,0.346,5.84048,11.05,25,6.1,7.3,0.8,Normal,1.68,100,Full_Charge_Alert
21/04/2026,15:46:06,29.84985,16.88,15.2,0.35,5.908,11.03,25,6.1,7.3,0.7,Normal,1.68,100,Full_Charge_Alert
21/04/2026,15:46:21,29.849861,16.88,15.2,0.356,6.00928,11.01,25,6.1,7.3,0.9,Normal,1.68,100,Full_Charge_Alert
21/04/2026,15:46:36,29.849865,16.87,15.2,0.358,6.03946,11,25,6,7.2,0.9,Normal,1.67,100,Full_Charge_Alert
21/04/2026,15:46:51,29.84985,16.86,15.2,0.337,5.68182,10.98,25,6,7.1,0.9,Normal,1.66,100,Full_Charge_Alert
21/04/2026,15:47:06,29.849833,16.86,15.2,0.349,5.88414,10.96,25,6,7.1,0.9,Normal,1.66,100,Full_Charge_Alert
21/04/2026,15:47:21,29.849831,16.86,15.2,0.351,5.91786,10.94,25,6,7.1,1.1,Normal,1.66,100,Full_Charge_Alert
21/04/2026,15:47:36,29.849861,16.85,15.2,0.371,6.25135,10.92,25,6,7.1,1,Normal,1.65,100,Full_Charge_Alert
21/04/2026,15:47:51,29.849888,16.86,15.2,0.366,6.17076,10.9,25,6,7.1,1.1,Normal,1.66,100,Full_Charge_Alert
21/04/2026,15:48:06,29.849857,16.85,15.2,0.36,6.066,10.89,25,6,7.1,1.2,Normal,1.65,100,Full_Charge_Alert
21/04/2026,15:48:21,29.849836,16.86,15.2,0.362,6.10332,10.87,25,6,7.1,1.3,Normal,1.66,100,Full_Charge_Alert
21/04/2026,15:48:36,29.849838,16.85,15.2,0.35,5.8975,10.85,25,6,7,1.2,Normal,1.65,100,Full_Charge_Alert
21/04/2026,15:48:51,29.84984,16.86,15.2,0.367,6.18762,10.83,25,6,7,1.1,Normal,1.66,100,Full_Charge_Alert
21/04/2026,15:49:06,29.849846,16.85,15.2,0.357,6.01545,10.81,25,5.9,7,1.1,Normal,1.65,100,Full_Charge_Alert
21/04/2026,15:49:21,29.849848,16.85,15.2,0.349,5.88065,10.79,25,5.9,6.9,1,Normal,1.65,100,Full_Charge_Alert
21/04/2026,15:49:36,29.849844,16.85,15.2,0.346,5.8301,10.78,25,5.9,6.9,1,Normal,1.65,100,Full_Charge_Alert
21/04/2026,15:49:51,29.849848,16.85,15.2,0.353,5.94805,10.76,25,5.9,6.9,1.1,Normal,1.65,100,Full_Charge_Alert
21/04/2026,15:50:06,29.849874,16.84,15.2,0.362,6.09608,10.74,25,5.9,6.9,1.1,Normal,1.64,100,Full_Charge_Alert
21/04/2026,15:50:21,29.849876,16.83,15.2,0.342,5.75586,10.72,25,5.9,6.9,1.1,Normal,1.63,100,Full_Charge_Alert
21/04/2026,15:50:36,29.849894,16.84,15.2,0.35,5.894,10.7,25,5.9,6.9,1.1,Normal,1.64,100,Full_Charge_Alert
21/04/2026,15:50:51,29.849888,16.82,15.2,0.355,5.9711,10.68,25,5.9,6.9,1.1,Normal,1.62,100,Full_Charge_Alert
21/04/2026,15:51:06,29.849878,16.82,15.2,0.35,5.887,10.66,25,5.9,6.9,1.1,Normal,1.62,100,Full_Charge_Alert
21/04/2026,15:51:21,29.849863,16.82,15.2,0.341,5.73562,10.65,25,5.9,6.9,1,Normal,1.62,100,Full_Charge_Alert
21/04/2026,15:51:36,29.849827,16.82,15.2,0.337,5.66834,10.63,25,5.8,6.9,1.2,Normal,1.62,100,Full_Charge_Alert
21/04/2026,15:51:51,29.849838,16.82,15.2,0.339,5.70198,10.61,25,5.8,6.8,1,Normal,1.62,100,Full_Charge_Alert
21/04/2026,15:52:06,29.849848,16.8,15.2,0.333,5.5944,10.59,25,5.8,6.8,0.9,Normal,1.6,100,Full_Charge_Alert
21/04/2026,15:52:21,29.849848,16.81,15.2,0.327,5.49687,10.57,25,5.8,6.8,0.8,Normal,1.61,100,Full_Charge_Alert
21/04/2026,15:52:36,29.849838,16.82,15.2,0.346,5.81972,10.55,25,5.8,6.8,1,Normal,1.62,100,Full_Charge_Alert
21/04/2026,15:52:51,29.849836,16.8,15.2,0.359,6.0312,10.54,25,5.8,6.8,0.9,Normal,1.6,100,Full_Charge_Alert
21/04/2026,15:53:06,29.849846,16.8,15.2,0.324,5.4432,10.52,25,5.8,6.8,1,Normal,1.6,100,Full_Charge_Alert
21/04/2026,15:53:21,29.849844,16.78,15.2,0.333,5.58774,10.5,25,5.8,6.8,1.1,Normal,1.58,100,Full_Charge_Alert
21/04/2026,15:53:36,29.849844,16.78,15.2,0.319,5.35282,10.48,25,5.8,6.8,0.9,Normal,1.58,100,Full_Charge_Alert
21/04/2026,15:53:51,29.849834,16.77,15.2,0.345,5.78565,10.46,25,5.8,6.8,1,Normal,1.57,100,Full_Charge_Alert
21/04/2026,15:54:06,29.849831,16.76,15.2,0.346,5.79896,10.44,25,5.7,6.8,0.8,Normal,1.56,100,Full_Charge_Alert
21/04/2026,15:54:21,29.849819,16.74,15.2,0.329,5.50746,10.42,25,5.7,6.8,1,Normal,1.54,100,Full_Charge_Alert
21/04/2026,15:54:36,29.849815,16.71,15.2,0.303,5.06313,10.41,25,5.7,6.7,1.3,Normal,1.51,100,Full_Charge_Alert
21/04/2026,15:54:51,29.849819,16.7,15.2,0.318,5.3106,10.39,25,5.7,6.7,1.2,Normal,1.5,100,Full_Charge_Alert
21/04/2026,15:55:06,29.849817,16.69,15.2,0.318,5.30742,10.37,25,5.7,6.7,1.3,Normal,1.49,100,Full_Charge_Alert
21/04/2026,15:55:21,29.849817,16.68,15.2,0.323,5.38764,10.35,25,5.7,6.7,1,Normal,1.48,100,Full_Charge_Alert
21/04/2026,15:55:36,29.849823,16.68,15.2,0.308,5.13744,10.33,25,5.7,6.7,1,Normal,1.48,100,Full_Charge_Alert
21/04/2026,15:55:51,29.849821,16.67,15.2,0.316,5.26772,10.31,25,5.7,6.7,1.1,Normal,1.47,100,Full_Charge_Alert
21/04/2026,15:56:06,29.849817,16.66,15.2,0.286,4.76476,10.29,25,5.7,6.7,1,Normal,1.46,100,Full_Charge_Alert
21/04/2026,15:56:21,29.849817,16.64,15.2,0.302,5.02528,10.27,25,5.7,6.7,1,Normal,1.44,100,Full_Charge_Alert
21/04/2026,15:56:36,29.849817,16.64,15.2,0.291,4.84224,10.26,25,5.6,6.7,1.1,Normal,1.44,100,Full_Charge_Alert
21/04/2026,15:56:51,29.849813,16.64,15.2,0.293,4.87552,10.24,25,5.6,6.8,1,Normal,1.44,100,Full_Charge_Alert
21/04/2026,15:57:06,29.849815,16.62,15.2,0.272,4.52064,10.22,25,5.6,6.7,1,Normal,1.42,100,Full_Charge_Alert
21/04/2026,15:57:21,29.849848,16.59,15.2,0.275,4.56225,10.2,25,5.6,6.7,0.7,Normal,1.39,100,Full_Charge_Alert
21/04/2026,15:57:36,29.849842,16.57,15.2,0.297,4.92129,10.18,25,5.6,6.7,0.8,Normal,1.37,100,Full_Charge_Alert
21/04/2026,15:57:51,29.849859,16.57,15.2,0.291,4.82187,10.16,25,5.6,6.7,0.8,Normal,1.37,100,Full_Charge_Alert
21/04/2026,15:58:06,29.849857,16.55,15.2,0.259,4.28645,10.14,25,5.6,6.7,0.9,Normal,1.35,100,Full_Charge_Alert
21/04/2026,15:58:21,29.849869,16.54,15.2,0.277,4.58158,10.12,25,5.6,6.7,0.9,Normal,1.34,100,Full_Charge_Alert
21/04/2026,15:58:36,29.849874,16.54,15.2,0.256,4.23424,10.11,25,5.6,6.7,0.7,Normal,1.34,100,Full_Charge_Alert
21/04/2026,15:58:51,29.849888,16.52,15.2,0.281,4.64212,10.09,25,5.5,6.6,0.7,Normal,1.32,100,Full_Charge_Alert
21/04/2026,15:59:06,29.849857,16.51,15.2,0.252,4.16052,10.07,25,5.5,6.7,0.8,Normal,1.31,100,Full_Charge_Alert
21/04/2026,15:59:21,29.849867,16.5,15.2,0.255,4.2075,10.05,25,5.5,6.6,0.7,Normal,1.3,100,Full_Charge_Alert
21/04/2026,15:59:36,29.849882,16.47,15.2,0.235,3.87045,10.03,25,5.5,6.6,0.6,Normal,1.27,100,Full_Charge_Alert
21/04/2026,15:59:51,29.849903,16.45,15.2,0.252,4.1454,10.01,25,5.5,6.6,0.6,Normal,1.25,100,Full_Charge_Alert
21/04/2026,16:00:06,29.849909,16.42,15.2,0.26,4.2692,9.99,25,5.5,6.6,0.7,Shading_Natural,1.22,100,Full_Charge_Alert
21/04/2026,16:00:21,29.84988,16.39,15.2,0.239,3.91721,9.97,25,5.5,6.6,0.5,Shading_Natural,1.19,100,Full_Charge_Alert
21/04/2026,16:00:36,29.849873,16.39,15.2,0.253,4.14667,9.95,25,5.5,6.6,0.7,Shading_Natural,1.19,100,Full_Charge_Alert
21/04/2026,16:00:51,29.849869,16.36,15.2,0.215,3.5174,9.94,25,5.5,6.6,0.6,Shading_Natural,1.16,100,Full_Charge_Alert
21/04/2026,16:01:06,29.849855,16.35,15.2,0.229,3.74415,9.92,25,5.5,6.5,0.5,Shading_Natural,1.15,100,Full_Charge_Alert
21/04/2026,16:01:21,29.849825,16.33,15.2,0.222,3.62526,9.9,25,5.4,6.5,0.5,Shading_Natural,1.13,100,Full_Charge_Alert
21/04/2026,16:01:36,29.849819,16.32,15.2,0.195,3.1824,9.88,25,5.4,6.5,0.5,Shading_Natural,1.12,100,Full_Charge_Alert
21/04/2026,16:01:51,29.849833,16.29,15.2,0.225,3.66525,9.86,25,5.4,6.5,0.6,Shading_Natural,1.09,100,Full_Charge_Alert
21/04/2026,16:02:06,29.849833,16.25,15.2,0.198,3.2175,9.84,25,5.4,6.4,0.5,Shading_Natural,1.05,100,Full_Charge_Alert
21/04/2026,16:02:21,29.849833,16.22,15.2,0.23,3.7306,9.82,25,5.4,6.3,0.5,Shading_Natural,1.02,100,Full_Charge_Alert
21/04/2026,16:02:36,29.849817,16.17,15.2,0.192,3.10464,9.8,25,5.4,6.3,0.6,Shading_Natural,0.97,100,Full_Charge_Alert
21/04/2026,16:02:51,29.849806,16.17,15.2,0.176,2.84592,9.78,25,5.4,6.4,0.6,Shading_Natural,0.97,100,Full_Charge_Alert
21/04/2026,16:03:06,29.849804,16.17,15.2,0.193,3.12081,9.76,25,5.4,6.4,0.5,Shading_Natural,0.97,100,Full_Charge_Alert
21/04/2026,16:03:21,29.849806,16.16,15.2,0.199,3.21584,9.75,25,5.4,6.5,0.6,Shading_Natural,0.96,100,Full_Charge_Alert
21/04/2026,16:03:36,29.849813,16.16,15.2,0.193,3.11888,9.73,25,5.3,6.5,0.6,Shading_Natural,0.96,100,Full_Charge_Alert
21/04/2026,16:03:51,29.849808,16.13,15.2,0.151,2.43563,9.71,25,5.3,6.4,0.5,Shading_Natural,0.93,100,Full_Charge_Alert
21/04/2026,16:04:06,29.849794,16.1,15.2,0.17,2.737,9.69,25,5.3,6.4,0.6,Shading_Natural,0.9,100,Full_Charge_Alert
21/04/2026,16:04:21,29.849791,16.07,15.2,0.175,2.81225,9.67,25,5.3,6.3,0.6,Shading_Natural,0.87,100,Full_Charge_Alert
21/04/2026,16:04:36,29.849789,16.01,15.2,0.179,2.86579,9.65,25,5.3,6.3,0.8,Shading_Natural,0.81,100,Full_Charge_Alert
21/04/2026,16:04:51,29.849791,15.97,15.2,0.149,2.37953,9.63,25,5.3,6.2,0.7,Shading_Natural,0.77,100,Full_Charge_Alert
21/04/2026,16:05:06,29.849796,15.93,15.2,0.166,2.64438,9.61,25,5.3,6.2,0.6,Shading_Natural,0.73,100,Full_Charge_Alert
21/04/2026,16:05:21,29.8498,15.89,15.2,0.166,2.63774,9.59,25,5.3,6.2,0.6,Shading_Natural,0.69,100,Full_Charge_Alert
21/04/2026,16:05:36,29.849792,15.85,15.2,0.14,2.219,9.57,25,5.3,6.2,0.7,Shading_Natural,0.65,100,Full_Charge_Alert
21/04/2026,16:05:51,29.849789,15.82,15.2,0.127,2.00914,9.55,25,5.3,6.2,0.8,Shading_Natural,0.62,100,Full_Charge_Alert
21/04/2026,16:06:06,29.849791,15.83,15.2,0.124,1.96292,9.54,25,5.2,6.3,0.6,Shading_Natural,0.63,100,Full_Charge_Alert
21/04/2026,16:06:21,29.849792,15.81,15.2,0.137,2.16597,9.52,25,5.2,6.3,0.5,Shading_Natural,0.61,100,Full_Charge_Alert
21/04/2026,16:06:36,29.849796,15.82,15.2,0.14,2.2148,9.5,25,5.2,6.1,0,Shading_Natural,0.62,100,Full_Charge_Alert
21/04/2026,16:06:51,29.849796,15.8,15.2,0.13,2.054,9.48,25,5.2,5.7,0,Shading_Natural,0.6,100,Full_Charge_Alert
21/04/2026,16:07:06,29.849798,15.71,15.2,0.13,2.0423,9.46,25,5.2,5.1,0,Shading_Natural,0.51,100,Full_Charge_Alert
21/04/2026,16:07:21,29.849802,15.52,15.2,0.124,1.92448,9.44,25,5.2,4.4,0,Shading_Natural,0.32,100,Full_Charge_Alert
21/04/2026,16:07:36,29.849804,15.4,15.49,0.111,1.7094,9.42,25,5.2,3.7,0,Shading_Natural,-0.09,100,Full_Charge_Alert
21/04/2026,16:07:51,29.849804,15.27,15.35,0.129,1.96983,9.4,25,5.2,3,0,Shading_Natural,-0.08,100,Full_Charge_Alert
21/04/2026,16:08:06,29.849804,15.05,15.08,0.12,1.806,9.38,25,5.2,2.4,0,Shading_Natural,-0.03,100,Full_Charge_Alert
21/04/2026,16:54:06,29.849766,12.95,13.07,0.106,1.3727,5.67,25,3.1,1.2,5.9,Shading_Natural,-0.12,82.8,Normal/Charging
21/04/2026,16:54:21,29.849749,12.92,13.07,0.099,1.27908,5.65,25,3.1,1.2,4.7,Shading_Natural,-0.15,82.8,Normal/Charging
21/04/2026,16:54:36,29.84973,12.9,13.07,0.104,1.3416,5.63,25,3.1,1.2,6.2,Shading_Natural,-0.17,82.8,Normal/Charging
21/04/2026,16:54:51,29.849722,12.93,13.08,0.099,1.28007,5.61,25,3.1,1.2,5.9,Shading_Natural,-0.15,83.2,Normal/Charging
21/04/2026,16:55:06,29.849716,12.92,13.08,0.092,1.18864,5.59,25,3.1,1.2,6.2,Shading_Natural,-0.16,83.2,Normal/Charging
21/04/2026,16:55:21,29.849714,12.94,13.07,0.111,1.43634,5.57,25,3.1,1.2,6.1,Shading_Natural,-0.13,82.8,Normal/Charging
21/04/2026,16:55:36,29.84972,12.94,13.06,0.115,1.4881,5.55,25,3.1,1.2,6.4,Shading_Natural,-0.12,82.4,Normal/Charging
21/04/2026,16:55:51,29.849726,12.93,13.07,0.084,1.08612,5.53,25,3,1.2,5.9,Shading_Natural,-0.14,82.8,Normal/Charging
21/04/2026,16:56:06,29.849737,12.94,13.06,0.079,1.02226,5.5,25,3,1.2,6,Shading_Natural,-0.12,82.4,Normal/Charging
21/04/2026,16:56:21,29.849739,12.93,13.07,0.094,1.21542,5.48,25,3,0.8,0,Shading_Natural,-0.14,82.8,Normal/Charging
21/04/2026,16:56:36,29.849731,12.93,13.06,0.091,1.17663,5.46,25,3,1.1,5.2,Shading_Natural,-0.13,82.4,Normal/Charging
21/04/2026,16:56:51,29.849718,12.91,13.06,0.102,1.31682,5.44,25,3,1.2,6.2,Shading_Natural,-0.15,82.4,Normal/Charging
21/04/2026,16:57:06,29.849726,12.91,13.07,0.095,1.22645,5.42,25,3,1.2,6.4,Shading_Natural,-0.16,82.8,Normal/Charging
21/04/2026,16:57:21,29.849751,12.92,13.06,0.084,1.08528,5.4,25,3,1.2,5.4,Shading_Natural,-0.14,82.4,Normal/Charging
21/04/2026,16:57:36,29.849777,12.93,13.05,0.084,1.08612,5.38,25,3,1.2,5.4,Shading_Natural,-0.12,82,Normal/Charging
21/04/2026,16:57:51,29.849796,12.92,13.05,0.118,1.52456,5.36,25,2.9,1.2,6.1,Shading_Natural,-0.13,82,Normal/Charging
21/04/2026,16:58:06,29.849802,12.89,13.05,0.095,1.22455,5.34,25,2.9,1.1,5.7,Shading_Natural,-0.16,82,Normal/Charging
21/04/2026,16:58:21,29.849798,12.91,13.05,0.118,1.52338,5.32,25,2.9,1.2,6.1,Shading_Natural,-0.14,82,Normal/Charging
21/04/2026,16:58:36,29.8498,12.91,13.05,0.109,1.40719,5.29,25,2.9,1.2,6.3,Shading_Natural,-0.14,82,Normal/Charging
21/04/2026,16:58:51,29.849804,12.91,13.06,0.094,1.21354,5.27,25,2.9,1.1,5.4,Shading_Natural,-0.15,82.4,Normal/Charging
21/04/2026,16:59:06,29.849812,12.89,13.04,0.085,1.09565,5.25,25,2.9,1.2,6.1,Shading_Natural,-0.15,81.6,Normal/Charging
21/04/2026,16:59:21,29.849815,12.91,13.04,0.1,1.291,5.23,25,2.9,1.1,5.9,Shading_Natural,-0.13,81.6,Normal/Charging
21/04/2026,16:59:36,29.849812,12.91,13.05,0.097,1.25227,5.21,25,2.9,1.1,5.6,Shading_Natural,-0.14,82,Normal/Charging
21/04/2026,16:59:51,29.84981,12.91,13.05,0.118,1.52338,5.19,25,2.9,1.1,5.6,Shading_Natural,-0.14,82,Normal/Charging
21/04/2026,17:00:06,29.8498,12.89,13.05,0.109,1.40501,5.17,25,2.8,1.1,5.8,Shading_Natural,-0.16,82,Normal/Charging
21/04/2026,17:00:21,29.849794,12.9,13.05,0.101,1.3029,5.15,25,2.8,1.1,5.2,Shading_Natural,-0.15,82,Normal/Charging
21/04/2026,17:00:36,29.849792,12.9,13.04,0.117,1.5093,5.13,25,2.8,1.1,4.7,Shading_Natural,-0.14,81.6,Normal/Charging
21/04/2026,17:00:51,29.849785,12.89,13.04,0.116,1.49524,5.1,25,2.8,1.1,4.6,Shading_Natural,-0.15,81.6,Normal/Charging
21/04/2026,17:01:06,29.849766,12.89,13.04,0.108,1.39212,5.08,25,2.8,1.1,5.5,Shading_Natural,-0.15,81.6,Normal/Charging
21/04/2026,17:01:21,29.849762,12.9,13.04,0.081,1.0449,5.06,25,2.8,1.1,5.1,Shading_Natural,-0.14,81.6,Normal/Charging
21/04/2026,17:01:36,29.849758,12.9,13.04,0.11,1.419,5.04,25,2.8,1.1,5.9,Shading_Natural,-0.14,81.6,Normal/Charging
21/04/2026,17:01:51,29.849758,12.88,13.04,0.072,0.92736,5.02,25,2.8,1.1,5.1,Shading_Natural,-0.16,81.6,Normal/Charging
21/04/2026,17:02:06,29.84976,12.89,13.03,0.104,1.34056,5,25,2.7,1.1,6.4,Shading_Natural,-0.14,81.2,Normal/Charging
21/04/2026,17:02:21,29.84977,12.89,13.03,0.091,1.17299,4.98,25,2.7,1.1,5.6,Shading_Natural,-0.14,81.2,Normal/Charging
21/04/2026,17:02:36,29.849779,12.88,13.03,0.12,1.5456,4.96,25,2.7,1.1,5.8,Shading_Natural,-0.15,81.2,Normal/Charging
21/04/2026,17:02:51,29.849792,12.88,13.04,0.121,1.55848,4.94,25,2.7,1.1,5.4,Shading_Natural,-0.16,81.6,Normal/Charging
21/04/2026,17:03:06,29.849796,12.88,13.04,0.108,1.39104,4.91,25,2.7,1.1,5,Shading_Natural,-0.16,81.6,Normal/Charging
21/04/2026,17:03:21,29.849796,12.87,13.03,0.106,1.36422,4.89,25,2.7,1.1,5.8,Shading_Natural,-0.16,81.2,Normal/Charging
21/04/2026,17:03:36,29.849791,12.87,13.03,0.121,1.55727,4.87,25,2.7,1.1,5.7,Shading_Natural,-0.16,81.2,Normal/Charging
21/04/2026,17:03:51,29.849783,12.88,13.02,0.107,1.37816,4.85,25,2.7,1.1,5.3,Shading_Natural,-0.14,80.8,Normal/Charging
21/04/2026,17:04:06,29.849787,12.87,13.03,0.126,1.62162,4.83,25,2.7,1.1,5.1,Shading_Natural,-0.16,81.2,Normal/Charging
21/04/2026,17:04:21,29.849789,12.87,13.02,0.105,1.35135,4.81,25,2.6,1.1,5,Shading_Natural,-0.15,80.8,Normal/Charging
21/04/2026,17:04:36,29.849794,12.87,13.02,0.104,1.33848,4.79,25,2.6,1.1,5,Shading_Natural,-0.15,80.8,Normal/Charging
21/04/2026,17:04:51,29.849791,12.87,13.02,0.099,1.27413,4.77,25,2.6,1.1,5.5,Shading_Natural,-0.15,80.8,Normal/Charging
21/04/2026,17:05:06,29.849789,12.88,13.02,0.11,1.4168,4.75,25,2.6,1.1,5.9,Shading_Natural,-0.14,80.8,Normal/Charging
21/04/2026,17:05:21,29.849791,12.87,13.01,0.088,1.13256,4.72,25,2.6,1.1,5.5,Shading_Natural,-0.14,80.4,Normal/Charging
21/04/2026,17:05:36,29.849792,12.86,13.03,0.098,1.26028,4.7,25,2.6,1.1,5.2,Shading_Natural,-0.17,81.2,Normal/Charging
21/04/2026,17:05:51,29.849794,12.86,13.01,0.106,1.36316,4.68,25,2.6,1.1,5.8,Shading_Natural,-0.15,80.4,Normal/Charging
21/04/2026,17:06:06,29.849794,12.85,13.01,0.086,1.1051,4.66,25,2.6,1.1,5.6,Shading_Natural,-0.16,80.4,Normal/Charging
21/04/2026,17:06:21,29.849796,12.87,13.03,0.108,1.38996,4.64,25,2.6,1.1,5.1,Shading_Natural,-0.16,81.2,Normal/Charging
21/04/2026,17:06:36,29.849804,12.86,13.02,0.125,1.6075,4.62,25,2.5,1.1,5,Shading_Natural,-0.16,80.8,Normal/Charging
21/04/2026,17:06:51,29.849808,12.86,13.01,0.107,1.37602,4.6,25,2.5,1.1,5.5,Shading_Natural,-0.15,80.4,Normal/Charging
21/04/2026,17:07:06,29.849812,12.85,13.01,0.125,1.60625,4.58,25,2.5,1.1,5.7,Shading_Natural,-0.16,80.4,Normal/Charging
21/04/2026,17:07:21,29.849817,12.85,13.01,0.11,1.4135,4.55,25,2.5,1.1,6,Shading_Natural,-0.16,80.4,Normal/Charging
21/04/2026,17:07:36,29.849821,12.85,13.02,0.101,1.29785,4.53,25,2.5,1.1,5.8,Shading_Natural,-0.17,80.8,Normal/Charging
21/04/2026,17:07:51,29.849819,12.84,13,0.117,1.50228,4.51,25,2.5,1.1,5.3,Shading_Natural,-0.16,80,Normal/Charging
21/04/2026,17:08:06,29.849823,12.84,13,0.117,1.50228,4.49,25,2.5,1.1,5.3,Shading_Natural,-0.16,80,Normal/Charging
21/04/2026,17:08:21,29.849823,12.83,13,0.118,1.51394,4.47,25,2.5,1.1,5.9,Shading_Natural,-0.17,80,Normal/Charging
21/04/2026,17:08:36,29.849821,12.83,13,0.113,1.44979,4.45,25,2.4,1.1,5.1,Shading_Natural,-0.17,80,Normal/Charging
21/04/2026,17:08:51,29.849819,12.84,13,0.122,1.56648,4.43,25,2.4,1.1,5.9,Shading_Natural,-0.16,80,Normal/Charging
21/04/2026,17:09:06,29.849815,12.85,13,0.111,1.42635,4.41,25,2.4,1.1,5.7,Shading_Natural,-0.15,80,Normal/Charging
21/04/2026,17:09:21,29.849808,12.85,12.99,0.093,1.19505,4.38,25,2.4,1.1,5.4,Shading_Natural,-0.14,79.6,Normal/Charging
21/04/2026,17:09:36,29.849806,12.84,13,0.109,1.39956,4.36,25,2.4,1.1,5.3,Shading_Natural,-0.16,80,Normal/Charging
21/04/2026,17:09:51,29.849806,12.84,13,0.131,1.68204,4.34,25,2.4,1.1,5.7,Shading_Natural,-0.16,80,Normal/Charging
21/04/2026,17:10:06,29.849808,12.84,13,0.103,1.32252,4.32,25,2.4,1.1,4.9,Shading_Natural,-0.16,80,Normal/Charging
21/04/2026,17:10:21,29.849813,12.83,12.99,0.093,1.19319,4.3,25,2.4,1.1,5.2,Shading_Natural,-0.16,79.6,Normal/Charging
21/04/2026,17:10:36,29.849817,12.84,12.98,0.095,1.2198,4.28,25,2.4,1.1,5.4,Shading_Natural,-0.14,79.2,Normal/Charging
21/04/2026,17:10:51,29.849819,12.84,12.99,0.129,1.65636,4.26,25,2.3,1.1,5.9,Shading_Natural,-0.15,79.6,Normal/Charging
21/04/2026,17:11:06,29.849819,12.85,12.99,0.107,1.37495,4.24,25,2.3,1.1,5.8,Shading_Natural,-0.14,79.6,Normal/Charging
21/04/2026,17:11:21,29.849819,12.84,12.98,0.111,1.42524,4.21,25,2.3,1.1,5.9,Shading_Natural,-0.14,79.2,Normal/Charging
21/04/2026,17:11:36,29.849813,12.83,12.98,0.11,1.4113,4.19,25,2.3,1.1,5.3,Shading_Natural,-0.15,79.2,Normal/Charging
21/04/2026,17:11:51,29.84981,12.83,12.97,0.093,1.19319,4.17,25,2.3,1.1,5.6,Shading_Natural,-0.14,78.8,Normal/Charging
21/04/2026,17:12:06,29.849812,12.84,12.99,0.108,1.38672,4.15,25,2.3,1.1,5.7,Shading_Natural,-0.15,79.6,Normal/Charging
21/04/2026,17:12:21,29.849812,12.83,12.98,0.119,1.52677,4.13,25,2.3,1.1,5.5,Shading_Natural,-0.15,79.2,Normal/Charging
21/04/2026,17:12:36,29.849808,12.83,12.99,0.096,1.23168,4.11,25,2.3,1.1,5.4,Shading_Natural,-0.16,79.6,Normal/Charging
21/04/2026,17:12:51,29.84981,12.83,12.98,0.091,1.16753,4.09,25,2.2,1.1,5.5,Shading_Natural,-0.15,79.2,Normal/Charging
21/04/2026,17:13:06,29.849808,12.84,12.99,0.124,1.59216,4.06,25,2.2,1.1,6,Shading_Natural,-0.15,79.6,Normal/Charging
21/04/2026,17:13:21,29.849806,12.82,12.98,0.093,1.19226,4.04,25,2.2,1.1,6.5,Shading_Natural,-0.16,79.2,Normal/Charging
21/04/2026,17:13:36,29.849802,12.82,12.99,0.108,1.38456,4.02,25,2.2,1,5.9,Shading_Natural,-0.17,79.6,Normal/Charging
21/04/2026,17:13:51,29.849802,12.84,12.98,0.11,1.4124,4,25,2.2,1,5.2,Shading_Natural,-0.14,79.2,Normal/Charging
21/04/2026,17:14:06,29.849802,12.82,12.98,0.12,1.5384,3.98,25,2.2,1,6,Shading_Natural,-0.16,79.2,Normal/Charging
21/04/2026,17:14:21,29.849806,12.83,12.97,0.085,1.09055,3.96,25,2.2,1,6.5,Shading_Natural,-0.14,78.8,Normal/Charging
21/04/2026,17:14:36,29.849806,12.83,12.97,0.107,1.37281,3.94,25,2.2,1,6.8,Shading_Natural,-0.14,78.8,Normal/Charging
21/04/2026,17:14:51,29.849808,12.82,12.97,0.092,1.17944,3.91,25,2.2,1,6.2,Shading_Natural,-0.15,78.8,Normal/Charging
21/04/2026,17:15:06,29.849817,12.83,12.98,0.105,1.34715,3.89,25,2.1,1,5.8,Shading_Natural,-0.15,79.2,Normal/Charging
21/04/2026,17:15:21,29.849815,12.83,12.97,0.104,1.33432,3.87,25,2.1,1,7,Shading_Natural,-0.14,78.8,Normal/Charging
21/04/2026,17:15:36,29.849815,12.83,12.98,0.114,1.46262,3.85,25,2.1,1,6.8,Shading_Natural,-0.15,79.2,Normal/Charging
21/04/2026,17:15:51,29.849815,12.81,12.98,0.107,1.37067,3.83,25,2.1,1,7,Shading_Natural,-0.17,79.2,Normal/Charging
21/04/2026,17:16:06,29.849813,12.82,12.98,0.101,1.29482,3.81,25,2.1,1,7.7,Shading_Natural,-0.16,79.2,Normal/Charging
21/04/2026,17:16:21,29.849815,12.83,12.96,0.104,1.33432,3.79,25,2.1,1.1,9.7,Shading_Natural,-0.13,78.4,Normal/Charging
21/04/2026,17:16:36,29.849813,12.82,12.96,0.091,1.16662,3.76,25,2.1,1.1,12.6,Shading_Natural,-0.14,78.4,Normal/Charging
21/04/2026,17:16:51,29.849812,12.82,12.98,0.098,1.25636,3.74,25,2.1,1.2,16.5,Shading_Natural,-0.16,79.2,Normal/Charging
21/04/2026,17:17:06,29.84981,12.82,12.97,0.115,1.4743,3.72,25,2,1.2,21.5,Shading_Natural,-0.15,78.8,Normal/Charging
21/04/2026,17:17:21,29.849808,12.82,12.96,0.125,1.6025,3.7,25,2,1.3,25.2,Shading_Natural,-0.14,78.4,Normal/Charging
21/04/2026,17:17:36,29.849806,12.82,12.96,0.112,1.43584,3.68,25,2,1.4,30.1,Shading_Natural,-0.14,78.4,Normal/Charging
21/04/2026,17:17:51,29.849808,12.82,12.98,0.113,1.44866,3.66,25,2,1.5,33.1,Shading_Natural,-0.16,79.2,Normal/Charging
21/04/2026,17:18:06,29.849808,12.79,12.97,0.127,1.62433,3.64,25,2,1.6,36.9,Shading_Natural,-0.18,78.8,Normal/Charging
21/04/2026,17:18:21,29.84981,12.82,12.97,0.115,1.4743,3.61,25,2,1.7,38.8,Shading_Natural,-0.15,78.8,Normal/Charging
21/04/2026,17:18:36,29.849806,12.8,12.96,0.13,1.664,3.59,25,2,1.8,40.5,Shading_Natural,-0.16,78.4,Normal/Charging
21/04/2026,17:18:51,29.849806,12.82,12.96,0.122,1.56404,3.57,25,2,1.9,41.4,Shading_Natural,-0.14,78.4,Normal/Charging
21/04/2026,17:19:06,29.849806,12.81,12.96,0.115,1.47315,3.55,25,2,2,41.6,Shading_Natural,-0.15,78.4,Normal/Charging
21/04/2026,17:19:21,29.849806,12.81,12.96,0.126,1.61406,3.53,25,1.9,2.1,42,Shading_Natural,-0.15,78.4,Normal/Charging
21/04/2026,17:19:36,29.849804,12.8,12.94,0.125,1.6,3.51,25,1.9,2.2,42.6,Shading_Natural,-0.14,77.6,Normal/Charging
21/04/2026,17:19:51,29.849802,12.81,12.97,0.102,1.30662,3.49,25,1.9,2.2,42.6,Shading_Natural,-0.16,78.8,Normal/Charging
21/04/2026,17:20:06,29.849804,12.8,12.97,0.1,1.28,3.46,25,1.9,2.3,42.5,Shading_Natural,-0.17,78.8,Normal/Charging
21/04/2026,17:20:21,29.849804,12.81,12.95,0.116,1.48596,3.44,25,1.9,2.3,41.6,Shading_Natural,-0.14,78,Normal/Charging
21/04/2026,17:20:36,29.84981,12.81,12.95,0.099,1.26819,3.42,25,1.9,2.3,41.1,Shading_Natural,-0.14,78,Normal/Charging
21/04/2026,17:20:51,29.849812,12.79,12.95,0.116,1.48364,3.4,25,1.9,2.4,40.6,Shading_Natural,-0.16,78,Normal/Charging
21/04/2026,17:21:06,29.849812,12.81,12.95,0.13,1.6653,3.38,25,1.9,2.3,39.3,Shading_Natural,-0.14,78,Normal/Charging
21/04/2026,17:21:21,29.849808,12.79,12.96,0.104,1.33016,3.36,25,1.8,2.3,38.5,Shading_Natural,-0.17,78.4,Normal/Charging
21/04/2026,17:21:36,29.84981,12.79,12.95,0.095,1.21505,3.34,25,1.8,2.3,37.7,Shading_Natural,-0.16,78,Normal/Charging
21/04/2026,17:21:51,29.849812,12.8,12.95,0.113,1.4464,3.31,25,1.8,2.3,36.7,Shading_Natural,-0.15,78,Normal/Charging
21/04/2026,17:22:06,29.849815,12.79,12.96,0.128,1.63712,3.29,25,1.8,2.3,36.5,Shading_Natural,-0.17,78.4,Normal/Charging
21/04/2026,17:22:21,29.849815,12.79,12.94,0.123,1.57317,3.27,25,1.8,2.3,35.9,Shading_Natural,-0.15,77.6,Normal/Charging
21/04/2026,17:22:36,29.849815,12.78,12.95,0.123,1.57194,3.25,25,1.8,2.3,35.9,Shading_Natural,-0.17,78,Normal/Charging
21/04/2026,17:22:51,29.849813,12.78,12.95,0.122,1.55916,3.23,25,1.8,2.3,36.3,Shading_Natural,-0.17,78,Normal/Charging
21/04/2026,17:23:06,29.849813,12.77,12.95,0.09,1.1493,3.21,25,1.8,2.3,36.6,Shading_Natural,-0.18,78,Normal/Charging
21/04/2026,17:23:21,29.849812,12.78,12.95,0.152,1.94256,3.18,25,1.8,2.3,10.58966035,Normal,-0.17,78,Normal/Charging
21/04/2026,17:23:36,29.849812,12.78,12.94,0.106,1.35468,3.16,25,1.7,2.2,36.6,Shading_Natural,-0.16,77.6,Normal/Charging
21/04/2026,17:23:51,29.849812,12.77,12.94,0.117,1.49409,3.14,25,1.7,2.2,37,Shading_Natural,-0.17,77.6,Normal/Charging
21/04/2026,17:24:06,29.849813,12.77,12.94,0.131,1.67287,3.12,25,1.7,2.2,10.8795872,Normal,-0.17,77.6,Normal/Charging
21/04/2026,17:24:21,29.849813,12.79,12.95,0.134,1.71386,3.1,25,1.7,2.2,9.071572788,Normal,-0.16,78,Normal/Charging
21/04/2026,17:24:36,29.849817,12.79,12.94,0.097,1.24063,3.08,25,1.7,2.2,37.7,Shading_Natural,-0.15,77.6,Normal/Charging
21/04/2026,17:24:51,29.849823,12.78,12.93,0.14,1.7892,3.06,25,1.7,2.2,12.70709838,Normal,-0.15,77.2,Normal/Charging
21/04/2026,17:25:06,29.849819,12.77,12.95,0.13,1.6601,3.03,25,1.7,2.2,8.999313666,Normal,-0.18,78,Normal/Charging
21/04/2026,17:25:21,29.849806,12.77,12.94,0.145,1.85165,3.01,25,1.7,2.1,5.71006328,Normal,-0.17,77.6,Normal/Charging
21/04/2026,17:25:36,29.849802,12.76,12.92,0.109,1.39084,2.99,25,1.6,2.1,39,Shading_Natural,-0.16,76.8,Normal/Charging
21/04/2026,17:25:51,29.849806,12.77,12.93,0.113,1.44301,2.97,25,1.6,2.1,39,Shading_Natural,-0.16,77.2,Normal/Charging
21/04/2026,17:26:06,29.849808,12.75,12.92,0.128,1.632,2.95,25,1.6,2,5.763563267,Normal,-0.17,76.8,Normal/Charging
21/04/2026,17:26:21,29.849813,12.75,12.93,0.119,1.51725,2.93,25,1.6,2,9.123235526,Normal,-0.18,77.2,Normal/Charging
21/04/2026,17:26:36,29.849812,12.77,12.92,0.119,1.51963,2.9,25,1.6,2.1,11.9545318,Normal,-0.15,76.8,Normal/Charging
21/04/2026,17:26:51,29.849808,12.75,12.92,0.123,1.56825,2.88,25,1.6,2,11.99753477,Normal,-0.17,76.8,Normal/Charging
21/04/2026,17:27:06,29.849804,12.76,12.92,0.151,1.92676,2.86,25,1.6,2.1,13.1489938,Normal,-0.16,76.8,Normal/Charging
21/04/2026,17:27:21,29.849794,12.75,12.92,0.127,1.61925,2.84,25,1.6,2.1,6.430683521,Normal,-0.17,76.8,Normal/Charging
21/04/2026,17:27:36,29.849791,12.74,12.92,0.119,1.51606,2.82,25,1.5,2,11.91525126,Normal,-0.18,76.8,Normal/Charging
21/04/2026,17:27:51,29.849792,12.74,12.9,0.107,1.36318,2.8,25,1.5,2,40.9,Shading_Natural,-0.16,76,Normal/Charging
21/04/2026,17:28:06,29.849792,12.74,12.92,0.126,1.60524,2.77,25,1.5,2,12.22490224,Normal,-0.18,76.8,Normal/Charging
21/04/2026,17:28:21,29.849794,12.75,12.91,0.134,1.7085,2.75,25,1.5,1.9,6.248475687,Normal,-0.16,76.4,Normal/Charging
21/04/2026,17:28:36,29.8498,12.73,12.92,0.115,1.46395,2.73,25,1.5,1.9,8.127776272,Normal,-0.19,76.8,Normal/Charging
21/04/2026,17:28:51,29.849804,12.73,12.91,0.117,1.48941,2.71,25,1.5,2,11.45233942,Normal,-0.18,76.4,Normal/Charging
21/04/2026,17:29:06,29.849804,12.75,12.9,0.118,1.5045,2.69,25,1.5,2,10.64895288,Normal,-0.15,76,Normal/Charging
21/04/2026,17:29:21,29.8498,12.73,12.9,0.128,1.62944,2.67,25,1.5,2,11.2223305,Normal,-0.17,76,Normal/Charging
21/04/2026,17:29:36,29.8498,12.74,12.9,0.12,1.5288,2.65,25,1.5,2,8.301582594,Normal,-0.16,76,Normal/Charging
21/04/2026,17:29:51,29.849813,12.74,12.89,0.129,1.64346,2.62,25,1.4,1.9,13.47034273,Normal,-0.15,75.6,Normal/Charging
21/04/2026,17:30:06,29.849819,12.72,12.9,0.13,1.6536,2.6,25,1.4,1.9,14.58365034,Normal,-0.18,76,Normal/Charging
21/04/2026,17:30:21,29.849823,12.73,12.91,0.128,1.62944,2.58,25,1.4,1.9,6.536381608,Normal,-0.18,76.4,Normal/Charging
21/04/2026,17:30:36,29.849829,12.72,12.89,0.143,1.81896,2.56,25,1.4,1.9,10.56351121,Normal,-0.17,75.6,Normal/Charging
21/04/2026,17:30:51,29.849827,12.72,12.88,0.11,1.3992,2.54,25,1.4,1.8,13.77910108,Normal,-0.16,75.2,Normal/Charging
21/04/2026,17:31:06,29.849823,12.73,12.89,0.133,1.69309,2.52,25,1.4,1.8,9.779070776,Normal,-0.16,75.6,Normal/Charging
21/04/2026,17:31:21,29.849815,12.73,12.89,0.12,1.5276,2.49,25,1.4,1.8,11.69559258,Normal,-0.16,75.6,Normal/Charging
21/04/2026,17:31:36,29.849812,12.72,12.88,0.123,1.56456,2.47,25,1.4,1.8,6.020151942,Normal,-0.16,75.2,Normal/Charging
21/04/2026,17:31:51,29.849806,12.69,12.89,0.124,1.57356,2.45,25,1.3,1.8,8.624950321,Normal,-0.2,75.6,Normal/Charging
21/04/2026,17:32:06,29.849806,12.72,12.88,0.132,1.67904,2.43,25,1.3,1.8,7.203228318,Normal,-0.16,75.2,Normal/Charging
21/04/2026,17:32:21,29.849806,12.71,12.89,0.116,1.47436,2.41,25,1.3,1.8,14.38273215,Normal,-0.18,75.6,Normal/Charging
21/04/2026,17:32:36,29.849808,12.7,12.87,0.128,1.6256,2.39,25,1.3,1.8,9.368268352,Normal,-0.17,74.8,Normal/Charging
21/04/2026,17:32:51,29.849804,12.69,12.87,0.12,1.5228,2.36,25,1.3,1.8,7.179976188,Normal,-0.18,74.8,Normal/Charging
21/04/2026,17:33:06,29.849802,12.69,12.87,0.1,1.269,2.34,25,1.3,1.7,11.78231776,Normal,-0.18,74.8,Normal/Charging
21/04/2026,17:33:21,29.849806,12.69,12.89,0.121,1.53549,2.32,25,1.3,1.7,10.89269471,Normal,-0.2,75.6,Normal/Charging
21/04/2026,17:33:36,29.849808,12.68,12.87,0.114,1.44552,2.3,25,1.3,1.7,10.18626495,Normal,-0.19,74.8,Normal/Charging
21/04/2026,17:33:51,29.84981,12.69,12.86,0.103,1.30707,2.28,25,1.3,1.6,12.57939573,Normal,-0.17,74.4,Normal/Charging
21/04/2026,17:34:06,29.849808,12.69,12.86,0.137,1.73853,2.26,25,1.2,1.6,8.123704319,Normal,-0.17,74.4,Normal/Charging
21/04/2026,17:34:21,29.84981,12.7,12.86,0.13,1.651,2.23,25,1.2,1.5,10.27811008,Normal,-0.16,74.4,Normal/Charging
21/04/2026,17:34:36,29.849815,12.68,12.85,0.147,1.86396,2.21,25,1.2,1.4,6.634234553,Normal,-0.17,74,Normal/Charging
21/04/2026,17:34:51,29.849819,12.68,12.85,0.148,1.87664,2.19,25,1.2,1.4,12.73140651,Normal,-0.17,74,Normal/Charging
21/04/2026,17:35:06,29.849821,12.68,12.86,0.149,1.88932,2.17,25,1.2,1.3,13.40836388,Normal,-0.18,74.4,Normal/Charging
21/04/2026,17:35:21,29.849827,12.67,12.85,0.125,1.58375,2.15,25,1.2,1.2,10.04974655,Normal,-0.18,74,Normal/Charging
21/04/2026,17:35:36,29.849827,12.66,12.85,0.138,1.74708,2.13,25,1.2,1.2,11.38075058,Normal,-0.19,74,Normal/Charging
21/04/2026,17:35:51,29.849829,12.67,12.85,0.12,1.5204,2.1,25,1.2,1.1,28.6,Normal,-0.18,74,Normal/Charging
21/04/2026,17:36:06,29.849825,12.67,12.84,0.111,1.40637,2.08,25,1.1,1.1,27.9,Normal,-0.17,73.6,Normal/Charging
21/04/2026,17:36:21,29.849825,12.67,12.84,0.122,1.54574,2.06,25,1.1,1.1,26.4,Normal,-0.17,73.6,Normal/Charging
21/04/2026,17:36:36,29.84981,12.68,12.83,0.153,1.94004,2.04,25,1.1,1.1,25.4,Normal,-0.15,73.2,Normal/Charging
21/04/2026,17:36:51,29.849804,12.66,12.83,0.134,1.69644,2.02,25,1.1,1,25.5,Normal,-0.17,73.2,Normal/Charging
21/04/2026,17:37:06,29.849798,12.66,12.83,0.125,1.5825,2,25,1.1,1.1,27.3,Normal,-0.17,73.2,Normal/Charging
21/04/2026,17:37:21,29.849802,12.66,12.84,0.13,1.6458,1.97,25,1.1,1.1,28.9,Normal_Sunset,-0.18,73.6,Normal/Charging
21/04/2026,17:37:36,29.849804,12.67,12.84,0.142,1.79914,1.95,25,1.1,1.1,29,Normal_Sunset,-0.17,73.6,Normal/Charging
21/04/2026,17:37:51,29.849796,12.66,12.82,0.151,1.91166,1.93,25,1.1,1,27.5,Normal_Sunset,-0.16,72.8,Normal/Charging
21/04/2026,17:38:06,29.849796,12.67,12.83,0.157,1.98919,1.91,25,1,1,28.6,Normal_Sunset,-0.16,73.2,Normal/Charging
21/04/2026,17:38:21,29.8498,12.65,12.83,0.112,1.4168,1.89,25,1,1.1,29.5,Normal_Sunset,-0.18,73.2,Normal/Charging
21/04/2026,17:38:36,29.849802,12.65,12.83,0.13,1.6445,1.86,25,1,1.1,30.1,Normal_Sunset,-0.18,73.2,Normal/Charging
21/04/2026,17:38:51,29.849798,12.66,12.83,0.141,1.78506,1.84,25,1,1,29.8,Normal_Sunset,-0.17,73.2,Normal/Charging
21/04/2026,17:39:06,29.849794,12.63,12.83,0.138,1.74294,1.82,25,1,1,28,Normal_Sunset,-0.2,73.2,Normal/Charging
21/04/2026,17:39:21,29.849798,12.64,12.83,0.14,1.7696,1.8,25,1,1,26.3,Normal_Sunset,-0.19,73.2,Normal/Charging
21/04/2026,17:39:36,29.849808,12.64,12.82,0.115,1.4536,1.78,25,1,0.9,23.1,Normal_Sunset,-0.18,72.8,Normal/Charging
21/04/2026,17:39:51,29.849817,12.65,12.82,0.108,1.3662,1.76,25,1,0.9,20.3,Normal_Sunset,-0.17,72.8,Normal/Charging
21/04/2026,17:40:06,29.849825,12.64,12.81,0.14,1.7696,1.73,25,1,0.9,17.8,Normal_Sunset,-0.17,72.4,Normal/Charging
21/04/2026,17:40:21,29.849834,12.62,12.81,0.129,1.62798,1.71,25,0.9,0.8,16.2,Normal_Sunset,-0.19,72.4,Normal/Charging
21/04/2026,17:40:36,29.849842,12.64,12.81,0.123,1.55472,1.69,25,0.9,0.8,12.1,Normal_Sunset,-0.17,72.4,Normal/Charging
21/04/2026,17:40:51,29.84984,12.63,12.81,0.129,1.62927,1.67,25,0.9,0.8,13.1,Normal_Sunset,-0.18,72.4,Normal/Charging
21/04/2026,17:41:06,29.849842,12.62,12.81,0.142,1.79204,1.65,25,0.9,0.8,17.2,Normal_Sunset,-0.19,72.4,Normal/Charging
21/04/2026,17:41:21,29.849846,12.63,12.81,0.148,1.86924,1.63,25,0.9,0.9,20,Normal_Sunset,-0.18,72.4,Normal/Charging
21/04/2026,17:41:36,29.84985,12.63,12.81,0.14,1.7682,1.6,25,0.9,0.9,21.6,Normal_Sunset,-0.18,72.4,Normal/Charging
21/04/2026,17:41:51,29.849855,12.64,12.82,0.115,1.4536,1.58,25,0.9,0.9,22.5,Normal_Sunset,-0.18,72.8,Normal/Charging
21/04/2026,17:42:06,29.849852,12.63,12.81,0.144,1.81872,1.56,25,0.9,0.9,23.2,Normal_Sunset,-0.18,72.4,Normal/Charging
21/04/2026,17:42:21,29.849846,12.63,12.8,0.131,1.65453,1.54,25,0.8,0.9,23.5,Normal_Sunset,-0.17,72,Normal/Charging
21/04/2026,17:42:36,29.849846,12.63,12.8,0.139,1.75557,1.52,25,0.8,0.9,24,Normal_Sunset,-0.17,72,Normal/Charging
21/04/2026,17:42:51,29.849846,12.6,12.8,0.149,1.8774,1.5,25,0.8,0.9,23.1,Normal_Sunset,-0.2,72,Normal/Charging
21/04/2026,17:43:06,29.849836,12.63,12.81,0.135,1.70505,1.47,25,0.8,0.9,24.5,Normal_Sunset,-0.18,72.4,Normal/Charging
21/04/2026,17:43:21,29.849833,12.63,12.79,0.134,1.69242,1.45,25,0.8,0.9,23.7,Normal_Sunset,-0.16,71.6,Normal/Charging
21/04/2026,17:43:36,29.849836,12.63,12.79,0.141,1.78083,1.43,25,0.8,0.9,22.9,Normal_Sunset,-0.16,71.6,Normal/Charging
21/04/2026,17:43:51,29.84984,12.61,12.79,0.138,1.74018,1.41,25,0.8,0.9,23,Normal_Sunset,-0.18,71.6,Normal/Charging
21/04/2026,17:44:06,29.849838,12.62,12.79,0.145,1.8299,1.39,25,0.8,0.9,24.3,Normal_Sunset,-0.17,71.6,Normal/Charging
21/04/2026,17:44:21,29.849831,12.61,12.8,0.134,1.68974,1.36,25,0.8,0.9,25.6,Normal_Sunset,-0.19,72,Normal/Charging
21/04/2026,17:44:36,29.849827,12.59,12.8,0.142,1.78778,1.34,25,0.7,0.9,26,Normal_Sunset,-0.21,72,Normal/Charging
21/04/2026,17:44:51,29.849831,12.59,12.8,0.124,1.56116,1.32,25,0.7,0.9,28.1,Normal_Sunset,-0.21,72,Normal/Charging
21/04/2026,17:45:06,29.849829,12.59,12.8,0.129,1.62411,1.3,25,0.7,0.9,31.5,Normal_Sunset,-0.21,72,Normal/Charging
21/04/2026,17:45:21,29.849823,12.6,12.8,0.146,1.8396,1.28,25,0.7,1,32.5,Normal_Sunset,-0.2,72,Normal/Charging
21/04/2026,17:45:36,29.849813,12.61,12.79,0.14,1.7654,1.26,25,0.7,0.9,32.3,Normal_Sunset,-0.18,71.6,Normal/Charging
21/04/2026,17:45:51,29.849808,12.61,12.79,0.141,1.77801,1.23,25,0.7,0.9,32.3,Normal_Sunset,-0.18,71.6,Normal/Charging
21/04/2026,17:46:06,29.84981,12.61,12.79,0.135,1.70235,1.21,25,0.7,1,33.6,Normal_Sunset,-0.18,71.6,Normal/Charging
21/04/2026,17:46:21,29.849817,12.59,12.79,0.143,1.80037,1.19,25,0.7,1,34.5,Normal_Sunset,-0.2,71.6,Normal/Charging
21/04/2026,17:46:36,29.849815,12.59,12.78,0.147,1.85073,1.17,25,0.6,1,35.8,Normal_Sunset,-0.19,71.2,Normal/Charging
21/04/2026,17:46:51,29.849804,12.58,12.78,0.154,1.93732,1.15,25,0.6,1,35.8,Normal_Sunset,-0.2,71.2,Normal/Charging
21/04/2026,17:47:06,29.849791,12.6,12.78,0.158,1.9908,1.13,25,0.6,1,36.6,Normal_Sunset,-0.18,71.2,Normal/Charging
21/04/2026,17:47:21,29.849789,12.59,12.76,0.139,1.75001,1.1,25,0.6,1,37.8,Normal_Sunset,-0.17,70.4,Normal/Charging
21/04/2026,17:47:36,29.849796,12.58,12.79,0.143,1.79894,1.08,25,0.6,1,38.8,Normal_Sunset,-0.21,71.6,Normal/Charging
21/04/2026,17:47:51,29.849792,12.59,12.78,0.168,2.11512,1.06,25,0.6,1,40.1,Normal_Sunset,-0.19,71.2,Normal/Charging
21/04/2026,17:48:06,29.849787,12.57,12.78,0.165,2.07405,1.04,25,0.6,1,41.5,Normal_Sunset,-0.21,71.2,Normal/Charging
21/04/2026,17:48:21,29.849779,12.59,12.79,0.136,1.71224,1.02,25,0.6,1,41.7,Normal_Sunset,-0.2,71.6,Normal/Charging
21/04/2026,17:48:36,29.849777,12.58,12.78,0.144,1.81152,0.99,25,0.5,1.1,43.3,Normal_Sunset,-0.2,71.2,Normal/Charging
21/04/2026,17:48:51,29.849777,12.57,12.78,0.16,2.0112,0.97,25,0.5,1.1,43.5,Normal_Sunset,-0.21,71.2,Normal/Charging
21/04/2026,17:49:06,29.849779,12.58,12.77,0.139,1.74862,0.95,25,0.5,1.1,44.1,Normal_Sunset,-0.19,70.8,Normal/Charging
21/04/2026,17:49:21,29.849783,12.58,12.78,0.137,1.72346,0.93,25,0.5,1.1,44.9,Normal_Sunset,-0.2,71.2,Normal/Charging
21/04/2026,17:49:36,29.849785,12.55,12.78,0.157,1.97035,0.91,25,0.5,1.1,44.3,Normal_Sunset,-0.23,71.2,Normal/Charging
21/04/2026,17:49:51,29.849773,12.57,12.77,0.165,2.07405,0.89,25,0.5,1,43.7,Normal_Sunset,-0.2,70.8,Normal/Charging
21/04/2026,17:50:06,29.849766,12.57,12.77,0.142,1.78494,0.86,25,0.5,1,42.3,Normal_Sunset,-0.2,70.8,Normal/Charging
21/04/2026,17:50:21,29.84977,12.57,12.77,0.148,1.86036,0.84,25,0.5,1,42.8,Normal_Sunset,-0.2,70.8,Normal/Charging
21/04/2026,17:50:36,29.84977,12.56,12.77,0.126,1.58256,0.82,25,0.5,1,42.3,Normal_Sunset,-0.21,70.8,Normal/Charging
21/04/2026,17:50:51,29.849775,12.57,12.77,0.15,1.8855,0.8,25,0.4,1,41.5,Normal_Sunset,-0.2,70.8,Normal/Charging
21/04/2026,17:51:06,29.849779,12.57,12.77,0.151,1.89807,0.78,25,0.4,1,42.6,Normal_Sunset,-0.2,70.8,Normal/Charging
21/04/2026,17:51:21,29.849779,12.55,12.77,0.138,1.7319,0.75,25,0.4,1,42.3,Normal_Sunset,-0.22,70.8,Normal/Charging
21/04/2026,17:51:36,29.849775,12.56,12.76,0.145,1.8212,0.73,25,0.4,1,42.6,Normal_Sunset,-0.2,70.4,Normal/Charging
21/04/2026,17:51:51,29.849783,12.56,12.76,0.139,1.74584,0.71,25,0.4,1,42.1,Normal_Sunset,-0.2,70.4,Normal/Charging
21/04/2026,17:52:06,29.849789,12.55,12.76,0.162,2.0331,0.69,25,0.4,1,41.9,Normal_Sunset,-0.21,70.4,Normal/Charging
21/04/2026,17:52:21,29.849783,12.55,12.75,0.145,1.81975,0.67,25,0.4,0.9,41.1,Normal_Sunset,-0.2,70,Normal/Charging
21/04/2026,17:52:36,29.849787,12.54,12.75,0.136,1.70544,0.65,25,0.4,0.9,40.7,Normal_Sunset,-0.21,70,Normal/Charging
21/04/2026,17:52:51,29.849787,12.55,12.76,0.169,2.12095,0.62,25,0.3,0.9,39,Normal_Sunset,-0.21,70.4,Normal/Charging
21/04/2026,17:53:06,29.849787,12.54,12.75,0.165,2.0691,0.6,25,0.3,0.9,37.7,Normal_Sunset,-0.21,70,Normal/Charging
21/04/2026,17:53:21,29.849783,12.54,12.75,0.143,1.79322,0.58,25,0.3,0.9,37.2,Normal_Sunset,-0.21,70,Normal/Charging
21/04/2026,17:53:36,29.849785,12.55,12.75,0.149,1.86995,0.56,25,0.3,0.8,35.6,Normal_Sunset,-0.2,70,Normal/Charging
21/04/2026,17:53:51,29.849789,12.54,12.75,0.158,1.98132,0.54,25,0.3,0.8,35.2,Normal_Sunset,-0.21,70,Normal/Charging
21/04/2026,17:54:06,29.849785,12.54,12.75,0.162,2.03148,0.51,25,0.3,0.8,34.1,Normal_Sunset,-0.21,70,Normal/Charging
21/04/2026,17:54:21,29.849783,12.54,12.74,0.153,1.91862,0.49,25,0.3,0.8,32.5,Normal_Sunset,-0.2,69.6,Normal/Charging
21/04/2026,17:54:36,29.849785,12.54,12.75,0.181,2.26974,0.47,25,0.3,0.8,31.2,Normal_Sunset,-0.21,70,Normal/Charging
21/04/2026,17:54:51,29.849792,12.54,12.73,0.155,1.9437,0.45,25,0.2,0.7,29.9,Normal_Sunset,-0.19,69.2,Normal/Charging
21/04/2026,17:55:06,29.8498,12.54,12.75,0.164,2.05656,0.43,25,0.2,0.7,30.1,Normal_Sunset,-0.21,70,Normal/Charging
21/04/2026,17:55:21,29.849796,12.54,12.75,0.152,1.90608,0.41,25,0.2,0.7,30,Normal_Sunset,-0.21,70,Normal/Charging
21/04/2026,17:55:36,29.849787,12.53,12.74,0.135,1.69155,0.38,25,0.2,0.7,28.4,Normal_Sunset,-0.21,69.6,Normal/Charging
21/04/2026,17:55:51,29.849785,12.54,12.74,0.158,1.98132,0.36,25,0.2,0.7,26.3,Normal_Sunset,-0.2,69.6,Normal/Charging
21/04/2026,17:56:06,29.849796,12.53,12.74,0.144,1.80432,0.34,25,0.2,0.7,26.4,Normal_Sunset,-0.21,69.6,Normal/Charging
21/04/2026,17:56:21,29.849808,12.52,12.74,0.136,1.70272,0.32,25,0.2,0,25,Normal_Sunset,-0.22,69.6,Normal/Charging
21/04/2026,17:56:36,29.8498,12.54,12.76,0.18,2.2572,0.3,25,0.2,0,23.6,Normal_Sunset,-0.22,70.4,Normal/Charging
21/04/2026,17:56:51,29.849796,12.54,12.75,0.168,2.10672,0.27,25,0.2,0,24.1,Normal_Sunset,-0.21,70,Normal/Charging
21/04/2026,17:57:06,29.849804,12.51,12.73,0.149,1.86399,0.25,25,0.1,0,22.4,Normal_Sunset,-0.22,69.2,Normal/Charging
21/04/2026,17:57:21,29.849806,12.53,12.74,0.164,2.05492,0.23,25,0.1,0,21,Normal_Sunset,-0.21,69.6,Normal/Charging
21/04/2026,17:57:36,29.849808,12.53,12.74,0.168,2.10504,0.21,25,0.1,0,19.8,Normal_Sunset,-0.21,69.6,Normal/Charging
21/04/2026,17:57:51,29.849813,12.52,12.74,0.165,2.0658,0.19,25,0.1,0,20,Normal_Sunset,-0.22,69.6,Normal/Charging
21/04/2026,17:58:06,29.849819,12.53,12.74,0.144,1.80432,0.17,25,0.1,0,17.5,Normal_Sunset,-0.21,69.6,Normal/Charging
21/04/2026,17:58:21,29.849812,12.54,12.74,0.162,2.03148,0.14,25,0.1,0,18.1,Normal_Sunset,-0.2,69.6,Normal/Charging
21/04/2026,17:58:36,29.849808,12.52,12.73,0.173,2.16596,0.12,25,0.1,0,16.9,Normal_Sunset,-0.21,69.2,Normal/Charging
21/04/2026,17:58:51,29.849798,12.52,12.74,0.161,2.01572,0.1,25,0.1,0,15.6,Normal_Sunset,-0.22,69.6,Normal/Charging
21/04/2026,17:59:06,29.849792,12.5,12.74,0.16,2,0.08,25,0,0,14,Normal_Sunset,-0.24,69.6,Normal/Charging
21/04/2026,17:59:21,29.849802,12.52,12.74,0.149,1.86548,0.06,25,0,0,13,Normal_Sunset,-0.22,69.6,Normal/Charging
21/04/2026,17:59:36,29.849808,12.5,12.74,0.161,2.0125,0.03,25,0,0,12.3,Normal_Sunset,-0.24,69.6,Normal/Charging
21/04/2026,17:59:51,29.849815,12.49,12.73,0.171,2.13579,0.01,25,0,0,11.2,Normal_Sunset,-0.24,69.2,Normal/Charging
21/04/2026,18:00:06,29.849815,12.52,12.73,0.147,1.84044,0,25,0,0,10.3,Normal_Sunset,-0.21,69.2,Normal/Charging
21/04/2026,18:00:21,29.849802,12.5,12.72,0.145,1.8125,0,25,0,0,9.9,Normal_Sunset,-0.22,68.8,Normal/Charging
21/04/2026,18:00:36,29.849789,12.51,12.73,0.135,1.68885,0,25,0,0,8.3,Normal_Sunset,-0.22,69.2,Normal/Charging
21/04/2026,18:00:51,29.849796,12.51,12.73,0.159,1.98909,0,25,0,0,5.7,Normal_Sunset,-0.22,69.2,Normal/Charging
21/04/2026,18:01:06,29.849789,12.48,12.73,0.155,1.9344,0,25,0,0,5.7,Normal_Sunset,-0.25,69.2,Normal/Charging
21/04/2026,18:01:21,29.849777,12.49,12.73,0.147,1.83603,0,25,0,0,3.6,Normal_Sunset,-0.24,69.2,Normal/Charging
21/04/2026,18:01:36,29.849773,12.5,12.73,0.162,2.025,0,25,0,0,0,Normal_Sunset,-0.23,69.2,Normal/Charging
21/04/2026,18:01:51,29.849775,12.5,12.73,0.17,2.125,0,25,0,0,2.3,Normal_Sunset,-0.23,69.2,Normal/Charging
21/04/2026,18:02:06,29.849773,12.49,12.73,0.135,1.68615,0,25,0,0,0,Normal_Sunset,-0.24,69.2,Normal/Charging
21/04/2026,18:02:21,29.849762,12.47,12.72,0.156,1.94532,0,25,0,0,0,Normal_Sunset,-0.25,68.8,Normal/Charging
21/04/2026,18:02:36,29.84976,12.48,12.73,0.161,2.00928,0,25,0,0,0,Normal_Sunset,-0.25,69.2,Normal/Charging
21/04/2026,18:02:51,29.849768,12.48,12.73,0.19,2.3712,0,25,0,0,0,Normal_Sunset,-0.25,69.2,Normal/Charging
21/04/2026,18:03:06,29.849783,12.49,12.72,0.159,1.98591,0,25,0,0,0,Normal_Sunset,-0.23,68.8,Normal/Charging
21/04/2026,18:03:21,29.849796,12.49,12.72,0.143,1.78607,0,25,0,0,0,Normal_Sunset,-0.23,68.8,Normal/Charging
21/04/2026,18:03:36,29.849794,12.48,12.72,0.146,1.82208,0,25,0,0,0,Normal_Sunset,-0.24,68.8,Normal/Charging
21/04/2026,18:03:51,29.849789,12.48,12.72,0.155,1.9344,0,25,0,0,0,Normal_Sunset,-0.24,68.8,Normal/Charging
21/04/2026,18:04:06,29.849792,12.47,12.7,0.154,1.92038,0,25,0,0,0,Normal_Sunset,-0.23,68,Normal/Charging
21/04/2026,18:04:21,29.849783,12.49,12.72,0.161,2.01089,0,25,0,0,0,Normal_Sunset,-0.23,68.8,Normal/Charging
21/04/2026,18:04:36,29.849779,12.49,12.72,0.155,1.93595,0,25,0,0,0,Normal_Sunset,-0.23,68.8,Normal/Charging
21/04/2026,18:04:51,29.849785,12.47,12.72,0.179,2.23213,0,25,0,0,0,Normal_Sunset,-0.25,68.8,Normal/Charging
21/04/2026,18:05:06,29.849791,12.47,12.71,0.161,2.00767,0,25,0,0,0,Normal_Sunset,-0.24,68.4,Normal/Charging
21/04/2026,18:05:21,29.849785,12.46,12.7,0.156,1.94376,0,25,0,0,0,Normal_Sunset,-0.24,68,Normal/Charging
21/04/2026,18:05:36,29.849779,12.48,12.71,0.17,2.1216,0,25,0,0,0,Normal_Sunset,-0.23,68.4,Normal/Charging
21/04/2026,18:05:51,29.849789,12.47,12.72,0.164,2.04508,0,25,0,0,0,Normal_Sunset,-0.25,68.8,Normal/Charging
21/04/2026,18:06:06,29.849813,12.48,12.71,0.177,2.20896,0,25,0,0,0,Normal_Sunset,-0.23,68.4,Normal/Charging
21/04/2026,18:06:21,29.849833,12.46,12.71,0.163,2.03098,0,25,0,0,0,Normal_Sunset,-0.25,68.4,Normal/Charging
21/04/2026,18:06:36,29.849802,12.45,12.7,0.155,1.92975,0,25,0,0,0,Normal_Sunset,-0.25,68,Normal/Charging
21/04/2026,18:06:51,29.849812,12.45,12.71,0.172,2.1414,0,25,0,0,0,Normal_Sunset,-0.26,68.4,Normal/Charging
21/04/2026,18:07:06,29.849821,12.45,12.7,0.176,2.1912,0,25,0,0,0,Normal_Sunset,-0.25,68,Normal/Charging
21/04/2026,18:07:21,29.849815,12.45,12.69,0.171,2.12895,0,25,0,0,0,Normal_Sunset,-0.24,67.6,Normal/Charging
21/04/2026,18:07:36,29.849823,12.44,12.71,0.178,2.21432,0,25,0,0,0,Normal_Sunset,-0.27,68.4,Normal/Charging
21/04/2026,18:07:51,29.849815,12.44,12.7,0.139,1.72916,0,25,0,0,0,Normal_Sunset,-0.26,68,Normal/Charging
21/04/2026,18:08:06,29.849804,12.46,12.7,0.156,1.94376,0,25,0,0,0,Normal_Sunset,-0.24,68,Normal/Charging
21/04/2026,18:08:21,29.849804,12.45,12.7,0.161,2.00445,0,25,0,0,0,Normal_Sunset,-0.25,68,Normal/Charging
21/04/2026,18:08:36,29.849827,12.44,12.7,0.155,1.9282,0,25,0,0,0,Normal_Sunset,-0.26,68,Normal/Charging
21/04/2026,18:08:51,29.849844,12.44,12.7,0.172,2.13968,0,25,0,0,0,Normal_Sunset,-0.26,68,Normal/Charging
21/04/2026,18:09:06,29.849855,12.46,12.7,0.172,2.14312,0,25,0,0,0,Normal_Sunset,-0.24,68,Normal/Charging
21/04/2026,18:09:21,29.84984,12.44,12.7,0.156,1.94064,0,25,0,0,0,Normal_Sunset,-0.26,68,Normal/Charging
21/04/2026,18:09:36,29.849842,12.46,12.7,0.162,2.01852,0,25,0,0,0,Normal_Sunset,-0.24,68,Normal/Charging
21/04/2026,18:09:51,29.849852,12.44,12.71,0.174,2.16456,0,25,0,0,0,Normal_Sunset,-0.27,68.4,Normal/Charging
21/04/2026,18:10:06,29.849854,12.44,12.69,0.17,2.1148,0,25,0,0,0,Normal_Sunset,-0.25,67.6,Normal/Charging
21/04/2026,18:10:21,29.849852,12.45,12.69,0.16,1.992,0,25,0,0,0,Normal_Sunset,-0.24,67.6,Normal/Charging
21/04/2026,18:10:36,29.84984,12.44,12.7,0.151,1.87844,0,25,0,0,0,Normal_Sunset,-0.26,68,Normal/Charging
21/04/2026,18:10:51,29.849836,12.44,12.7,0.167,2.07748,0,25,0,0,0,Normal_Sunset,-0.26,68,Normal/Charging
21/04/2026,18:11:06,29.84984,12.44,12.69,0.151,1.87844,0,25,0,0,0,Normal_Sunset,-0.25,67.6,Normal/Charging
21/04/2026,18:11:21,29.849848,12.44,12.69,0.164,2.04016,0,25,0,0,0,Normal_Sunset,-0.25,67.6,Normal/Charging
21/04/2026,18:11:36,29.849861,12.43,12.7,0.184,2.28712,0,25,0,0,0,Normal_Sunset,-0.27,68,Normal/Charging
21/04/2026,18:11:51,29.849848,12.44,12.7,0.163,2.02772,0,25,0,0,0,Normal_Sunset,-0.26,68,Normal/Charging
21/04/2026,18:12:06,29.849836,12.42,12.68,0.147,1.82574,0,25,0,0,0,Normal_Sunset,-0.26,67.2,Normal/Charging
21/04/2026,18:12:21,29.849834,12.43,12.7,0.152,1.88936,0,25,0,0,0,Normal_Sunset,-0.27,68,Normal/Charging
21/04/2026,18:12:36,29.849825,12.43,12.69,0.154,1.91422,0,25,0,0,0,Normal_Sunset,-0.26,67.6,Normal/Charging
21/04/2026,18:12:51,29.849781,12.42,12.69,0.168,2.08656,0,25,0,0,0,Normal_Sunset,-0.27,67.6,Normal/Charging
21/04/2026,18:13:06,29.84977,12.44,12.69,0.155,1.9282,0,25,0,0,0,Normal_Sunset,-0.25,67.6,Normal/Charging
21/04/2026,18:13:21,29.849785,12.42,12.68,0.172,2.13624,0,25,0,0,0,Normal_Sunset,-0.26,67.2,Normal/Charging
21/04/2026,18:13:36,29.849794,12.42,12.69,0.166,2.06172,0,25,0,0,0,Normal_Sunset,-0.27,67.6,Normal/Charging
21/04/2026,18:13:51,29.849777,12.42,12.69,0.172,2.13624,0,25,0,0,0,Normal_Sunset,-0.27,67.6,Normal/Charging
21/04/2026,18:14:06,29.849834,12.41,12.7,0.156,1.93596,0,25,0,0,0,Normal_Sunset,-0.29,68,Normal/Charging
21/04/2026,18:14:21,29.849869,12.42,12.69,0.173,2.14866,0,25,0,0,0,Normal_Sunset,-0.27,67.6,Normal/Charging
21/04/2026,18:14:36,29.84988,12.41,12.7,0.178,2.20898,0,25,0,0,0,Normal_Sunset,-0.29,68,Normal/Charging
21/04/2026,18:14:51,29.849861,12.41,12.68,0.171,2.12211,0,25,0,0,0,Normal_Sunset,-0.27,67.2,Normal/Charging
00/00/2000,5:07:31,30,10.97,11.23,0.203,2.22,0,25,0,0,0,Normal,-0.26,9.2,Normal/Charging
22/04/2026,5:07:46,30,10.97,11.21,0.207,2.27,0,25,0,0,0,Normal,-0.24,8.4,Normal/Charging
22/04/2026,5:08:01,30,10.96,11.21,0.199,2.19,0,25,0,0,0,Normal,-0.25,8.4,Normal/Charging
22/04/2026,5:08:16,30,10.95,11.21,0.152,1.66,0,25,0,0,0,Normal,-0.26,8.4,Normal/Charging
22/04/2026,5:08:31,29.849806,10.95,11.21,0.172,1.88,0,25,0,0,0,Normal,-0.26,8.4,Normal/Charging
22/04/2026,5:08:44,29.84981,10.96,11.21,0.2,2.2,0,25,0,0,0,Normal,-0.25,8.4,Normal/Charging
22/04/2026,5:08:59,29.849817,10.97,11.21,0.192,2.1,0,25,0,0,0,Normal,-0.24,8.4,Normal/Charging
22/04/2026,5:09:14,29.849817,10.97,11.2,0.153,1.68,0,25,0,0,0,Normal,-0.23,8,Normal/Charging
22/04/2026,5:09:29,29.849813,10.95,11.21,0.199,2.17,0,25,0,0,0,Normal,-0.26,8.4,Normal/Charging
22/04/2026,5:09:44,29.849825,10.96,11.2,0.161,1.76,0,25,0,0,0,Normal,-0.24,8,Normal/Charging
22/04/2026,5:09:59,29.849819,10.99,11.2,0.177,1.95,0,25,0,0,0,Normal,-0.21,8,Normal/Charging
22/04/2026,5:10:14,29.849815,10.95,11.2,0.18,1.97,0,25,0,0,0,Normal,-0.25,8,Normal/Charging
22/04/2026,5:10:29,29.849804,10.97,11.21,0.184,2.01,0,25,0,0,0,Normal,-0.24,8.4,Normal/Charging
22/04/2026,5:10:44,29.849792,10.94,11.2,0.17,1.86,0,25,0,0,0,Normal,-0.26,8,Normal/Charging
22/04/2026,5:10:59,29.849789,10.96,11.2,0.198,2.17,0,25,0,0,0,Normal,-0.24,8,Normal/Charging
22/04/2026,5:11:14,29.849783,10.94,11.21,0.181,1.98,0,25,0,0,0,Normal,-0.27,8.4,Normal/Charging
22/04/2026,5:11:29,29.849783,10.98,11.19,0.206,2.26,0,25,0,0,0,Normal,-0.21,7.6,Normal/Charging
22/04/2026,5:11:44,29.849781,10.97,11.19,0.18,1.97,0,25,0,0,0,Normal,-0.22,7.6,Normal/Charging
22/04/2026,5:11:59,29.849781,10.96,11.21,0.198,2.17,0,25,0,0,0,Normal,-0.25,8.4,Normal/Charging
22/04/2026,5:12:14,29.849791,10.95,11.21,0.17,1.86,0,25,0,0,0,Normal,-0.26,8.4,Normal/Charging
22/04/2026,5:12:29,29.849781,10.96,11.2,0.215,2.36,0,25,0,0,0,Normal,-0.24,8,Normal/Charging
22/04/2026,5:12:44,29.849779,10.97,11.21,0.174,1.91,0,25,0,0,0,Normal,-0.24,8.4,Normal/Charging
22/04/2026,5:12:59,29.849792,10.95,11.2,0.174,1.91,0,25,0,0,0,Normal,-0.25,8,Normal/Charging
22/04/2026,5:13:14,29.849806,10.96,11.19,0.153,1.67,0,25,0,0,0,Normal,-0.23,7.6,Normal/Charging
22/04/2026,5:13:29,29.84981,10.97,11.21,0.184,2.02,0,25,0,0,0,Normal,-0.24,8.4,Normal/Charging
22/04/2026,5:13:44,29.84981,10.95,11.2,0.193,2.11,0,25,0,0,0,Normal,-0.25,8,Normal/Charging
22/04/2026,5:13:59,29.849802,10.96,11.2,0.187,2.05,0,25,0,0,0,Normal,-0.24,8,Normal/Charging
22/04/2026,5:14:14,29.8498,10.95,11.21,0.183,2.01,0,25,0,0,0,Normal,-0.26,8.4,Normal/Charging
22/04/2026,5:14:29,29.849791,10.95,11.2,0.155,1.7,0,25,0,0,0,Normal,-0.25,8,Normal/Charging
22/04/2026,5:14:44,29.849787,10.94,11.18,0.103,1.13,0,25,0,0,0,Normal,-0.24,7.2,Normal/Charging
22/04/2026,5:14:59,29.849796,10.96,11.2,0.152,1.66,0,25,0,0,0,Normal,-0.24,8,Normal/Charging
22/04/2026,5:15:14,29.8498,10.97,11.19,0.176,1.94,0,25,0,0,0,Normal,-0.22,7.6,Normal/Charging
22/04/2026,5:15:29,29.8498,10.95,11.19,0.177,1.94,0,25,0,0,0,Normal,-0.24,7.6,Normal/Charging
22/04/2026,5:15:44,29.8498,10.95,11.18,0.176,1.93,0,25,0,0,0,Normal,-0.23,7.2,Normal/Charging
22/04/2026,5:15:59,29.8498,10.95,11.2,0.164,1.8,0,25,0,0,0,Normal,-0.25,8,Normal/Charging
22/04/2026,5:16:14,29.849808,10.95,11.2,0.154,1.68,0,25,0,0,0,Normal,-0.25,8,Normal/Charging
22/04/2026,5:16:29,29.84981,10.97,11.19,0.192,2.11,0,25,0,0,0,Normal,-0.22,7.6,Normal/Charging
22/04/2026,5:16:44,29.849812,10.94,11.2,0.161,1.76,0,25,0,0,0,Normal,-0.26,8,Normal/Charging
22/04/2026,5:16:59,29.849813,10.95,11.2,0.183,2,0,25,0,0,0,Normal,-0.25,8,Normal/Charging
22/04/2026,5:17:14,29.849817,10.97,11.2,0.174,1.91,0,25,0,0,0,Normal,-0.23,8,Normal/Charging
22/04/2026,5:17:29,29.849821,10.95,11.19,0.141,1.54,0,25,0,0,0,Normal,-0.24,7.6,Normal/Charging
22/04/2026,5:17:44,29.849817,10.95,11.17,0.168,1.84,0,25,0,0,0,Normal,-0.22,6.8,Normal/Charging
22/04/2026,5:17:59,29.849815,10.97,11.19,0.16,1.76,0,25,0,0,0,Normal,-0.22,7.6,Normal/Charging
22/04/2026,5:18:14,29.849815,10.95,11.18,0.176,1.92,0,25,0,0,0,Normal,-0.23,7.2,Normal/Charging
22/04/2026,5:18:29,29.849813,10.96,11.2,0.147,1.61,0,25,0,0,0,Normal,-0.24,8,Normal/Charging
22/04/2026,5:18:44,29.849812,10.96,11.18,0.187,2.05,0,25,0,0,0,Normal,-0.22,7.2,Normal/Charging
22/04/2026,5:18:59,29.84981,10.94,11.2,0.168,1.84,0,25,0,0,0,Normal,-0.26,8,Normal/Charging
22/04/2026,5:19:14,29.849808,10.97,11.19,0.183,2.01,0,25,0,0,0,Normal,-0.22,7.6,Normal/Charging
22/04/2026,5:19:29,29.849808,10.97,11.19,0.164,1.8,0,25,0,0,0,Normal,-0.22,7.6,Normal/Charging
22/04/2026,5:19:44,29.849804,10.97,11.19,0.189,2.08,0,25,0,0,0,Normal,-0.22,7.6,Normal/Charging
22/04/2026,5:19:59,29.849804,10.97,11.19,0.164,1.8,0,25,0,0,0,Normal,-0.22,7.6,Normal/Charging
22/04/2026,5:20:14,29.849802,10.96,11.17,0.169,1.85,0,25,0,0,0,Normal,-0.21,6.8,Normal/Charging
22/04/2026,5:20:29,29.849802,10.97,11.19,0.177,1.95,0,25,0,0,0,Normal,-0.22,7.6,Normal/Charging
22/04/2026,5:20:44,29.849802,10.98,11.21,0.162,1.78,0,25,0,0,0,Normal,-0.23,8.4,Normal/Charging
22/04/2026,5:20:59,29.8498,10.97,11.19,0.186,2.04,0,25,0,0,0,Normal,-0.22,7.6,Normal/Charging
22/04/2026,5:21:14,29.849798,10.97,11.2,0.186,2.04,0,25,0,0,0,Normal,-0.23,8,Normal/Charging
22/04/2026,5:21:29,29.8498,10.98,11.18,0.164,1.8,0,25,0,0,0,Normal,-0.2,7.2,Normal/Charging
22/04/2026,5:21:44,29.849802,10.98,11.18,0.18,1.98,0,25,0,0,0,Normal,-0.2,7.2,Normal/Charging
22/04/2026,5:21:59,29.849798,10.96,11.19,0.186,2.04,0,25,0,0,0,Normal,-0.23,7.6,Normal/Charging
22/04/2026,5:22:14,29.849802,10.96,11.19,0.172,1.89,0,25,0,0,0,Normal,-0.23,7.6,Normal/Charging
22/04/2026,5:22:29,29.849806,10.97,11.19,0.195,2.14,0,25,0,0,0,Normal,-0.22,7.6,Normal/Charging
22/04/2026,5:22:44,29.849808,10.96,11.18,0.169,1.85,0,25,0,0,0,Normal,-0.22,7.2,Normal/Charging
22/04/2026,5:22:59,29.849808,10.97,11.2,0.172,1.89,0,25,0,0,0,Normal,-0.23,8,Normal/Charging
22/04/2026,5:23:14,29.8498,10.96,11.17,0.183,2,0,25,0,0,0,Normal,-0.21,6.8,Normal/Charging
22/04/2026,5:23:29,29.849798,10.98,11.18,0.163,1.78,0,25,0,0,0,Normal,-0.2,7.2,Normal/Charging
22/04/2026,5:23:44,29.849802,10.97,11.19,0.173,1.9,0,25,0,0,0,Normal,-0.22,7.6,Normal/Charging
22/04/2026,5:23:59,29.849808,10.98,11.2,0.183,2,0,25,0,0,0,Normal,-0.22,8,Normal/Charging
22/04/2026,5:24:14,29.849804,10.98,11.19,0.181,1.99,0,25,0,0,0,Normal,-0.21,7.6,Normal/Charging
22/04/2026,5:24:29,29.849802,10.98,11.2,0.171,1.88,0,25,0,0,0,Normal,-0.22,8,Normal/Charging
22/04/2026,5:24:44,29.8498,10.98,11.18,0.152,1.67,0,25,0,0,0,Normal,-0.2,7.2,Normal/Charging
22/04/2026,5:24:59,29.849796,10.99,11.2,0.145,1.6,0,25,0,0,0,Normal,-0.21,8,Normal/Charging
22/04/2026,5:25:14,29.849796,10.99,11.18,0.167,1.84,0,25,0,0,0,Normal,-0.19,7.2,Normal/Charging
22/04/2026,5:25:29,29.8498,11,11.17,0.176,1.94,0,25,0,0,0,Normal,-0.17,6.8,Normal/Charging
22/04/2026,5:25:44,29.849804,10.99,11.18,0.154,1.69,0,25,0,0,0,Normal,-0.19,7.2,Normal/Charging
22/04/2026,5:25:59,29.849808,10.97,11.17,0.162,1.78,0,25,0,0,0,Normal,-0.2,6.8,Normal/Charging
22/04/2026,5:26:14,29.849808,11.01,11.18,0.141,1.55,0,25,0,0,0,Normal,-0.17,7.2,Normal/Charging
22/04/2026,5:26:29,29.849808,11,11.19,0.16,1.77,0,25,0,0,0,Normal,-0.19,7.6,Normal/Charging
22/04/2026,5:26:44,29.849806,10.99,11.16,0.184,2.02,0,25,0,0,0,Normal,-0.17,6.4,Normal/Charging
22/04/2026,5:26:59,29.849802,11,11.17,0.175,1.92,0,25,0,0,0,Normal,-0.17,6.8,Normal/Charging
22/04/2026,5:27:14,29.8498,11,11.17,0.15,1.65,0,25,0,0,0,Normal,-0.17,6.8,Normal/Charging
22/04/2026,5:27:29,29.849804,11,11.19,0.15,1.65,0,25,0,0,0,Normal,-0.19,7.6,Normal/Charging
22/04/2026,5:27:44,29.849802,10.99,11.18,0.154,1.69,0,25,0,0,0,Normal,-0.19,7.2,Normal/Charging
22/04/2026,5:27:59,29.849798,11,11.2,0.167,1.83,0,25,0,0,0,Normal,-0.2,8,Normal/Charging
22/04/2026,5:28:14,29.8498,11,11.19,0.145,1.59,0,25,0,0,0,Normal,-0.19,7.6,Normal/Charging
22/04/2026,5:28:29,29.849802,11.01,11.18,0.16,1.76,0,25,0,0,0,Normal,-0.17,7.2,Normal/Charging
22/04/2026,5:28:44,29.849798,11.02,11.18,0.174,1.91,0,25,0,0,0,Normal,-0.16,7.2,Normal/Charging
22/04/2026,5:28:59,29.849802,11,11.18,0.165,1.81,0,25,0,0,0,Normal,-0.18,7.2,Normal/Charging
22/04/2026,5:29:14,29.849802,11.01,11.17,0.179,1.97,0,25,0,0,0,Normal,-0.16,6.8,Normal/Charging
22/04/2026,5:29:29,29.849798,11.02,11.18,0.153,1.69,0,25,0,0,0,Normal,-0.16,7.2,Normal/Charging
22/04/2026,5:29:44,29.849792,11.02,11.2,0.165,1.82,0,25,0,0,0,Normal,-0.18,8,Normal/Charging
22/04/2026,5:29:59,29.849792,11.02,11.18,0.162,1.79,0,25,0,0,0,Normal,-0.16,7.2,Normal/Charging
22/04/2026,5:30:14,29.849794,11.03,11.17,0.17,1.88,0,25,0,0,0,Normal,-0.14,6.8,Normal/Charging
22/04/2026,5:30:29,29.849794,11.01,11.18,0.156,1.72,0,25,0,0,0,Normal,-0.17,7.2,Normal/Charging
22/04/2026,5:30:44,29.849791,11.02,11.18,0.16,1.77,0,25,0,0,0,Normal,-0.16,7.2,Normal/Charging
22/04/2026,5:30:59,29.849794,11.03,11.17,0.16,1.77,0,25,0,0,0,Normal,-0.14,6.8,Normal/Charging
22/04/2026,5:31:14,29.849791,11.04,11.19,0.131,1.45,0,25,0,0,0,Normal,-0.15,7.6,Normal/Charging
22/04/2026,5:31:29,29.849787,11.04,11.2,0.147,1.63,0,25,0,0,0,Normal,-0.16,8,Normal/Charging
22/04/2026,5:31:44,29.849787,11.05,11.18,0.15,1.66,0,25,0,0,0,Normal,-0.13,7.2,Normal/Charging
22/04/2026,5:31:59,29.849796,11.04,11.2,0.159,1.75,0,25,0,0,0,Normal,-0.16,8,Normal/Charging
22/04/2026,5:32:14,29.849802,11.06,11.2,0.161,1.78,0,25,0,0,0,Normal,-0.14,8,Normal/Charging
22/04/2026,5:32:29,29.849806,11.09,11.19,0.138,1.53,0,25,0,0,0,Normal,-0.1,7.6,Normal/Charging
22/04/2026,5:32:44,29.849808,11.09,11.18,0.139,1.54,0,25,0,0,0,Normal,-0.09,7.2,Normal/Charging
22/04/2026,5:32:59,29.849802,11.12,11.18,0.139,1.55,0,25,0,0,0,Normal,-0.06,7.2,Normal/Charging
22/04/2026,5:33:14,29.8498,11.11,11.17,0.131,1.45,0,25,0,0,0,Normal,-0.06,6.8,Normal/Charging
22/04/2026,5:33:29,29.849806,11.14,11.19,0.145,1.61,0,25,0,0,0,Normal,-0.05,7.6,Normal/Charging
22/04/2026,5:33:44,29.849804,11.15,11.2,0.115,1.28,0,25,0,0,0,Normal,-0.05,8,Normal/Charging
22/04/2026,5:33:59,29.849806,11.15,11.19,0.138,1.53,0,25,0,0,0,Normal,-0.04,7.6,Normal/Charging
22/04/2026,5:34:14,29.849806,11.15,11.19,0.126,1.41,0,25,0,0,0,Normal,-0.04,7.6,Normal/Charging
22/04/2026,5:34:29,29.849798,11.15,11.2,0.094,1.05,0,25,0,0,0,Normal_Equilibrium,-0.05,8,Normal/Charging
22/04/2026,5:34:44,29.849796,11.17,11.19,0.112,1.25,0,25,0,0,0,Normal,-0.02,7.6,Normal/Charging
22/04/2026,5:34:59,29.849796,11.16,11.21,0.129,1.45,0,25,0,0,0,Normal,-0.05,8.4,Normal/Charging
22/04/2026,5:35:14,29.849794,11.18,11.21,0.133,1.49,0,25,0,0,0,Normal,-0.03,8.4,Normal/Charging
22/04/2026,5:35:29,29.849794,11.19,11.21,0.115,1.28,0,25,0,0,0,Normal,-0.02,8.4,Normal/Charging
22/04/2026,5:35:44,29.849792,11.2,11.21,0.132,1.48,0,25,0,0,0,Normal,-0.01,8.4,Normal/Charging
22/04/2026,5:35:59,29.849794,11.19,11.21,0.107,1.19,0,25,0,0,0,Normal,-0.02,8.4,Normal/Charging
22/04/2026,5:36:14,29.849792,11.21,11.21,0.112,1.26,0,25,0,0,0,Normal,0,8.4,Normal/Charging
22/04/2026,5:36:29,29.849794,11.21,11.21,0.104,1.16,0,25,0,0,0,Normal,0,8.4,Normal/Charging
22/04/2026,5:36:44,29.849794,11.23,11.23,0.125,1.4,0,25,0,0,0,Normal,0,9.2,Normal/Charging
22/04/2026,5:36:59,29.849794,11.25,11.2,0.104,1.17,0,25,0,0,0,Normal,0.05,8,Normal/Charging
22/04/2026,5:37:14,29.849792,11.24,11.21,0.09,1.01,0,25,0,0,0,Normal_Equilibrium,0.03,8.4,Normal/Charging
22/04/2026,5:37:29,29.849791,11.27,11.22,0.096,1.08,0,25,0,0,0,Normal_Equilibrium,0.05,8.8,Normal/Charging
22/04/2026,5:37:44,29.849794,11.27,11.22,0.084,0.95,0,25,0,0,0,Normal_Equilibrium,0.05,8.8,Normal/Charging
22/04/2026,5:37:59,29.8498,11.29,11.21,0.086,0.97,0,25,0,0,0,Normal_Equilibrium,0.08,8.4,Normal/Charging
22/04/2026,5:38:14,29.849804,11.32,11.23,0.087,0.99,0,25,0,0,0,Normal_Equilibrium,0.09,9.2,Normal/Charging
22/04/2026,5:38:29,29.849802,11.4,11.21,0.081,0.93,0,25,0,0,0,Normal_Equilibrium,0.19,8.4,Normal/Charging
22/04/2026,5:38:44,29.849802,11.4,11.23,0.091,1.03,0,25,0,0,0,Normal_Equilibrium,0.17,9.2,Normal/Charging
22/04/2026,5:38:59,29.849802,11.44,11.22,0.071,0.81,0,25,0,0,0,Normal_Equilibrium,0.22,8.8,Normal/Charging
22/04/2026,5:39:14,29.849794,11.42,11.23,0,0,0,25,0,0,0,Normal_Equilibrium,0.19,9.2,Normal/Charging
22/04/2026,5:39:29,29.849791,11.41,11.21,0,0,0,25,0,0,0,Normal_Equilibrium,0.2,8.4,Normal/Charging
22/04/2026,5:39:44,29.849792,11.42,11.23,0,0,0,25,0,0,0,Normal_Equilibrium,0.19,9.2,Normal/Charging
22/04/2026,5:39:59,29.849794,11.45,11.24,0.092,1.05,0,25,0,0,0,Normal_Equilibrium,0.21,9.6,Normal/Charging
22/04/2026,5:40:14,29.849789,11.45,11.23,0,0,0,25,0,0,0,Normal_Equilibrium,0.22,9.2,Normal/Charging
22/04/2026,5:40:29,29.849783,11.45,11.25,0,0,0,25,0,0,0,Normal_Equilibrium,0.2,10,Normal/Charging
22/04/2026,5:40:44,29.849787,11.46,11.24,0,0,0,25,0,0,0,Normal_Equilibrium,0.22,9.6,Normal/Charging
22/04/2026,5:40:59,29.849794,11.46,11.23,0,0,0,25,0,0,0,Normal_Equilibrium,0.23,9.2,Normal/Charging
22/04/2026,5:41:14,29.849802,11.49,11.24,0,0,0,25,0,0,0,Normal_Equilibrium,0.25,9.6,Normal/Charging
22/04/2026,5:41:29,29.849802,11.49,11.25,0,0,0,25,0,0,0,Normal_Equilibrium,0.24,10,Normal/Charging
22/04/2026,5:41:44,29.849806,11.5,11.26,0,0,0,25,0,0,0,Normal_Equilibrium,0.24,10.4,Normal/Charging
22/04/2026,5:41:59,29.849808,11.51,11.25,0,0,0,25,0,0,0,Normal_Equilibrium,0.26,10,Normal/Charging
22/04/2026,5:42:14,29.849812,11.46,11.26,0,0,0,25,0,0,0,Normal_Equilibrium,0.2,10.4,Normal/Charging
22/04/2026,5:42:29,29.849817,11.47,11.26,0,0,0,25,0,0,0,Normal_Equilibrium,0.21,10.4,Normal/Charging
22/04/2026,5:42:44,29.849813,11.51,11.26,0,0,0,25,0,0,0,Normal_Equilibrium,0.25,10.4,Normal/Charging
22/04/2026,5:42:59,29.849813,11.49,11.26,0,0,0,25,0,0,0,Normal_Equilibrium,0.23,10.4,Normal/Charging
22/04/2026,5:43:14,29.849813,11.52,11.25,0,0,0,25,0,0,0,Normal_Equilibrium,0.27,10,Normal/Charging
22/04/2026,5:43:29,29.849817,11.54,11.27,0,0,0,25,0,0,0,Normal_Equilibrium,0.27,10.8,Normal/Charging
22/04/2026,5:43:44,29.849823,11.54,11.26,0,0,0,25,0,0,0,Normal_Equilibrium,0.28,10.4,Normal/Charging
22/04/2026,5:43:59,29.849827,11.55,11.26,0,0,0,25,0,0,0,Normal_Equilibrium,0.29,10.4,Normal/Charging
22/04/2026,5:44:14,29.849813,11.56,11.27,0,0,0,25,0,0,0,Normal_Equilibrium,0.29,10.8,Normal/Charging
22/04/2026,5:44:29,29.849806,11.56,11.28,0,0,0,25,0,0,0,Normal_Equilibrium,0.28,11.2,Normal/Charging
22/04/2026,5:44:44,29.849804,11.62,11.27,0,0,0,25,0,0,0,Normal_Equilibrium,0.35,10.8,Normal/Charging
22/04/2026,5:44:59,29.849796,11.63,11.28,0,0,0,25,0,0,0,Normal_Equilibrium,0.35,11.2,Normal/Charging
22/04/2026,5:45:14,29.849787,11.66,11.29,0,0,0,25,0,0,0,Normal_Equilibrium,0.37,11.6,Normal/Charging
22/04/2026,5:45:29,29.849781,11.67,11.28,0,0,0,25,0,0,0,Normal_Equilibrium,0.39,11.2,Normal/Charging
22/04/2026,5:45:44,29.849783,11.7,11.29,0,0,0,25,0,0,0,Normal_Equilibrium,0.41,11.6,Normal/Charging
22/04/2026,5:45:59,29.849783,11.7,11.28,0,0,0,25,0,0,0,Normal_Equilibrium,0.42,11.2,Normal/Charging
22/04/2026,5:46:14,29.849817,11.69,11.28,0,0,0,25,0,0,0,Normal_Equilibrium,0.41,11.2,Normal/Charging
22/04/2026,5:46:29,29.849825,11.7,11.28,0,0,0,25,0,0,0,Normal_Equilibrium,0.42,11.2,Normal/Charging
22/04/2026,5:46:44,29.849821,11.66,11.28,0,0,0,25,0,0,0,Normal_Equilibrium,0.38,11.2,Normal/Charging
22/04/2026,5:46:59,29.849815,11.69,11.29,0,0,0,25,0,0,0,Normal_Equilibrium,0.4,11.6,Normal/Charging
22/04/2026,5:47:14,29.849806,11.68,11.31,0,0,0,25,0,0,0,Normal_Equilibrium,0.37,12.4,Normal/Charging
22/04/2026,5:47:29,29.849796,11.7,11.3,0,0,0,25,0,0,0,Normal_Equilibrium,0.4,12,Normal/Charging
22/04/2026,5:47:44,29.849806,11.7,11.31,0,0,0,25,0,0,0,Normal_Equilibrium,0.39,12.4,Normal/Charging
22/04/2026,5:47:59,29.849812,11.7,11.3,0,0,0,25,0,0,0,Normal_Equilibrium,0.4,12,Normal/Charging
22/04/2026,5:48:14,29.849821,11.72,11.3,0,0,0,25,0,0,0,Normal_Equilibrium,0.42,12,Normal/Charging
22/04/2026,5:48:29,29.84981,11.73,11.31,0,0,0,25,0,0,0,Normal_Equilibrium,0.42,12.4,Normal/Charging
22/04/2026,5:48:44,29.849804,11.73,11.32,0,0,0,25,0,0,0,Normal_Equilibrium,0.41,12.8,Normal/Charging
22/04/2026,5:48:59,29.84981,11.73,11.33,0,0,0,25,0,0,0,Normal_Equilibrium,0.4,13.2,Normal/Charging
22/04/2026,5:49:14,29.849804,11.76,11.32,0,0,0,25,0,0,0,Normal_Equilibrium,0.44,12.8,Normal/Charging
22/04/2026,5:49:29,29.849791,11.77,11.33,0,0,0,25,0,0,0,Normal_Equilibrium,0.44,13.2,Normal/Charging
22/04/2026,5:49:44,29.849785,11.78,11.34,0,0,0,25,0,0,0,Normal_Equilibrium,0.44,13.6,Normal/Charging
22/04/2026,5:49:59,29.849781,11.81,11.34,0.079,0.94,0,25,0,0,0,Normal_Equilibrium,0.47,13.6,Normal/Charging
22/04/2026,5:50:14,29.849777,11.83,11.34,0,0,0,25,0,0,0,Normal_Equilibrium,0.49,13.6,Normal/Charging
22/04/2026,5:50:29,29.849771,11.79,11.32,0.107,1.26,0,25,0,0,0,Normal,0.47,12.8,Normal/Charging
22/04/2026,5:50:44,29.849773,11.89,11.34,0,0,0,25,0,0,0,Normal,0.55,13.6,Normal/Charging
22/04/2026,5:50:59,29.849777,11.84,11.36,0,0,0,25,0,0,0,Normal_Equilibrium,0.48,14.4,Normal/Charging
22/04/2026,5:51:14,29.849789,11.87,11.34,0.077,0.91,0,25,0,0,0,Normal,0.53,13.6,Normal/Charging
22/04/2026,5:51:29,29.849796,11.88,11.34,0.091,1.08,0,25,0,0,0,Normal,0.54,13.6,Normal/Charging
22/04/2026,5:51:44,29.849789,11.88,11.35,0.101,1.2,0,25,0,0,0,Normal,0.53,14,Normal/Charging
22/04/2026,5:51:59,29.849783,11.88,11.36,0.105,1.25,0,25,0,0,0,Normal,0.52,14.4,Normal/Charging
22/04/2026,5:52:14,29.849783,11.91,11.36,0.092,1.09,0,25,0,0,0,Normal,0.55,14.4,Normal/Charging
22/04/2026,5:52:29,29.849781,11.92,11.35,0.109,1.3,0,25,0,0,0,Normal,0.57,14,Normal/Charging
22/04/2026,5:52:44,29.849783,11.85,11.36,0.085,1.01,0,25,0,0,0,Normal_Equilibrium,0.49,14.4,Normal/Charging
22/04/2026,5:52:59,29.849783,11.94,11.37,0.089,1.06,0,25,0,0,0,Normal,0.57,14.8,Normal/Charging
22/04/2026,5:53:14,29.849779,11.9,11.38,0.115,1.37,0,25,0,0,0,Normal,0.52,15.2,Normal/Charging
22/04/2026,5:53:29,29.849781,11.92,11.37,0.085,1.01,0,25,0,0,0,Normal,0.55,14.8,Normal/Charging
22/04/2026,5:53:44,29.849777,11.92,11.36,0.107,1.28,0,25,0,0,0,Normal,0.56,14.4,Normal/Charging
22/04/2026,5:53:59,29.849779,11.9,11.37,0.084,1,0,25,0,0,0,Normal,0.53,14.8,Normal/Charging
22/04/2026,5:54:14,29.849775,11.89,11.38,0.112,1.33,0,25,0,0,0,Normal,0.51,15.2,Normal/Charging
22/04/2026,5:54:29,29.849775,11.92,11.37,0.116,1.38,0,25,0,0,0,Normal,0.55,14.8,Normal/Charging
22/04/2026,5:54:44,29.849762,11.99,11.38,0.117,1.4,0,25,0,0,0,Normal,0.61,15.2,Normal/Charging
22/04/2026,5:54:59,29.84976,11.99,11.39,0.121,1.45,0,25,0,0,0,Normal,0.6,15.6,Normal/Charging
22/04/2026,5:55:14,29.84976,11.99,11.4,0.106,1.27,0,25,0,0,0,Normal,0.59,16,Normal/Charging
22/04/2026,5:55:29,29.849758,12.01,11.39,0.109,1.31,0,25,0,0,0,Normal,0.62,15.6,Normal/Charging
22/04/2026,5:55:44,29.849771,11.99,11.39,0.131,1.57,0,25,0,0,0,Normal,0.6,15.6,Normal/Charging
22/04/2026,5:55:59,29.849787,12.02,11.4,0.152,1.83,0,25,0,0,0,Normal,0.62,16,Normal/Charging
22/04/2026,5:56:14,29.849789,12,11.39,0.147,1.77,0,25,0,0,0,Normal,0.61,15.6,Normal/Charging
22/04/2026,5:56:29,29.849789,12.02,11.39,0.146,1.75,0,25,0,0,0,Normal,0.63,15.6,Normal/Charging
22/04/2026,5:56:44,29.849787,12.02,11.42,0.12,1.44,0,25,0,0,0,Normal,0.6,16.8,Normal/Charging
22/04/2026,5:56:59,29.849794,12.05,11.4,0.109,1.32,0,25,0,0,0,Normal,0.65,16,Normal/Charging
22/04/2026,5:57:14,29.849798,12.07,11.42,0.121,1.46,0,25,0,0,0,Normal,0.65,16.8,Normal/Charging
22/04/2026,5:57:29,29.849798,12.09,11.41,0.143,1.73,0,25,0,0,0,Normal,0.68,16.4,Normal/Charging
22/04/2026,5:57:44,29.849796,12.09,11.44,0.135,1.64,0,25,0,0,0,Normal,0.65,17.6,Normal/Charging
22/04/2026,5:57:59,29.849798,12.1,11.42,0.153,1.85,0,25,0,0,0,Normal,0.68,16.8,Normal/Charging
22/04/2026,5:58:14,29.849787,12.1,11.42,0.147,1.79,0,25,0,0,0,Normal,0.68,16.8,Normal/Charging
22/04/2026,5:58:29,29.849787,12.11,11.45,0.156,1.88,0,25,0,0,0,Normal,0.66,18,Normal/Charging
22/04/2026,5:58:44,29.849789,12.12,11.44,0.166,2.01,0,25,0,0,0,Normal,0.68,17.6,Normal/Charging
22/04/2026,5:58:59,29.849791,12.11,11.43,0.134,1.63,0,25,0,0,0,Normal,0.68,17.2,Normal/Charging
22/04/2026,5:59:14,29.849791,12.14,11.45,0.149,1.81,0,25,0,0,0,Normal,0.69,18,Normal/Charging
22/04/2026,5:59:29,29.849794,12.14,11.45,0.17,2.07,0,25,0,0,0,Normal,0.69,18,Normal/Charging
22/04/2026,5:59:44,29.849796,12.17,11.45,0.198,2.41,0,25,0,0,0,Normal,0.72,18,Normal/Charging
22/04/2026,5:59:59,29.849785,12.15,11.44,0.161,1.95,0,25,0,0,0,Normal,0.71,17.6,Normal/Charging
22/04/2026,6:00:14,29.849781,12.14,11.46,0.173,2.1,0.02,25,0,0,0,Normal,0.68,18.4,Normal/Charging
22/04/2026,6:00:29,29.849775,12.14,11.47,0.161,1.96,0.04,25,0,0,0,Normal,0.67,18.8,Normal/Charging
22/04/2026,6:00:44,29.84977,12.15,11.46,0.171,2.07,0.06,25,0,0,0,Normal,0.69,18.4,Normal/Charging
22/04/2026,6:00:59,29.849771,12.15,11.47,0.163,1.98,0.09,25,0,0,0,Normal,0.68,18.8,Normal/Charging
22/04/2026,6:01:14,29.849783,12.14,11.45,0.181,2.2,0.11,25,0.1,0,0,Normal,0.69,18,Normal/Charging
22/04/2026,6:01:29,29.849789,12.16,11.47,0.184,2.24,0.13,25,0.1,0,0,Normal,0.69,18.8,Normal/Charging
22/04/2026,6:01:44,29.849783,12.18,11.48,0.164,2,0.15,25,0.1,0,0,Normal,0.7,19.2,Normal/Charging
22/04/2026,6:01:59,29.849779,12.2,11.46,0.173,2.11,0.17,25,0.1,0,0,Normal,0.74,18.4,Normal/Charging
22/04/2026,6:02:14,29.849775,12.19,11.49,0.19,2.31,0.19,25,0.1,0,0,Normal,0.7,19.6,Normal/Charging
22/04/2026,6:02:29,29.849777,12.19,11.47,0.193,2.36,0.22,25,0.1,0,0,Normal,0.72,18.8,Normal/Charging
22/04/2026,6:02:44,29.849783,12.22,11.48,0.172,2.1,0.24,25,0.1,0,0,Normal,0.74,19.2,Normal/Charging
22/04/2026,6:02:59,29.849789,12.24,11.47,0.22,2.7,0.26,25,0.1,0,0,Normal,0.77,18.8,Normal/Charging
22/04/2026,6:03:14,29.849796,12.24,11.49,0.193,2.36,0.28,25,0.2,0,0,Normal,0.75,19.6,Normal/Charging
22/04/2026,6:03:29,29.849794,12.28,11.49,0.195,2.4,0.3,25,0.2,0,0,Normal,0.79,19.6,Normal/Charging
22/04/2026,6:03:44,29.849785,12.24,11.49,0.194,2.38,0.33,25,0.2,0,0,Normal,0.75,19.6,Normal/Charging
22/04/2026,6:03:59,29.849781,12.22,11.48,0.18,2.19,0.35,25,0.2,2.7,0,Normal,0.74,19.2,Normal/Charging
22/04/2026,6:04:14,29.849781,12.17,11.5,0.178,2.17,0.37,25,0.2,2.7,0,Normal,0.67,20,Normal/Charging
22/04/2026,6:04:29,29.849785,12.2,11.49,0.193,2.36,0.39,25,0.2,2.7,0,Normal,0.71,19.6,Normal/Charging
22/04/2026,6:04:44,29.849789,12.19,11.5,0.182,2.22,0.41,25,0.2,2.7,0,Normal,0.69,20,Normal/Charging
22/04/2026,6:04:59,29.849794,12.21,11.48,0.214,2.62,0.43,25,0.2,2.8,0,Normal,0.73,19.2,Normal/Charging
22/04/2026,6:05:14,29.849802,12.22,11.49,0.199,2.43,0.46,25,0.3,2.8,0,Normal,0.73,19.6,Normal/Charging
22/04/2026,6:05:29,29.849813,12.24,11.47,0.188,2.31,0.48,25,0.3,2.8,0,Normal,0.77,18.8,Normal/Charging
22/04/2026,6:05:44,29.849825,12.25,11.5,0.221,2.7,0.5,25,0.3,2.8,0,Normal,0.75,20,Normal/Charging
22/04/2026,6:05:59,29.849833,12.25,11.51,0.228,2.79,0.52,25,0.3,2.8,0,Normal,0.74,20.4,Normal/Charging
22/04/2026,6:06:14,29.849827,12.32,11.51,0.199,2.44,0.54,25,0.3,2.8,0,Normal,0.81,20.4,Normal/Charging
22/04/2026,6:06:29,29.849817,12.18,11.51,0.203,2.47,0.57,25,0.3,2.9,0,Normal,0.67,20.4,Normal/Charging
22/04/2026,6:06:44,29.849817,12.17,11.51,0.224,2.73,0.59,25,0.3,2.9,0,Normal,0.66,20.4,Normal/Charging
22/04/2026,6:06:59,29.849817,12.16,11.51,0.198,2.41,0.61,25,0.3,2.9,0,Normal,0.65,20.4,Normal/Charging
22/04/2026,6:07:14,29.849817,12.2,11.51,0.212,2.59,0.63,25,0.3,2.9,0,Normal,0.69,20.4,Normal/Charging
22/04/2026,6:07:29,29.849817,12.17,11.51,0.204,2.48,0.65,25,0.4,2.9,0,Normal,0.66,20.4,Normal/Charging
22/04/2026,6:07:44,29.849817,12.18,11.53,0.226,2.75,0.67,25,0.4,2.9,0,Normal,0.65,21.2,Normal/Charging
22/04/2026,6:07:59,29.84981,12.17,11.53,0.226,2.75,0.7,25,0.4,2.9,0,Normal,0.64,21.2,Normal/Charging
22/04/2026,6:08:14,29.849806,12.17,11.51,0.211,2.57,0.72,25,0.4,3,0,Normal,0.66,20.4,Normal/Charging
22/04/2026,6:08:29,29.849813,12.2,11.53,0.206,2.52,0.74,25,0.4,3,0,Normal,0.67,21.2,Normal/Charging
22/04/2026,6:08:44,29.84981,12.19,11.53,0.216,2.64,0.76,25,0.4,3,0,Normal,0.66,21.2,Normal/Charging
22/04/2026,6:08:59,29.849808,12.21,11.52,0.222,2.71,0.78,25,0.4,3,0,Normal,0.69,20.8,Normal/Charging
22/04/2026,6:09:14,29.84981,12.22,11.53,0.22,2.69,0.81,25,0.4,3,0,Normal,0.69,21.2,Normal/Charging
22/04/2026,6:09:29,29.849812,12.22,11.53,0.221,2.7,0.83,25,0.5,3,0,Normal,0.69,21.2,Normal/Charging
22/04/2026,6:09:44,29.849815,12.25,11.54,0.245,3,0.85,25,0.5,3,0,Normal,0.71,21.6,Normal/Charging
22/04/2026,6:09:59,29.849806,12.25,11.53,0.269,3.29,0.87,25,0.5,3.1,0,Normal,0.72,21.2,Normal/Charging
22/04/2026,6:10:14,29.8498,12.24,11.54,0.227,2.78,0.89,25,0.5,3.1,0,Normal,0.7,21.6,Normal/Charging
22/04/2026,6:10:29,29.849787,12.24,11.54,0.254,3.12,0.91,25,0.5,3.1,0,Normal,0.7,21.6,Normal/Charging
22/04/2026,6:10:44,29.849777,12.25,11.53,0.221,2.71,0.94,25,0.5,3.1,0,Normal,0.72,21.2,Normal/Charging
22/04/2026,6:10:59,29.849787,12.24,11.53,0.232,2.84,0.96,25,0.5,3.2,0,Normal,0.71,21.2,Normal/Charging
22/04/2026,6:11:14,29.849787,12.25,11.53,0.231,2.83,0.98,25,0.5,3.2,0,Normal,0.72,21.2,Normal/Charging
22/04/2026,6:11:29,29.849785,12.29,11.54,0.264,3.25,1,25,0.6,3.2,0,Normal,0.75,21.6,Normal/Charging
22/04/2026,6:11:44,29.849781,12.26,11.55,0.259,3.17,1.02,25,0.6,3.2,0,Normal,0.71,22,Normal/Charging
22/04/2026,6:11:59,29.849783,12.27,11.55,0.241,2.96,1.05,25,0.6,3.2,0,Normal,0.72,22,Normal/Charging
22/04/2026,6:12:14,29.849798,12.28,11.55,0.249,3.06,1.07,25,0.6,3.3,0,Normal,0.73,22,Normal/Charging
22/04/2026,6:12:29,29.8498,12.29,11.56,0.262,3.22,1.09,25,0.6,3.3,0,Normal,0.73,22.4,Normal/Charging
22/04/2026,6:12:44,29.849796,12.28,11.55,0.268,3.29,1.11,25,0.6,3.3,0,Normal,0.73,22,Normal/Charging
22/04/2026,6:12:59,29.849796,12.29,11.55,0.265,3.26,1.13,25,0.6,3.3,0,Normal,0.74,22,Normal/Charging
22/04/2026,6:13:14,29.849792,12.29,11.54,0.283,3.48,1.15,25,0.6,3.3,0,Normal,0.75,21.6,Normal/Charging
22/04/2026,6:13:29,29.849775,12.3,11.56,0.271,3.33,1.18,25,0.6,3.4,0,Normal,0.74,22.4,Normal/Charging
22/04/2026,6:13:44,29.84977,12.31,11.56,0.273,3.36,1.2,25,0.7,3.4,0,Normal,0.75,22.4,Normal/Charging
22/04/2026,6:13:59,29.84977,12.31,11.56,0.276,3.4,1.22,25,0.7,3.4,0,Normal,0.75,22.4,Normal/Charging
22/04/2026,6:14:14,29.849773,12.3,11.56,0.281,3.45,1.24,25,0.7,3.4,0,Normal,0.74,22.4,Normal/Charging
22/04/2026,6:14:29,29.849771,12.32,11.57,0.268,3.3,1.26,25,0.7,3.4,0,Normal,0.75,22.8,Normal/Charging
22/04/2026,6:14:44,29.84977,12.33,11.56,0.289,3.56,1.28,25,0.7,3.5,0,Normal,0.77,22.4,Normal/Charging
22/04/2026,6:14:59,29.849787,12.33,11.58,0.282,3.47,1.31,25,0.7,3.5,0,Normal,0.75,23.2,Normal/Charging
22/04/2026,6:15:14,29.8498,12.34,11.57,0.291,3.59,1.33,25,0.7,3.5,0,Normal,0.77,22.8,Normal/Charging
22/04/2026,6:15:29,29.849804,12.33,11.56,0.299,3.69,1.35,25,0.7,3.5,0,Normal,0.77,22.4,Normal/Charging
22/04/2026,6:15:44,29.849804,12.35,11.57,0.291,3.6,1.37,25,0.8,3.5,0,Normal,0.78,22.8,Normal/Charging
22/04/2026,6:15:59,29.8498,12.34,11.57,0.298,3.68,1.39,25,0.8,3.5,0,Normal,0.77,22.8,Normal/Charging
22/04/2026,6:16:14,29.849796,12.33,11.57,0.318,3.92,1.42,25,0.8,3.5,0,Normal,0.76,22.8,Normal/Charging
22/04/2026,6:16:29,29.849796,12.33,11.58,0.273,3.36,1.44,25,0.8,3.5,0,Normal,0.75,23.2,Normal/Charging
22/04/2026,6:16:44,29.849792,12.35,11.56,0.277,3.42,1.46,25,0.8,3.6,0,Normal,0.79,22.4,Normal/Charging
22/04/2026,6:16:59,29.849794,12.38,11.59,0.292,3.62,1.48,25,0.8,3.6,0,Normal,0.79,23.6,Normal/Charging
22/04/2026,6:17:14,29.849792,12.37,11.59,0.285,3.53,1.5,25,0.8,3.6,0,Normal,0.78,23.6,Normal/Charging
22/04/2026,6:17:29,29.849791,12.34,11.59,0.295,3.64,1.52,25,0.8,3.6,0,Normal,0.75,23.6,Normal/Charging
22/04/2026,6:17:44,29.849798,12.36,11.57,0.292,3.61,1.55,25,0.9,3.6,0,Normal,0.79,22.8,Normal/Charging
22/04/2026,6:17:59,29.849808,12.38,11.59,0.304,3.76,1.57,25,0.9,3.7,0,Normal,0.79,23.6,Normal/Charging
22/04/2026,6:18:14,29.849806,12.37,11.57,0.301,3.72,1.59,25,0.9,3.7,0,Normal,0.8,22.8,Normal/Charging
22/04/2026,6:18:29,29.849791,12.39,11.59,0.306,3.8,1.61,25,0.9,3.7,0,Normal,0.8,23.6,Normal/Charging
22/04/2026,6:18:44,29.849783,12.38,11.58,0.336,4.17,1.63,25,0.9,3.7,0,Normal,0.8,23.2,Normal/Charging
22/04/2026,6:18:59,29.849787,12.39,11.59,0.33,4.09,1.65,25,0.9,3.7,0,Normal,0.8,23.6,Normal/Charging
22/04/2026,6:19:14,29.84977,12.4,11.59,0.318,3.95,1.68,25,0.9,3.8,0,Normal,0.81,23.6,Normal/Charging
22/04/2026,6:19:29,29.84976,12.41,11.59,0.312,3.88,1.7,25,0.9,3.8,0,Normal,0.82,23.6,Normal/Charging
22/04/2026,6:19:44,29.849775,12.4,11.59,0.322,3.99,1.72,25,0.9,3.8,0,Normal,0.81,23.6,Normal/Charging
22/04/2026,6:19:59,29.849783,12.41,11.61,0.33,4.1,1.74,25,1,3.8,0,Normal,0.8,24.4,Normal/Charging
22/04/2026,6:20:14,29.849798,12.42,11.6,0.32,3.97,1.76,25,1,3.8,0,Normal,0.82,24,Normal/Charging
22/04/2026,6:20:29,29.849791,12.42,11.6,0.32,3.97,1.79,25,1,3.8,0,Normal,0.82,24,Normal/Charging
22/04/2026,6:20:44,29.849787,12.44,11.61,0.314,3.9,1.81,25,1,3.9,0,Normal,0.83,24.4,Normal/Charging
22/04/2026,6:20:59,29.849764,12.42,11.6,0.297,3.68,1.83,25,1,3.8,0,Normal,0.82,24,Normal/Charging
22/04/2026,6:21:14,29.849764,12.45,11.59,0.338,4.21,1.85,25,1,3.9,0,Normal,0.86,23.6,Normal/Charging
22/04/2026,6:21:29,29.849779,12.44,11.61,0.319,3.97,1.87,25,1,3.9,0,Normal,0.83,24.4,Normal/Charging
22/04/2026,6:21:44,29.849794,12.46,11.61,0.352,4.38,1.89,25,1,3.9,0,Normal,0.85,24.4,Normal/Charging
22/04/2026,6:21:59,29.849804,12.47,11.61,0.326,4.07,1.92,25,1.1,3.9,0,Normal,0.86,24.4,Normal/Charging
22/04/2026,6:22:14,29.849802,12.46,11.6,0.328,4.09,1.94,25,1.1,3.9,0,Normal,0.86,24,Normal/Charging
22/04/2026,6:22:29,29.849804,12.44,11.61,0.352,4.38,1.96,25,1.1,3.9,0,Normal,0.83,24.4,Normal/Charging
22/04/2026,6:22:44,29.84981,12.47,11.6,0.329,4.11,1.98,25,1.1,4,0,Normal,0.87,24,Normal/Charging
22/04/2026,6:22:59,29.84981,12.48,11.61,0.347,4.33,2,25,1.1,4,0,Normal,0.87,24.4,Normal/Charging
22/04/2026,6:23:14,29.849806,12.5,11.6,0.344,4.3,2.02,25,1.1,4,0,Normal,0.9,24,Normal/Charging
22/04/2026,6:23:29,29.8498,12.53,11.61,0.345,4.32,2.05,25,1.1,4,0,Normal,0.92,24.4,Normal/Charging
22/04/2026,6:23:44,29.849798,12.49,11.6,0.362,4.52,2.07,25,1.1,4,0,Normal,0.89,24,Normal/Charging
22/04/2026,6:23:59,29.849804,12.47,11.61,0.354,4.42,2.09,25,1.1,4,0,Normal,0.86,24.4,Normal/Charging
22/04/2026,6:24:14,29.849808,12.47,11.61,0.37,4.61,2.11,25,1.2,4,0,Normal,0.86,24.4,Normal/Charging
22/04/2026,6:24:29,29.8498,12.51,11.62,0.331,4.14,2.13,25,1.2,4.1,0,Normal,0.89,24.8,Normal/Charging
22/04/2026,6:24:44,29.849798,12.52,11.62,0.324,4.06,2.15,25,1.2,4.1,0,Normal,0.9,24.8,Normal/Charging
22/04/2026,6:24:59,29.849802,12.52,11.61,0.368,4.6,2.18,25,1.2,4.1,0,Normal,0.91,24.4,Normal/Charging
22/04/2026,6:25:14,29.849804,12.48,11.62,0.374,4.67,2.2,25,1.2,4.1,0,Normal,0.86,24.8,Normal/Charging
22/04/2026,6:25:29,29.849812,12.51,11.62,0.352,4.41,2.22,25,1.2,4.2,0,Normal,0.89,24.8,Normal/Charging
22/04/2026,6:25:44,29.849833,12.51,11.62,0.373,4.66,2.24,25,1.2,4.2,0,Normal,0.89,24.8,Normal/Charging
22/04/2026,6:25:59,29.849829,12.57,11.63,0.387,4.86,2.26,25,1.2,4.2,0,Normal,0.94,25.2,Normal/Charging
22/04/2026,6:26:14,29.849831,12.56,11.63,0.373,4.68,2.28,25,1.3,4.2,0,Normal,0.93,25.2,Normal/Charging
22/04/2026,6:26:29,29.849838,12.55,11.64,0.373,4.68,2.31,25,1.3,4.3,0,Normal,0.91,25.6,Normal/Charging
22/04/2026,6:26:44,29.849825,12.53,11.64,0.364,4.57,2.33,25,1.3,4.3,0,Normal,0.89,25.6,Normal/Charging
22/04/2026,6:26:59,29.849817,12.54,11.64,0.353,4.43,2.35,25,1.3,4.3,0,Normal,0.9,25.6,Normal/Charging
22/04/2026,6:27:14,29.849829,12.57,11.63,0.412,5.18,2.37,25,1.3,4.3,0,Normal,0.94,25.2,Normal/Charging
22/04/2026,6:27:29,29.849802,12.52,11.63,0.369,4.62,2.39,25,1.3,4.3,0,Normal,0.89,25.2,Normal/Charging
22/04/2026,6:27:44,29.849804,12.55,11.65,0.417,5.24,2.41,25,1.3,4.4,0,Normal,0.9,26,Normal/Charging
22/04/2026,6:27:59,29.849798,12.56,11.64,0.385,4.83,2.44,25,1.3,4.4,0,Normal,0.92,25.6,Normal/Charging
22/04/2026,6:28:14,29.849798,12.56,11.65,0.383,4.81,2.46,25,1.4,4.4,0,Normal,0.91,26,Normal/Charging
22/04/2026,6:28:29,29.849802,12.56,11.65,0.377,4.74,2.48,25,1.4,4.4,0,Normal,0.91,26,Normal/Charging
22/04/2026,6:28:44,29.849834,12.59,11.65,0.388,4.89,2.5,25,1.4,4.4,0,Normal,0.94,26,Normal/Charging
22/04/2026,6:28:59,29.849842,12.6,11.63,0.376,4.74,2.52,25,1.4,4.4,0,Normal,0.97,25.2,Normal/Charging
22/04/2026,6:29:14,29.84984,12.59,11.64,0.396,4.99,2.54,25,1.4,4.4,0,Normal,0.95,25.6,Normal/Charging
22/04/2026,6:29:29,29.849831,12.59,11.64,0.389,4.9,2.57,25,1.4,4.4,0,Normal,0.95,25.6,Normal/Charging
22/04/2026,6:29:44,29.849821,12.6,11.66,0.372,4.69,2.59,25,1.4,4.4,0,Normal,0.94,26.4,Normal/Charging
22/04/2026,6:29:59,29.849787,12.59,11.65,0.368,4.64,2.61,25,1.4,4.4,0,Normal,0.94,26,Normal/Charging
22/04/2026,6:30:14,29.849768,12.6,11.65,0.376,4.74,2.63,25,1.4,4.4,0,Normal,0.95,26,Normal/Charging
22/04/2026,6:30:29,29.849775,12.6,11.66,0.393,4.96,2.65,25,1.5,4.4,0,Normal,0.94,26.4,Normal/Charging
22/04/2026,6:30:44,29.849791,12.58,11.65,0.396,4.98,2.67,25,1.5,4.4,0,Normal,0.93,26,Normal/Charging
22/04/2026,6:30:59,29.849806,12.62,11.66,0.385,4.86,2.7,25,1.5,4.4,0,Normal,0.96,26.4,Normal/Charging
22/04/2026,6:31:14,29.849777,12.61,11.64,0.396,4.99,2.72,25,1.5,4.4,0,Normal,0.97,25.6,Normal/Charging
22/04/2026,6:31:29,29.849777,12.61,11.66,0.411,5.18,2.74,25,1.5,4.5,0,Normal,0.95,26.4,Normal/Charging
22/04/2026,6:31:44,29.849787,12.64,11.66,0.402,5.08,2.76,25,1.5,4.5,0,Normal,0.98,26.4,Normal/Charging
22/04/2026,6:31:59,29.849806,12.64,11.66,0.39,4.93,2.78,25,1.5,4.5,0,Normal,0.98,26.4,Normal/Charging
22/04/2026,6:32:14,29.849812,12.65,11.65,0.385,4.87,2.8,25,1.5,4.5,0,Normal,1,26,Normal/Charging
22/04/2026,6:32:29,29.849825,12.65,11.66,0.396,5,2.83,25,1.6,4.6,0,Normal,0.99,26.4,Normal/Charging
22/04/2026,6:32:44,29.849831,12.63,11.65,0.41,5.18,2.85,25,1.6,4.6,0,Normal,0.98,26,Normal/Charging
22/04/2026,6:32:59,29.849813,12.63,11.66,0.413,5.22,2.87,25,1.6,4.6,0,Normal,0.97,26.4,Normal/Charging
22/04/2026,6:33:14,29.849804,12.64,11.66,0.427,5.4,2.89,25,1.6,4.6,0,Normal,0.98,26.4,Normal/Charging
22/04/2026,6:33:29,29.849796,12.62,11.65,0.405,5.11,2.91,25,1.6,4.6,0,Normal,0.97,26,Normal/Charging
22/04/2026,6:33:44,29.849796,12.64,11.66,0.411,5.2,2.93,25,1.6,4.6,0,Normal,0.98,26.4,Normal/Charging
22/04/2026,6:33:59,29.849794,12.65,11.67,0.428,5.42,2.95,25,1.6,4.6,0,Normal,0.98,26.8,Normal/Charging
22/04/2026,6:34:14,29.849773,12.68,11.68,0.42,5.33,2.98,25,1.6,4.6,0,Normal,1,27.2,Normal/Charging
22/04/2026,6:34:29,29.849762,12.67,11.66,0.402,5.1,3,25,1.6,4.7,0,Normal,1.01,26.4,Normal/Charging
22/04/2026,6:34:44,29.849867,12.67,11.67,0.407,5.16,3.02,25,1.7,4.7,0,Normal,1,26.8,Normal/Charging
22/04/2026,6:34:59,29.849905,12.65,11.66,0.392,4.96,3.04,25,1.7,4.6,0,Normal,0.99,26.4,Normal/Charging
22/04/2026,6:35:14,29.849918,12.64,11.67,0.41,5.18,3.06,25,1.7,4.7,0,Normal,0.97,26.8,Normal/Charging
22/04/2026,6:35:29,29.849903,12.65,11.68,0.415,5.25,3.08,25,1.7,4.7,0,Normal,0.97,27.2,Normal/Charging
22/04/2026,6:35:44,29.849842,12.66,11.67,0.42,5.31,3.11,25,1.7,4.7,0,Normal,0.99,26.8,Normal/Charging
22/04/2026,6:35:59,29.849844,12.66,11.68,0.426,5.4,3.13,25,1.7,4.7,0,Normal,0.98,27.2,Normal/Charging
22/04/2026,6:36:14,29.849836,12.66,11.67,0.417,5.28,3.15,25,1.7,4.7,0,Normal,0.99,26.8,Normal/Charging
22/04/2026,6:36:29,29.849829,12.67,11.68,0.428,5.43,3.17,25,1.7,4.6,0,Normal,0.99,27.2,Normal/Charging
22/04/2026,6:36:44,29.849831,12.68,11.68,0.425,5.39,3.19,25,1.8,4.7,0,Normal,1,27.2,Normal/Charging
22/04/2026,6:36:59,29.849812,12.66,11.68,0.429,5.42,3.21,25,1.8,4.7,0,Normal,0.98,27.2,Normal/Charging
22/04/2026,6:37:14,29.849798,12.67,11.67,0.437,5.53,3.23,25,1.8,4.8,0,Normal,1,26.8,Normal/Charging
22/04/2026,6:37:29,29.849791,12.67,11.68,0.42,5.32,3.26,25,1.8,4.8,0,Normal,0.99,27.2,Normal/Charging
22/04/2026,6:37:44,29.849785,12.68,11.67,0.414,5.25,3.28,25,1.8,4.8,0,Normal,1.01,26.8,Normal/Charging
22/04/2026,6:37:59,29.849815,12.68,11.66,0.431,5.47,3.3,25,1.8,4.8,0,Normal,1.02,26.4,Normal/Charging
22/04/2026,6:38:14,29.849812,12.68,11.69,0.445,5.64,3.32,25,1.8,4.8,0,Normal,0.99,27.6,Normal/Charging
22/04/2026,6:38:29,29.849815,12.7,11.69,0.445,5.65,3.34,25,1.8,4.9,0,Normal,1.01,27.6,Normal/Charging
22/04/2026,6:38:44,29.849815,12.7,11.68,0.453,5.75,3.36,25,1.9,4.9,0,Normal,1.02,27.2,Normal/Charging
22/04/2026,6:38:59,29.849819,12.69,11.7,0.433,5.5,3.39,25,1.9,4.9,0,Normal,0.99,28,Normal/Charging
22/04/2026,6:39:14,29.849815,12.68,11.69,0.426,5.4,3.41,25,1.9,4.9,0,Normal,0.99,27.6,Normal/Charging
22/04/2026,6:39:29,29.849798,12.67,11.7,0.436,5.52,3.43,25,1.9,4.9,0,Normal,0.97,28,Normal/Charging
22/04/2026,6:39:44,29.849796,12.68,11.69,0.435,5.52,3.45,25,1.9,4.9,0,Normal,0.99,27.6,Normal/Charging
22/04/2026,6:39:59,29.8498,12.67,11.69,0.441,5.58,3.47,25,1.9,4.9,0,Normal,0.98,27.6,Normal/Charging
22/04/2026,6:40:14,29.849808,12.67,11.68,0.445,5.64,3.49,25,1.9,4.9,0,Normal,0.99,27.2,Normal/Charging
22/04/2026,6:40:29,29.849804,12.66,11.68,0.444,5.62,3.51,25,1.9,4.9,0,Normal,0.98,27.2,Normal/Charging
22/04/2026,6:40:44,29.849808,12.66,11.69,0.438,5.55,3.54,25,1.9,4.9,0,Normal,0.97,27.6,Normal/Charging
22/04/2026,6:40:59,29.849808,12.66,11.68,0.431,5.45,3.56,25,2,4.9,0,Normal,0.98,27.2,Normal/Charging
22/04/2026,6:41:14,29.849798,12.65,11.69,0.435,5.5,3.58,25,2,4.9,0,Normal,0.96,27.6,Normal/Charging
22/04/2026,6:41:29,29.849787,12.65,11.69,0.43,5.44,3.6,25,2,4.9,0,Normal,0.96,27.6,Normal/Charging
22/04/2026,6:41:44,29.849785,12.66,11.69,0.456,5.78,3.62,25,2,4.9,0,Normal,0.97,27.6,Normal/Charging
22/04/2026,6:41:59,29.849783,12.69,11.69,0.455,5.78,3.64,25,2,5,0,Normal,1,27.6,Normal/Charging
22/04/2026,6:42:14,29.849791,12.69,11.71,0.429,5.45,3.66,25,2,5,0,Normal,0.98,28.4,Normal/Charging
22/04/2026,6:42:29,29.849802,12.71,11.7,0.465,5.91,3.69,25,2,5,0,Normal,1.01,28,Normal/Charging
22/04/2026,6:42:44,29.849802,12.69,11.69,0.462,5.86,3.71,25,2,5,0,Normal,1,27.6,Normal/Charging
22/04/2026,6:42:59,29.849819,12.68,11.71,0.498,6.32,3.73,25,2.1,5,0,Normal,0.97,28.4,Normal/Charging
22/04/2026,6:43:14,29.849821,12.7,11.7,0.455,5.78,3.75,25,2.1,5,0,Normal,1,28,Normal/Charging
22/04/2026,6:43:29,29.849812,12.71,11.7,0.476,6.05,3.77,25,2.1,5.1,0,Normal,1.01,28,Normal/Charging
22/04/2026,6:43:44,29.849817,12.74,11.71,0.49,6.24,3.79,25,2.1,5,0,Normal,1.03,28.4,Normal/Charging
22/04/2026,6:43:59,29.849819,12.72,11.71,0.475,6.04,3.81,25,2.1,5,0,Normal,1.01,28.4,Normal/Charging
22/04/2026,6:44:14,29.849813,12.7,11.7,0.458,5.81,3.84,25,2.1,5.1,0,Normal,1,28,Normal/Charging
22/04/2026,6:44:29,29.849812,12.71,11.69,0.444,5.64,3.86,25,2.1,5.1,0,Normal,1.02,27.6,Normal/Charging
22/04/2026,6:44:44,29.849813,12.71,11.71,0.462,5.87,3.88,25,2.1,5.1,0,Normal,1,28.4,Normal/Charging
22/04/2026,6:44:59,29.849813,12.72,11.71,0.46,5.86,3.9,25,2.1,5.1,0,Normal,1.01,28.4,Normal/Charging
22/04/2026,6:45:14,29.849804,12.72,11.7,0.463,5.89,3.92,25,2.2,5.1,0,Normal,1.02,28,Normal/Charging
22/04/2026,6:45:29,29.849785,12.72,11.71,0.477,6.07,3.94,25,2.2,5.1,0,Normal,1.01,28.4,Normal/Charging
22/04/2026,6:45:44,29.849783,12.73,11.72,0.468,5.96,3.96,25,2.2,5.2,0,Normal,1.01,28.8,Normal/Charging
22/04/2026,6:45:59,29.849785,12.73,11.71,0.487,6.2,3.99,25,2.2,5.2,0,Normal,1.02,28.4,Normal/Charging
22/04/2026,6:46:14,29.849789,12.74,11.71,0.48,6.12,4.01,25,2.2,5.2,0,Normal,1.03,28.4,Normal/Charging
22/04/2026,6:46:29,29.849794,12.75,11.73,0.462,5.89,4.03,25,2.2,5.2,0,Normal,1.02,29.2,Normal/Charging
22/04/2026,6:46:44,29.849783,12.79,11.71,0.473,6.05,4.05,25,2.2,5.2,0,Normal,1.08,28.4,Normal/Charging
22/04/2026,6:46:59,29.849777,12.79,11.74,0.495,6.34,4.07,25,2.2,5.2,0,Normal,1.05,29.6,Normal/Charging
22/04/2026,6:47:14,29.849777,12.77,11.73,0.48,6.13,4.09,25,2.3,5.2,0,Normal,1.04,29.2,Normal/Charging
22/04/2026,6:47:29,29.849783,12.76,11.73,0.463,5.91,4.11,25,2.3,5.2,0,Normal,1.03,29.2,Normal/Charging
22/04/2026,6:47:44,29.849789,12.78,11.72,0.486,6.21,4.14,25,2.3,5.2,0,Normal,1.06,28.8,Normal/Charging
22/04/2026,6:47:59,29.849794,12.77,11.73,0.455,5.81,4.16,25,2.3,5.2,0,Normal,1.04,29.2,Normal/Charging
22/04/2026,6:48:14,29.849792,12.78,11.72,0.493,6.3,4.18,25,2.3,5.2,0,Normal,1.06,28.8,Normal/Charging
22/04/2026,6:48:29,29.849789,12.78,11.73,0.476,6.09,4.2,25,2.3,5.3,0,Normal,1.05,29.2,Normal/Charging
22/04/2026,6:48:44,29.849792,12.81,11.72,0.489,6.26,4.22,25,2.3,5.3,0,Normal,1.09,28.8,Normal/Charging
22/04/2026,6:48:59,29.849798,12.78,11.73,0.471,6.01,4.24,25,2.3,5.3,0,Normal,1.05,29.2,Normal/Charging
22/04/2026,6:49:14,29.849796,12.81,11.73,0.48,6.14,4.26,25,2.3,5.3,0,Normal,1.08,29.2,Normal/Charging
22/04/2026,6:49:29,29.849802,12.8,11.74,0.496,6.35,4.28,25,2.4,5.3,0,Normal,1.06,29.6,Normal/Charging
22/04/2026,6:49:44,29.8498,12.82,11.74,0.493,6.32,4.31,25,2.4,5.4,0,Normal,1.08,29.6,Normal/Charging
22/04/2026,6:49:59,29.849802,12.83,11.73,0.512,6.56,4.33,25,2.4,5.3,0,Normal,1.1,29.2,Normal/Charging
22/04/2026,6:50:14,29.8498,12.83,11.74,0.487,6.25,4.35,25,2.4,5.4,0,Normal,1.09,29.6,Normal/Charging
22/04/2026,6:50:29,29.849792,12.83,11.73,0.499,6.4,4.37,25,2.4,5.4,0,Normal,1.1,29.2,Normal/Charging
22/04/2026,6:50:44,29.849791,12.83,11.74,0.488,6.26,4.39,25,2.4,5.4,0,Normal,1.09,29.6,Normal/Charging
22/04/2026,6:50:59,29.8498,12.83,11.73,0.488,6.26,4.41,25,2.4,5.4,0,Normal,1.1,29.2,Normal/Charging
22/04/2026,6:51:14,29.849808,12.8,11.74,0.492,6.3,4.43,25,2.4,5.4,0,Normal,1.06,29.6,Normal/Charging
22/04/2026,6:51:29,29.849813,12.82,11.74,0.49,6.28,4.46,25,2.5,5.4,0,Normal,1.08,29.6,Normal/Charging
22/04/2026,6:51:44,29.84981,12.79,11.74,0.503,6.44,4.48,25,2.5,5.4,0,Normal,1.05,29.6,Normal/Charging
22/04/2026,6:51:59,29.849798,12.8,11.75,0.494,6.32,4.5,25,2.5,5.4,0,Normal,1.05,30,Normal/Charging
22/04/2026,6:52:14,29.849798,12.82,11.75,0.495,6.35,4.52,25,2.5,5.4,0,Normal,1.07,30,Normal/Charging
22/04/2026,6:52:29,29.849804,12.81,11.74,0.498,6.38,4.54,25,2.5,5.4,0,Normal,1.07,29.6,Normal/Charging
22/04/2026,6:52:44,29.849806,12.83,11.74,0.488,6.26,4.56,25,2.5,5.4,0,Normal,1.09,29.6,Normal/Charging
22/04/2026,6:52:59,29.84981,12.82,11.75,0.489,6.27,4.58,25,2.5,5.4,0,Normal,1.07,30,Normal/Charging
22/04/2026,6:53:14,29.849808,12.83,11.74,0.511,6.55,4.6,25,2.5,5.4,0,Normal,1.09,29.6,Normal/Charging
22/04/2026,6:53:29,29.8498,12.79,11.74,0.502,6.42,4.63,25,2.5,5.4,0,Normal,1.05,29.6,Normal/Charging
22/04/2026,6:53:44,29.8498,12.82,11.74,0.477,6.12,4.65,25,2.6,5.4,0,Normal,1.08,29.6,Normal/Charging
22/04/2026,6:53:59,29.849804,12.82,11.74,0.502,6.43,4.67,25,2.6,5.4,0,Normal,1.08,29.6,Normal/Charging
22/04/2026,6:54:14,29.849806,12.82,11.75,0.488,6.26,4.69,25,2.6,5.4,0,Normal,1.07,30,Normal/Charging
22/04/2026,6:54:29,29.849806,12.83,11.75,0.49,6.28,4.71,25,2.6,5.4,0,Normal,1.08,30,Normal/Charging
22/04/2026,6:54:44,29.849808,12.82,11.74,0.5,6.41,4.73,25,2.6,5.4,0,Normal,1.08,29.6,Normal/Charging
22/04/2026,6:54:59,29.8498,12.83,11.74,0.505,6.48,4.75,25,2.6,5.3,0,Normal,1.09,29.6,Normal/Charging
22/04/2026,6:55:14,29.849804,12.83,11.74,0.492,6.31,4.77,25,2.6,5.5,0,Normal,1.09,29.6,Normal/Charging
22/04/2026,6:55:29,29.849819,12.83,11.76,0.508,6.52,4.79,25,2.6,5.4,0,Normal,1.07,30.4,Normal/Charging
22/04/2026,6:55:44,29.849813,12.82,11.75,0.495,6.35,4.82,25,2.6,5.4,0,Normal,1.07,30,Normal/Charging
22/04/2026,6:55:59,29.8498,12.81,11.75,0.503,6.45,4.84,25,2.7,5.4,0,Normal,1.06,30,Normal/Charging
22/04/2026,6:56:14,29.849783,12.79,11.76,0.487,6.23,4.86,25,2.7,5.4,0,Normal,1.03,30.4,Normal/Charging
22/04/2026,6:56:29,29.849783,12.78,11.76,0.479,6.12,4.88,25,2.7,5.4,0,Normal,1.02,30.4,Normal/Charging
22/04/2026,6:56:44,29.849791,12.79,11.75,0.499,6.38,4.9,25,2.7,5.4,0,Normal,1.04,30,Normal/Charging
22/04/2026,6:56:59,29.849804,12.82,11.75,0.491,6.3,4.92,25,2.7,5.5,0,Normal,1.07,30,Normal/Charging
22/04/2026,6:57:14,29.849806,12.83,11.76,0.493,6.32,4.94,25,2.7,5.5,0,Normal,1.07,30.4,Normal/Charging
22/04/2026,6:57:29,29.849812,12.81,11.75,0.493,6.31,4.96,25,2.7,5.5,0,Normal,1.06,30,Normal/Charging
22/04/2026,6:57:44,29.849819,12.84,11.75,0.5,6.41,4.99,25,2.7,5.5,0,Normal,1.09,30,Normal/Charging
22/04/2026,6:57:59,29.849821,12.85,11.75,0.52,6.68,5.01,25,2.8,5.5,0,Normal,1.1,30,Normal/Charging
22/04/2026,6:58:14,29.849813,12.84,11.75,0.536,6.89,5.03,25,2.8,5.5,0,Normal,1.09,30,Normal/Charging
22/04/2026,6:58:29,29.849804,12.84,11.76,0.479,6.16,5.05,25,2.8,5.5,0,Normal,1.08,30.4,Normal/Charging
22/04/2026,6:58:44,29.8498,12.84,11.76,0.489,6.28,5.07,25,2.8,5.5,0,Normal,1.08,30.4,Normal/Charging
22/04/2026,6:58:59,29.849808,12.84,11.75,0.52,6.67,5.09,25,2.8,5.4,0,Normal,1.09,30,Normal/Charging
22/04/2026,6:59:14,29.84981,12.84,11.77,0.511,6.56,5.11,25,2.8,5.6,0,Normal,1.07,30.8,Normal/Charging
22/04/2026,6:59:29,29.849808,12.84,11.76,0.503,6.46,5.13,25,2.8,5.5,0,Normal,1.08,30.4,Normal/Charging
22/04/2026,6:59:44,29.849798,12.84,11.77,0.493,6.33,5.15,25,2.8,5.5,0,Normal,1.07,30.8,Normal/Charging
22/04/2026,6:59:59,29.849794,12.84,11.76,0.517,6.64,5.17,25,2.8,5.6,0,Normal,1.08,30.4,Normal/Charging
22/04/2026,7:00:14,29.849789,12.84,11.77,0.532,6.83,5.2,25,2.9,5.6,0,Normal,1.07,30.8,Normal/Charging
22/04/2026,7:00:29,29.849785,12.84,11.76,0.51,6.55,5.22,25,2.9,5.6,0,Normal,1.08,30.4,Normal/Charging
22/04/2026,7:00:44,29.849779,12.87,11.78,0.503,6.47,5.24,25,2.9,5.6,0,Normal,1.09,31.2,Normal/Charging
22/04/2026,7:00:59,29.849781,12.85,11.77,0.507,6.52,5.26,25,2.9,5.6,0,Normal,1.08,30.8,Normal/Charging
22/04/2026,7:01:14,29.849775,12.84,11.77,0.509,6.54,5.28,25,2.9,5.5,0,Normal,1.07,30.8,Normal/Charging
22/04/2026,7:01:29,29.849777,12.85,11.77,0.502,6.45,5.3,25,2.9,5.5,0,Normal,1.08,30.8,Normal/Charging
22/04/2026,7:01:44,29.849791,12.87,11.77,0.505,6.5,5.32,25,2.9,5.6,0,Normal,1.1,30.8,Normal/Charging
22/04/2026,7:01:59,29.849794,12.88,11.77,0.513,6.61,5.34,25,2.9,5.6,0,Normal,1.11,30.8,Normal/Charging
22/04/2026,7:02:14,29.849798,12.87,11.77,0.517,6.65,5.36,25,3,5.6,0,Normal,1.1,30.8,Normal/Charging
22/04/2026,7:02:29,29.849792,12.9,11.79,0.555,7.16,5.39,25,3,5.7,0,Normal,1.11,31.6,Normal/Charging
22/04/2026,7:02:44,29.849777,12.9,11.78,0.527,6.79,5.41,25,3,5.7,0,Normal,1.12,31.2,Normal/Charging
22/04/2026,7:02:59,29.849773,12.9,11.79,0.506,6.53,5.43,25,3,5.6,0,Normal,1.11,31.6,Normal/Charging
22/04/2026,7:03:14,29.849798,12.89,11.78,0.526,6.79,5.45,25,3,5.7,0,Normal,1.11,31.2,Normal/Charging
22/04/2026,7:03:29,29.849819,12.91,11.79,0.513,6.63,5.47,25,3,5.8,0,Normal,1.12,31.6,Normal/Charging
22/04/2026,7:03:44,29.849831,12.9,11.79,0.525,6.77,5.49,25,3,5.7,0,Normal,1.11,31.6,Normal/Charging
22/04/2026,7:03:59,29.849833,12.93,11.79,0.53,6.85,5.51,25,3,5.8,0,Normal,1.14,31.6,Normal/Charging
22/04/2026,7:04:14,29.849827,12.93,11.78,0.547,7.07,5.53,25,3,5.8,0,Normal,1.15,31.2,Normal/Charging
22/04/2026,7:04:29,29.849817,12.94,11.79,0.546,7.06,5.55,25,3.1,5.8,0,Normal,1.15,31.6,Normal/Charging
22/04/2026,7:04:44,29.849798,12.93,11.79,0.543,7.02,5.57,25,3.1,5.8,0,Normal,1.14,31.6,Normal/Charging
22/04/2026,7:04:59,29.849794,12.93,11.78,0.539,6.97,5.6,25,3.1,5.8,0,Normal,1.15,31.2,Normal/Charging
22/04/2026,7:05:14,29.8498,12.95,11.79,0.533,6.9,5.62,25,3.1,5.8,0,Normal,1.16,31.6,Normal/Charging
22/04/2026,7:05:29,29.849798,12.92,11.8,0.525,6.78,5.64,25,3.1,5.8,0,Normal,1.12,32,Normal/Charging
22/04/2026,7:05:44,29.849794,12.92,11.8,0.548,7.07,5.66,25,3.1,5.8,0,Normal,1.12,32,Normal/Charging
22/04/2026,7:05:59,29.849787,12.95,11.79,0.56,7.26,5.68,25,3.1,5.9,0,Normal,1.16,31.6,Normal/Charging
22/04/2026,7:06:14,29.84977,12.96,11.81,0.552,7.16,5.7,25,3.1,5.8,0,Normal,1.15,32.4,Normal/Charging
22/04/2026,7:06:29,29.84977,12.96,11.79,0.562,7.28,5.72,25,3.1,5.9,0,Normal,1.17,31.6,Normal/Charging
22/04/2026,7:06:44,29.849783,12.93,11.81,0.536,6.94,5.74,25,3.2,5.9,0,Normal,1.12,32.4,Normal/Charging
22/04/2026,7:06:59,29.849779,12.94,11.79,0.543,7.03,5.76,25,3.2,5.9,0,Normal,1.15,31.6,Normal/Charging
22/04/2026,7:07:14,29.849791,12.95,11.8,0.551,7.13,5.78,25,3.2,5.9,0,Normal,1.15,32,Normal/Charging
22/04/2026,7:07:29,29.849808,12.96,11.8,0.561,7.27,5.8,25,3.2,5.9,0,Normal,1.16,32,Normal/Charging
22/04/2026,7:07:44,29.8498,12.95,11.81,0.534,6.91,5.83,25,3.2,5.9,0,Normal,1.14,32.4,Normal/Charging
22/04/2026,7:07:59,29.849798,12.95,11.8,0.552,7.14,5.85,25,3.2,5.9,0,Normal,1.15,32,Normal/Charging
22/04/2026,7:08:14,29.8498,12.96,11.8,0.553,7.17,5.87,25,3.2,5.9,0,Normal,1.16,32,Normal/Charging
22/04/2026,7:08:29,29.849802,12.95,11.8,0.546,7.07,5.89,25,3.2,5.9,0,Normal,1.15,32,Normal/Charging
22/04/2026,7:08:44,29.849794,12.95,11.81,0.571,7.4,5.91,25,3.2,6,0,Normal,1.14,32.4,Normal/Charging
22/04/2026,7:08:59,29.849785,12.95,11.81,0.56,7.25,5.93,25,3.3,5.9,0,Normal,1.14,32.4,Normal/Charging
22/04/2026,7:09:14,29.849785,12.93,11.81,0.55,7.11,5.95,25,3.3,5.8,0,Normal,1.12,32.4,Normal/Charging
22/04/2026,7:09:29,29.849789,12.93,11.81,0.558,7.21,5.97,25,3.3,5.9,0,Normal,1.12,32.4,Normal/Charging
22/04/2026,7:09:44,29.849796,12.96,11.81,0.567,7.35,5.99,25,3.3,5.9,0,Normal,1.15,32.4,Normal/Charging
22/04/2026,7:09:59,29.849817,12.98,11.81,0.53,6.88,6.01,25,3.3,5.9,0,Normal,1.17,32.4,Normal/Charging
22/04/2026,7:10:14,29.849823,12.97,11.81,0.555,7.2,6.03,25,3.3,5.9,0,Normal,1.16,32.4,Normal/Charging
22/04/2026,7:10:29,29.849827,12.98,11.79,0.564,7.33,6.05,25,3.3,5.9,0,Normal,1.19,31.6,Normal/Charging
22/04/2026,7:10:44,29.849827,12.97,11.82,0.581,7.54,6.08,25,3.3,6,0,Normal,1.15,32.8,Normal/Charging
22/04/2026,7:10:59,29.849825,12.97,11.82,0.543,7.04,6.1,25,3.4,5.9,0,Normal,1.15,32.8,Normal/Charging
22/04/2026,7:11:14,29.849827,12.96,11.81,0.566,7.33,6.12,25,3.4,5.9,0,Normal,1.15,32.4,Normal/Charging
22/04/2026,7:11:29,29.849846,12.97,11.82,0.569,7.38,6.14,25,3.4,6,0,Normal,1.15,32.8,Normal/Charging
22/04/2026,7:11:44,29.849838,13,11.82,0.564,7.34,6.16,25,3.4,5.9,0,Normal,1.18,32.8,Normal/Charging
22/04/2026,7:11:59,29.849823,13,11.82,0.563,7.32,6.18,25,3.4,5.9,0,Normal,1.18,32.8,Normal/Charging
22/04/2026,7:12:14,29.849808,13.02,11.82,0.575,7.49,6.2,25,3.4,5.9,0,Normal,1.2,32.8,Normal/Charging
22/04/2026,7:12:29,29.849785,13,11.82,0.563,7.33,6.22,25,3.4,6,0,Normal,1.18,32.8,Normal/Charging
22/04/2026,7:12:44,29.849781,13,11.8,0.557,7.24,6.24,25,3.4,6,0,Normal,1.2,32,Normal/Charging
22/04/2026,7:12:59,29.849781,13,11.8,0.575,7.47,6.26,25,3.4,6,0,Normal,1.2,32,Normal/Charging
22/04/2026,7:13:14,29.849773,13.02,11.81,0.573,7.47,6.28,25,3.5,6.1,0,Normal,1.21,32.4,Normal/Charging
22/04/2026,7:13:29,29.849771,13.03,11.83,0.601,7.83,6.3,25,3.5,6.1,0,Normal,1.2,33.2,Normal/Charging
22/04/2026,7:13:44,29.849779,13.03,11.83,0.591,7.7,6.32,25,3.5,6.1,0,Normal,1.2,33.2,Normal/Charging
22/04/2026,7:13:59,29.849789,13.04,11.83,0.572,7.46,6.34,25,3.5,6.1,0,Normal,1.21,33.2,Normal/Charging
22/04/2026,7:14:14,29.849796,13.03,11.83,0.594,7.74,6.37,25,3.5,6.1,0,Normal,1.2,33.2,Normal/Charging
22/04/2026,7:14:29,29.849798,13.04,11.82,0.593,7.74,6.39,25,3.5,6.2,0,Normal,1.22,32.8,Normal/Charging
22/04/2026,7:14:44,29.8498,13.02,11.83,0.601,7.82,6.41,25,3.5,6.2,0,Normal,1.19,33.2,Normal/Charging
22/04/2026,7:14:59,29.849812,13,11.82,0.583,7.58,6.43,25,3.5,6.1,0,Normal,1.18,32.8,Normal/Charging
22/04/2026,7:15:14,29.849819,13.02,11.83,0.577,7.51,6.45,25,3.5,6.1,0,Normal,1.19,33.2,Normal/Charging
22/04/2026,7:15:29,29.84981,13.01,11.83,0.58,7.55,6.47,25,3.6,6.2,0,Normal,1.18,33.2,Normal/Charging
22/04/2026,7:15:44,29.849796,13.01,11.82,0.591,7.69,6.49,25,3.6,6.2,0,Normal,1.19,32.8,Normal/Charging
22/04/2026,7:15:59,29.849794,13.05,11.83,0.551,7.19,6.51,25,3.6,6.2,0,Normal,1.22,33.2,Normal/Charging
22/04/2026,7:16:14,29.849792,13.04,11.82,0.579,7.56,6.53,25,3.6,6.3,0,Normal,1.22,32.8,Normal/Charging
22/04/2026,7:16:29,29.849787,13.05,11.82,0.571,7.45,6.55,25,3.6,6.2,0,Normal,1.23,32.8,Normal/Charging
22/04/2026,7:16:44,29.849785,13,11.83,0.577,7.5,6.57,25,3.6,6.2,0,Normal,1.17,33.2,Normal/Charging
22/04/2026,7:16:59,29.849787,13.03,11.83,0.595,7.75,6.59,25,3.6,6.2,0,Normal,1.2,33.2,Normal/Charging
22/04/2026,7:17:14,29.849777,13.05,11.83,0.602,7.86,6.61,25,3.6,6.2,0,Normal,1.22,33.2,Normal/Charging
22/04/2026,7:17:29,29.849764,13,11.84,0.61,7.93,6.63,25,3.6,6.3,0,Normal,1.16,33.6,Normal/Charging
22/04/2026,7:17:44,29.849771,12.99,11.83,0.594,7.72,6.65,25,3.7,6.3,0,Normal,1.16,33.2,Normal/Charging
22/04/2026,7:17:59,29.84977,13.01,11.84,0.61,7.94,6.67,25,3.7,6.3,0,Normal,1.17,33.6,Normal/Charging
22/04/2026,7:18:14,29.84976,13.03,11.82,0.598,7.8,6.7,25,3.7,6.4,0,Normal,1.21,32.8,Normal/Charging
22/04/2026,7:18:29,29.849768,13.04,11.83,0.613,7.99,6.72,25,3.7,6.4,0,Normal,1.21,33.2,Normal/Charging
22/04/2026,7:18:44,29.849781,13.05,11.84,0.621,8.11,6.74,25,3.7,6.4,0,Normal,1.21,33.6,Normal/Charging
22/04/2026,7:18:59,29.849791,13.09,11.83,0.61,7.98,6.76,25,3.7,6.4,0,Normal,1.26,33.2,Normal/Charging
22/04/2026,7:19:14,29.849794,13.08,11.83,0.622,8.14,6.78,25,3.7,6.5,0,Normal,1.25,33.2,Normal/Charging
22/04/2026,7:19:29,29.849802,13.07,11.85,0.635,8.3,6.8,25,3.7,6.6,0,Normal,1.22,34,Normal/Charging
22/04/2026,7:19:44,29.8498,13.07,11.84,0.628,8.2,6.82,25,3.8,6.6,0,Normal,1.23,33.6,Normal/Charging
22/04/2026,7:19:59,29.849804,13.02,11.84,0.594,7.73,6.84,25,3.8,6.5,0,Normal,1.18,33.6,Normal/Charging
22/04/2026,7:20:14,29.849802,13.03,11.83,0.614,7.99,6.86,25,3.8,6.5,0,Normal,1.2,33.2,Normal/Charging
22/04/2026,7:20:29,29.849792,13.03,11.85,0.631,8.22,6.88,25,3.8,6.5,0,Normal,1.18,34,Normal/Charging
22/04/2026,7:20:44,29.849785,13.09,11.85,0.622,8.15,6.9,25,3.8,7,0,Normal,1.24,34,Normal/Charging
22/04/2026,7:20:59,29.849777,13.09,11.85,0.614,8.03,6.92,25,3.8,7,0,Normal,1.24,34,Normal/Charging
22/04/2026,7:21:14,29.849773,13.07,11.85,0.635,8.31,6.94,25,3.8,7,0,Normal,1.22,34,Normal/Charging
22/04/2026,7:21:29,29.849785,13.07,11.85,0.635,8.3,6.96,25,3.8,7,0,Normal,1.22,34,Normal/Charging
22/04/2026,7:21:44,29.849798,13.1,11.86,0.631,8.26,6.98,25,3.8,7,0,Normal,1.24,34.4,Normal/Charging
22/04/2026,7:21:59,29.849779,13.09,11.86,0.606,7.93,7,25,3.9,7,0,Normal,1.23,34.4,Normal/Charging
22/04/2026,7:22:14,29.849766,13.09,11.86,0.657,8.6,7.02,25,3.9,7,0,Normal,1.23,34.4,Normal/Charging
22/04/2026,7:22:29,29.84976,13.1,11.87,0.622,8.15,7.04,25,3.9,7.1,0,Normal,1.23,34.8,Normal/Charging
22/04/2026,7:22:44,29.849758,13.09,11.86,0.629,8.23,7.06,25,3.9,7,0,Normal,1.23,34.4,Normal/Charging
22/04/2026,7:22:59,29.84977,13.06,11.86,0.634,8.28,7.08,25,3.9,7,0,Normal,1.2,34.4,Normal/Charging
22/04/2026,7:23:14,29.849777,13.08,11.85,0.602,7.87,7.1,25,3.9,7,0,Normal,1.23,34,Normal/Charging
22/04/2026,7:23:29,29.849773,13.12,11.87,0.63,8.27,7.13,25,3.9,7.1,0,Normal,1.25,34.8,Normal/Charging
22/04/2026,7:23:44,29.849771,13.1,11.86,0.626,8.21,7.15,25,3.9,7.1,0,Normal,1.24,34.4,Normal/Charging
22/04/2026,7:23:59,29.849781,13.11,11.86,0.626,8.21,7.17,25,3.9,7.1,0,Normal,1.25,34.4,Normal/Charging
22/04/2026,7:24:14,29.849792,13.12,11.87,0.627,8.23,7.19,25,4,7.1,0,Normal,1.25,34.8,Normal/Charging
22/04/2026,7:24:29,29.849792,13.12,11.88,0.657,8.63,7.21,25,4,7.1,0,Normal,1.24,35.2,Normal/Charging
22/04/2026,7:24:44,29.849792,13.11,11.87,0.611,8.01,7.23,25,4,7.1,0,Normal,1.24,34.8,Normal/Charging
22/04/2026,7:24:59,29.849783,13.11,11.87,0.629,8.25,7.25,25,4,7.1,0,Normal,1.24,34.8,Normal/Charging
22/04/2026,7:25:14,29.849777,13.08,11.87,0.613,8.02,7.27,25,4,7.1,0,Normal,1.21,34.8,Normal/Charging
22/04/2026,7:25:29,29.849777,13.06,11.88,0.636,8.3,7.29,25,4,7.1,0,Normal,1.18,35.2,Normal/Charging
22/04/2026,7:25:44,29.849777,13.07,11.87,0.637,8.33,7.31,25,4,7.1,0,Normal,1.2,34.8,Normal/Charging
22/04/2026,7:25:59,29.849781,13.08,11.89,0.61,7.98,7.33,25,4,7.1,0,Normal,1.19,35.6,Normal/Charging
22/04/2026,7:26:14,29.849785,13.09,11.86,0.618,8.09,7.35,25,4,7.1,0,Normal,1.23,34.4,Normal/Charging
22/04/2026,7:26:29,29.849787,13.05,11.88,0.624,8.14,7.37,25,4.1,7.1,0,Normal,1.17,35.2,Normal/Charging
22/04/2026,7:26:44,29.849791,13.05,11.88,0.611,7.97,7.39,25,4.1,7.1,0,Normal,1.17,35.2,Normal/Charging
22/04/2026,7:26:59,29.849798,13.06,11.89,0.621,8.11,7.41,25,4.1,7.1,0,Normal,1.17,35.6,Normal/Charging
22/04/2026,7:27:14,29.849798,13.06,11.88,0.637,8.32,7.43,25,4.1,7.1,0,Normal,1.18,35.2,Normal/Charging
22/04/2026,7:27:29,29.849785,13.04,11.88,0.626,8.16,7.45,25,4.1,7.1,0,Normal,1.16,35.2,Normal/Charging
22/04/2026,7:27:44,29.849787,13.03,11.88,0.609,7.94,7.47,25,4.1,7.1,0,Normal,1.15,35.2,Normal/Charging
22/04/2026,7:27:59,29.849789,13.07,11.88,0.621,8.11,7.49,25,4.1,7.1,0,Normal,1.19,35.2,Normal/Charging
22/04/2026,7:28:14,29.849791,13.07,11.88,0.614,8.02,7.51,25,4.1,7.1,0,Normal,1.19,35.2,Normal/Charging
22/04/2026,7:28:29,29.849789,13.09,11.88,0.629,8.23,7.53,25,4.1,7.1,0,Normal,1.21,35.2,Normal/Charging
22/04/2026,7:28:44,29.849785,13.1,11.89,0.614,8.04,7.55,25,4.2,7.1,0,Normal,1.21,35.6,Normal/Charging
22/04/2026,7:28:59,29.849779,13.12,11.89,0.631,8.28,7.57,25,4.2,7.1,0,Normal,1.23,35.6,Normal/Charging
22/04/2026,7:29:14,29.849773,13.12,11.89,0.64,8.4,7.59,25,4.2,7.1,0,Normal,1.23,35.6,Normal/Charging
22/04/2026,7:29:29,29.84977,13.1,11.89,0.6,7.86,7.61,25,4.2,7.1,0,Normal,1.21,35.6,Normal/Charging
22/04/2026,7:29:44,29.849762,13.12,11.89,0.645,8.46,7.63,25,4.2,7.2,0,Normal,1.23,35.6,Normal/Charging
22/04/2026,7:29:59,29.849756,13.12,11.88,0.652,8.55,7.65,25,4.2,7.2,0,Normal,1.24,35.2,Normal/Charging
22/04/2026,7:30:14,29.849766,13.11,11.88,0.609,7.98,7.67,25,4.2,7.2,0,Normal,1.23,35.2,Normal/Charging
22/04/2026,7:30:29,29.849775,13.12,11.89,0.619,8.13,7.69,25,4.2,7.2,0,Normal,1.23,35.6,Normal/Charging
22/04/2026,7:30:44,29.849773,13.11,11.88,0.636,8.34,7.71,25,4.2,7.2,0,Normal,1.23,35.2,Normal/Charging
22/04/2026,7:30:59,29.849768,13.1,11.89,0.624,8.17,7.73,25,4.3,7.1,0,Normal,1.21,35.6,Normal/Charging
22/04/2026,7:31:14,29.849758,13.1,11.88,0.621,8.14,7.75,25,4.3,7.1,0,Normal,1.22,35.2,Normal/Charging
22/04/2026,7:31:29,29.84977,13.08,11.89,0.605,7.91,7.77,25,4.3,7.2,0,Normal,1.19,35.6,Normal/Charging
22/04/2026,7:31:44,29.849773,13.07,11.89,0.626,8.18,7.79,25,4.3,7.1,0,Normal,1.18,35.6,Normal/Charging
22/04/2026,7:31:59,29.849777,13.08,11.88,0.631,8.25,7.81,25,4.3,7.2,0,Normal,1.2,35.2,Normal/Charging
22/04/2026,7:32:14,29.849779,13.09,11.9,0.607,7.95,7.83,25,4.3,7.2,0,Normal,1.19,36,Normal/Charging
22/04/2026,7:32:29,29.84976,13.14,11.9,0.633,8.31,7.85,25,4.3,7.2,0,Normal,1.24,36,Normal/Charging
22/04/2026,7:32:44,29.849749,13.12,11.9,0.615,8.07,7.87,25,4.3,7.2,0,Normal,1.22,36,Normal/Charging
22/04/2026,7:32:59,29.849762,13.13,11.91,0.612,8.03,7.89,25,4.3,7.2,0,Normal,1.22,36.4,Normal/Charging
22/04/2026,7:33:14,29.84976,13.15,11.9,0.638,8.39,7.91,25,4.4,7.2,0,Normal,1.25,36,Normal/Charging
22/04/2026,7:33:29,29.849754,13.13,11.89,0.64,8.4,7.93,25,4.4,7.2,0,Normal,1.24,35.6,Normal/Charging
22/04/2026,7:33:44,29.849749,13.14,11.9,0.643,8.45,7.95,25,4.4,7.2,0,Normal,1.24,36,Normal/Charging
22/04/2026,7:33:59,29.849771,13.15,11.89,0.635,8.35,7.97,25,4.4,7.2,0,Normal,1.26,35.6,Normal/Charging
22/04/2026,7:34:14,29.849791,13.15,11.9,0.63,8.28,7.99,25,4.4,7.3,0,Normal,1.25,36,Normal/Charging
22/04/2026,7:34:29,29.849785,13.17,11.91,0.623,8.21,8.01,25,4.4,7.3,0,Normal,1.26,36.4,Normal/Charging
22/04/2026,7:34:44,29.849798,13.18,11.9,0.644,8.49,8.03,25,4.4,7.3,0,Normal,1.28,36,Normal/Charging
22/04/2026,7:34:59,29.849798,13.18,11.91,0.635,8.36,8.05,25,4.4,7.3,0,Normal,1.27,36.4,Normal/Charging
22/04/2026,7:35:14,29.8498,13.15,11.9,0.629,8.28,8.07,25,4.4,7.3,0,Normal,1.25,36,Normal/Charging
22/04/2026,7:35:29,29.8498,13.15,11.9,0.657,8.64,8.09,25,4.5,7.3,0,Normal,1.25,36,Normal/Charging
22/04/2026,7:35:44,29.849792,13.19,11.9,0.636,8.39,8.11,25,4.5,7.4,0,Normal,1.29,36,Normal/Charging
22/04/2026,7:35:59,29.849798,13.18,11.89,0.629,8.29,8.13,25,4.5,7.4,0,Normal,1.29,35.6,Normal/Charging
22/04/2026,7:36:14,29.849802,13.19,11.9,0.641,8.46,8.15,25,4.5,7.4,0,Normal,1.29,36,Normal/Charging
22/04/2026,7:36:29,29.849804,13.2,11.9,0.631,8.33,8.17,25,4.5,7.4,0,Normal,1.3,36,Normal/Charging
22/04/2026,7:36:44,29.849798,13.2,11.92,0.624,8.24,8.19,25,4.5,7.4,0,Normal,1.28,36.8,Normal/Charging
22/04/2026,7:36:59,29.849791,13.17,11.92,0.629,8.28,8.21,25,4.5,7.4,0,Normal,1.25,36.8,Normal/Charging
22/04/2026,7:37:14,29.849789,13.15,11.91,0.646,8.49,8.23,25,4.5,7.4,0,Normal,1.24,36.4,Normal/Charging
22/04/2026,7:37:29,29.849796,13.16,11.91,0.621,8.17,8.25,25,4.5,7.4,0,Normal,1.25,36.4,Normal/Charging
22/04/2026,7:37:44,29.849806,13.16,11.91,0.633,8.33,8.27,25,4.5,7.4,0,Normal,1.25,36.4,Normal/Charging
22/04/2026,7:37:59,29.849808,13.17,11.91,0.62,8.16,8.29,25,4.6,7.4,0,Normal,1.26,36.4,Normal/Charging
22/04/2026,7:38:14,29.849789,13.18,11.92,0.631,8.32,8.31,25,4.6,7.4,0,Normal,1.26,36.8,Normal/Charging
22/04/2026,7:38:29,29.849787,13.16,11.92,0.635,8.36,8.33,25,4.6,7.4,0,Normal,1.24,36.8,Normal/Charging
22/04/2026,7:38:44,29.849804,13.19,11.91,0.644,8.49,8.35,25,4.6,7.4,0,Normal,1.28,36.4,Normal/Charging
22/04/2026,7:38:59,29.849808,13.19,11.93,0.627,8.26,8.37,25,4.6,7.4,0,Normal,1.26,37.2,Normal/Charging
22/04/2026,7:39:14,29.849798,13.17,11.94,0.647,8.52,8.39,25,4.6,7.4,0,Normal,1.23,37.6,Normal/Charging
22/04/2026,7:39:29,29.8498,13.22,11.92,0.642,8.49,8.41,25,4.6,7.4,0,Normal,1.3,36.8,Normal/Charging
22/04/2026,7:39:44,29.849804,13.23,11.93,0.635,8.4,8.43,25,4.6,7.5,0,Normal,1.3,37.2,Normal/Charging
22/04/2026,7:39:59,29.849794,13.27,11.93,0.633,8.4,8.45,25,4.6,7.5,0,Normal,1.34,37.2,Normal/Charging
22/04/2026,7:40:14,29.849779,13.24,11.93,0.605,8.01,8.47,25,4.7,7.5,0,Normal,1.31,37.2,Normal/Charging
22/04/2026,7:40:29,29.849792,13.24,11.92,0.64,8.47,8.49,25,4.7,7.5,0,Normal,1.32,36.8,Normal/Charging
22/04/2026,7:40:44,29.849789,13.24,11.92,0.646,8.55,8.51,25,4.7,7.5,0,Normal,1.32,36.8,Normal/Charging
22/04/2026,7:40:59,29.849789,13.24,11.94,0.65,8.61,8.53,25,4.7,7.5,0,Normal,1.3,37.6,Normal/Charging
22/04/2026,7:41:14,29.849783,13.26,11.93,0.646,8.57,8.55,25,4.7,7.6,0,Normal,1.33,37.2,Normal/Charging
22/04/2026,7:41:29,29.849796,13.26,11.93,0.658,8.72,8.57,25,4.7,7.5,0,Normal,1.33,37.2,Normal/Charging
22/04/2026,7:41:44,29.849802,13.26,11.92,0.634,8.41,8.59,25,4.7,7.5,0,Normal,1.34,36.8,Normal/Charging
22/04/2026,7:41:59,29.849773,13.27,11.93,0.659,8.75,8.61,25,4.7,7.6,0,Normal,1.34,37.2,Normal/Charging
22/04/2026,7:42:14,29.849771,13.28,11.92,0.651,8.64,8.63,25,4.7,7.6,0,Normal,1.36,36.8,Normal/Charging
22/04/2026,7:42:29,29.84981,13.26,11.92,0.655,8.68,8.65,25,4.8,7.6,0,Normal,1.34,36.8,Normal/Charging
22/04/2026,7:42:44,29.849812,13.25,11.93,0.667,8.84,8.67,25,4.8,7.6,0,Normal,1.32,37.2,Normal/Charging
22/04/2026,7:42:59,29.849812,13.25,11.92,0.652,8.64,8.69,25,4.8,7.6,0,Normal,1.33,36.8,Normal/Charging
22/04/2026,7:43:14,29.8498,13.25,11.93,0.675,8.94,8.71,25,4.8,7.6,0,Normal,1.32,37.2,Normal/Charging
22/04/2026,7:43:29,29.849798,13.23,11.93,0.663,8.78,8.73,25,4.8,7.6,0,Normal,1.3,37.2,Normal/Charging
22/04/2026,7:43:44,29.849794,13.24,11.94,0.67,8.87,8.75,25,4.8,7.6,0,Normal,1.3,37.6,Normal/Charging
22/04/2026,7:43:59,29.849802,13.27,11.92,0.664,8.81,8.77,25,4.8,7.7,0,Normal,1.35,36.8,Normal/Charging
22/04/2026,7:44:14,29.849806,13.29,11.94,0.662,8.8,8.79,25,4.8,7.7,0,Normal,1.35,37.6,Normal/Charging
22/04/2026,7:44:29,29.8498,13.27,11.94,0.668,8.86,8.81,25,4.8,7.7,0,Normal,1.33,37.6,Normal/Charging
22/04/2026,7:44:44,29.849808,13.29,11.93,0.647,8.6,8.82,25,4.9,7.7,0,Normal,1.36,37.2,Normal/Charging
22/04/2026,7:44:59,29.849806,13.27,11.94,0.655,8.69,8.84,25,4.9,7.7,0,Normal,1.33,37.6,Normal/Charging
22/04/2026,7:45:14,29.849798,13.31,11.94,0.647,8.62,8.86,25,4.9,7.7,0.1,Normal,1.37,37.6,Normal/Charging
22/04/2026,7:45:29,29.849789,13.29,11.93,0.658,8.75,8.88,25,4.9,7.6,0,Normal,1.36,37.2,Normal/Charging
22/04/2026,7:45:44,29.849794,13.29,11.92,0.659,8.76,8.9,25,4.9,7.7,0,Normal,1.37,36.8,Normal/Charging
22/04/2026,7:45:59,29.849792,13.28,11.93,0.65,8.63,8.92,25,4.9,7.7,0,Normal,1.35,37.2,Normal/Charging
22/04/2026,7:46:14,29.8498,13.27,11.95,0.679,9.01,8.94,25,4.9,7.7,0.2,Normal,1.32,38,Normal/Charging
22/04/2026,7:46:29,29.849796,13.27,11.93,0.659,8.75,8.96,25,4.9,7.7,0,Normal,1.34,37.2,Normal/Charging
22/04/2026,7:46:44,29.8498,13.26,11.94,0.672,8.92,8.98,25,4.9,7.7,0,Normal,1.32,37.6,Normal/Charging
22/04/2026,7:46:59,29.849804,13.25,11.94,0.662,8.77,9,25,5,7.7,0,Normal,1.31,37.6,Normal/Charging
22/04/2026,7:47:14,29.8498,13.24,11.93,0.647,8.56,9.02,25,5,7.6,0,Normal,1.31,37.2,Normal/Charging
22/04/2026,7:47:29,29.849808,13.27,11.94,0.659,8.75,9.04,25,5,7.7,0,Normal,1.33,37.6,Normal/Charging
22/04/2026,7:47:44,29.849819,13.25,11.95,0.665,8.82,9.06,25,5,7.7,0,Normal,1.3,38,Normal/Charging
22/04/2026,7:47:59,29.849789,13.26,11.94,0.665,8.81,9.08,25,5,7.6,0,Normal,1.32,37.6,Normal/Charging
22/04/2026,7:48:14,29.849802,13.23,11.95,0.645,8.54,9.1,25,5,7.6,0,Normal,1.28,38,Normal/Charging
22/04/2026,7:48:29,29.8498,13.22,11.94,0.665,8.8,9.12,25,5,7.7,0,Normal,1.28,37.6,Normal/Charging
22/04/2026,7:48:44,29.849833,13.23,11.95,0.668,8.83,9.14,25,5,7.7,0,Normal,1.28,38,Normal/Charging
22/04/2026,7:48:59,29.849854,13.24,11.94,0.663,8.78,9.16,25,5,7.7,0,Normal,1.3,37.6,Normal/Charging
22/04/2026,7:49:14,29.849854,13.25,11.96,0.649,8.6,9.18,25,5,7.7,0,Normal,1.29,38.4,Normal/Charging
22/04/2026,7:49:29,29.84985,13.24,11.94,0.667,8.84,9.19,25,5.1,7.7,0,Normal,1.3,37.6,Normal/Charging
22/04/2026,7:49:44,29.849833,13.27,11.95,0.672,8.92,9.21,25,5.1,7.7,0,Normal,1.32,38,Normal/Charging
22/04/2026,7:49:59,29.849844,13.25,11.96,0.659,8.73,9.23,25,5.1,7.6,0,Normal,1.29,38.4,Normal/Charging
22/04/2026,7:50:14,29.849844,13.26,11.95,0.66,8.75,9.25,25,5.1,7.6,0,Normal,1.31,38,Normal/Charging
22/04/2026,7:50:29,29.849846,13.27,11.95,0.677,8.98,9.27,25,5.1,7.6,0,Normal,1.32,38,Normal/Charging
22/04/2026,7:50:44,29.849854,13.26,11.94,0.647,8.59,9.29,25,5.1,7.6,0,Normal,1.32,37.6,Normal/Charging
22/04/2026,7:50:59,29.849861,13.27,11.96,0.649,8.61,9.31,25,5.1,7.6,0.1,Normal,1.31,38.4,Normal/Charging
22/04/2026,7:51:14,29.849857,13.26,11.94,0.654,8.67,9.33,25,5.1,7.6,0.1,Normal,1.32,37.6,Normal/Charging
22/04/2026,7:51:29,29.849842,13.24,11.94,0.625,8.27,9.35,25,5.1,7.5,0.2,Normal,1.3,37.6,Normal/Charging
22/04/2026,7:51:44,29.849852,13.24,11.93,0.66,8.74,9.37,25,5.2,7.6,0.3,Normal,1.31,37.2,Normal/Charging
22/04/2026,7:51:59,29.849863,13.25,11.96,0.652,8.64,9.39,25,5.2,7.6,0.3,Normal,1.29,38.4,Normal/Charging
22/04/2026,7:52:14,29.849878,13.27,11.95,0.662,8.79,9.41,25,5.2,7.6,0,Normal,1.32,38,Normal/Charging
22/04/2026,7:52:29,29.849848,13.28,11.95,0.647,8.59,9.43,25,5.2,7.7,0.1,Normal,1.33,38,Normal/Charging
22/04/2026,7:52:44,29.849834,13.28,11.95,0.646,8.58,9.45,25,5.2,7.7,0.1,Normal,1.33,38,Normal/Charging
22/04/2026,7:52:59,29.849854,13.29,11.97,0.672,8.93,9.47,25,5.2,7.7,0.2,Normal,1.32,38.8,Normal/Charging
22/04/2026,7:53:14,29.84984,13.29,11.96,0.679,9.03,9.48,25,5.2,7.8,0.4,Normal,1.33,38.4,Normal/Charging
22/04/2026,7:53:29,29.849808,13.28,11.95,0.678,9.01,9.5,25,5.2,7.8,0.2,Normal,1.33,38,Normal/Charging
22/04/2026,7:53:44,29.84981,13.33,11.96,0.692,9.22,9.52,25,5.2,7.9,0,Normal,1.37,38.4,Normal/Charging
22/04/2026,7:53:59,29.849806,13.34,11.96,0.688,9.18,9.54,25,5.2,8,0,Normal,1.38,38.4,Normal/Charging
22/04/2026,7:54:14,29.849804,13.35,11.97,0.684,9.13,9.56,25,5.3,8,0.1,Normal,1.38,38.8,Normal/Charging
22/04/2026,7:54:29,29.849798,13.35,11.97,0.689,9.19,9.58,25,5.3,7.9,0.3,Normal,1.38,38.8,Normal/Charging
22/04/2026,7:54:44,29.849802,13.34,11.95,0.695,9.27,9.6,25,5.3,7.9,0.2,Normal,1.39,38,Normal/Charging
22/04/2026,7:54:59,29.849796,13.33,11.95,0.67,8.93,9.62,25,5.3,7.9,0,Normal,1.38,38,Normal/Charging
22/04/2026,7:55:14,29.849804,13.36,11.97,0.676,9.03,9.64,25,5.3,8,0,Normal,1.39,38.8,Normal/Charging
22/04/2026,7:55:29,29.849785,13.36,11.97,0.671,8.97,9.66,25,5.3,8,0,Normal,1.39,38.8,Normal/Charging
22/04/2026,7:55:44,29.849777,13.35,11.97,0.673,8.98,9.68,25,5.3,7.9,0.1,Normal,1.38,38.8,Normal/Charging
22/04/2026,7:55:59,29.849739,13.36,11.97,0.69,9.22,9.69,25,5.3,8,0.1,Normal,1.39,38.8,Normal/Charging
22/04/2026,7:56:14,29.849735,13.37,11.98,0.688,9.2,9.71,25,5.3,8,0.1,Normal,1.39,39.2,Normal/Charging
22/04/2026,7:56:29,29.849764,13.33,11.96,0.708,9.44,9.73,25,5.4,7.9,0.1,Normal,1.37,38.4,Normal/Charging
22/04/2026,7:56:44,29.849766,13.31,11.97,0.677,9,9.75,25,5.4,7.9,0.1,Normal,1.34,38.8,Normal/Charging
22/04/2026,7:56:59,29.84977,13.29,11.97,0.687,9.14,9.77,25,5.4,7.9,0.1,Normal,1.32,38.8,Normal/Charging
22/04/2026,7:57:14,29.849783,13.28,11.96,0.686,9.11,9.79,25,5.4,7.8,0.2,Normal,1.32,38.4,Normal/Charging
22/04/2026,7:57:29,29.849796,13.29,11.98,0.687,9.12,9.81,25,5.4,7.9,0.4,Normal,1.31,39.2,Normal/Charging
22/04/2026,7:57:44,29.849791,13.28,11.97,0.681,9.04,9.83,25,5.4,7.9,0.2,Normal,1.31,38.8,Normal/Charging
22/04/2026,7:57:59,29.849802,13.29,11.98,0.707,9.39,9.85,25,5.4,7.9,0.2,Normal,1.31,39.2,Normal/Charging
22/04/2026,7:58:14,29.849783,13.27,11.98,0.691,9.17,9.87,25,5.4,7.9,0.2,Normal,1.29,39.2,Normal/Charging
22/04/2026,7:58:29,29.849779,13.28,11.98,0.68,9.03,9.89,25,5.4,7.9,0.2,Normal,1.3,39.2,Normal/Charging
22/04/2026,7:58:44,29.849806,13.28,11.97,0.688,9.14,9.9,25,5.4,8,0.1,Normal,1.31,38.8,Normal/Charging
22/04/2026,7:58:59,29.849825,13.28,11.98,0.678,9,9.92,25,5.5,8,0,Normal,1.3,39.2,Normal/Charging
22/04/2026,7:59:14,29.849817,13.29,11.98,0.666,8.85,9.94,25,5.5,8,0.2,Normal,1.31,39.2,Normal/Charging
22/04/2026,7:59:29,29.849796,13.28,11.96,0.67,8.89,9.96,25,5.5,7.9,0.2,Normal,1.32,38.4,Normal/Charging
22/04/2026,7:59:44,29.849802,13.25,11.97,0.67,8.87,9.98,25,5.5,7.9,0.2,Normal,1.28,38.8,Normal/Charging
22/04/2026,7:59:59,29.849804,13.28,11.98,0.677,9,10,25,5.5,8,0.1,Normal,1.3,39.2,Normal/Charging
22/04/2026,8:00:14,29.849808,13.28,11.98,0.681,9.04,10.02,25,5.5,8,0.4,Normal,1.3,39.2,Normal/Charging
22/04/2026,8:00:29,29.849815,13.3,11.99,0.664,8.83,10.04,25,5.5,8,0.1,Normal,1.31,39.6,Normal/Charging
22/04/2026,8:00:44,29.849829,13.3,11.98,0.688,9.16,10.06,25,5.5,8,0.2,Normal,1.32,39.2,Normal/Charging
22/04/2026,8:00:59,29.849842,13.33,12,0.686,9.14,10.07,25,5.5,8.1,0.1,Normal,1.33,40,Normal/Charging
22/04/2026,8:01:14,29.849846,13.32,11.99,0.667,8.88,10.09,25,5.6,8.1,0,Normal,1.33,39.6,Normal/Charging
22/04/2026,8:01:29,29.849836,13.32,11.99,0.692,9.21,10.11,25,5.6,8.1,0,Normal,1.33,39.6,Normal/Charging
22/04/2026,8:01:44,29.849838,13.3,11.99,0.668,8.89,10.13,25,5.6,8.1,0.1,Normal,1.31,39.6,Normal/Charging
22/04/2026,8:01:59,29.849833,13.33,12.01,0.688,9.17,10.15,25,5.6,8.2,0.2,Normal,1.32,40.4,Normal/Charging
22/04/2026,8:02:14,29.849823,13.34,12,0.705,9.4,10.17,25,5.6,8.2,0.1,Normal,1.34,40,Normal/Charging
22/04/2026,8:02:29,29.849829,13.33,12,0.678,9.04,10.19,25,5.6,8.1,0.1,Normal,1.33,40,Normal/Charging
22/04/2026,8:02:44,29.849821,13.36,11.99,0.675,9.01,10.21,25,5.6,8.1,0,Normal,1.37,39.6,Normal/Charging
22/04/2026,8:02:59,29.849817,13.34,11.99,0.66,8.8,10.22,25,5.6,8.1,0,Normal,1.35,39.6,Normal/Charging
22/04/2026,8:03:14,29.849806,13.34,12.01,0.698,9.31,10.24,25,5.6,8.2,0,Normal,1.33,40.4,Normal/Charging
22/04/2026,8:03:29,29.849787,13.35,12.02,0.692,9.24,10.26,25,5.6,8.2,0,Normal,1.33,40.8,Normal/Charging
22/04/2026,8:03:44,29.849783,13.34,12.01,0.684,9.12,10.28,25,5.7,8.1,0.1,Normal,1.33,40.4,Normal/Charging
22/04/2026,8:03:59,29.849789,13.32,11.99,0.694,9.25,10.3,25,5.7,8.1,0,Normal,1.33,39.6,Normal/Charging
22/04/2026,8:04:14,29.849802,13.35,12.02,0.679,9.07,10.32,25,5.7,8,0.2,Normal,1.33,40.8,Normal/Charging
22/04/2026,8:04:29,29.849804,13.36,12.01,0.671,8.96,10.34,25,5.7,8.1,0.2,Normal,1.35,40.4,Normal/Charging
22/04/2026,8:04:44,29.84981,13.35,12.01,0.697,9.31,10.36,25,5.7,8.1,0,Normal,1.34,40.4,Normal/Charging
22/04/2026,8:04:59,29.849792,13.35,12.02,0.685,9.15,10.37,25,5.7,8.1,0.1,Normal,1.33,40.8,Normal/Charging
22/04/2026,8:05:14,29.849791,13.34,12.01,0.679,9.06,10.39,25,5.7,8.1,0,Normal,1.33,40.4,Normal/Charging
22/04/2026,8:05:29,29.849804,13.36,12.02,0.66,8.82,10.41,25,5.7,8.1,0.2,Normal,1.34,40.8,Normal/Charging
22/04/2026,8:05:44,29.849806,13.38,12.01,0.671,8.98,10.43,25,5.7,8.2,0,Normal,1.37,40.4,Normal/Charging
22/04/2026,8:05:59,29.849808,13.4,12,0.694,9.3,10.45,25,5.7,8.2,0,Normal,1.4,40,Normal/Charging
22/04/2026,8:06:14,29.849794,13.39,12.03,0.667,8.92,10.47,25,5.8,8.2,0.1,Normal,1.36,41.2,Normal/Charging
22/04/2026,8:06:29,29.849785,13.37,12.02,0.695,9.29,10.49,25,5.8,8.2,0.3,Normal,1.35,40.8,Normal/Charging
22/04/2026,8:06:44,29.849771,13.38,12.02,0.671,8.97,10.5,25,5.8,8.2,0.3,Normal,1.36,40.8,Normal/Charging
22/04/2026,8:06:59,29.849758,13.38,12.01,0.666,8.91,10.52,25,5.8,8.2,0.1,Normal,1.37,40.4,Normal/Charging
22/04/2026,8:07:14,29.849771,13.35,12.02,0.683,9.12,10.54,25,5.8,8.2,0.4,Normal,1.33,40.8,Normal/Charging
22/04/2026,8:07:29,29.849787,13.34,12.01,0.702,9.37,10.56,25,5.8,8.2,0.3,Normal,1.33,40.4,Normal/Charging
22/04/2026,8:07:44,29.849796,13.35,12.01,0.694,9.27,10.58,25,5.8,8.2,0.2,Normal,1.34,40.4,Normal/Charging
22/04/2026,8:07:59,29.849798,13.35,12.02,0.686,9.16,10.6,25,5.8,8.2,0.3,Normal,1.33,40.8,Normal/Charging
22/04/2026,8:08:14,29.849806,13.37,12.02,0.69,9.23,10.62,25,5.8,8.2,0.3,Normal,1.35,40.8,Normal/Charging
22/04/2026,8:08:29,29.849804,13.37,12.03,0.704,9.42,10.63,25,5.8,8.2,0.3,Normal,1.34,41.2,Normal/Charging
22/04/2026,8:08:44,29.849813,13.38,12.02,0.693,9.27,10.65,25,5.9,8.2,0.2,Normal,1.36,40.8,Normal/Charging
22/04/2026,8:08:59,29.849819,13.37,12.03,0.687,9.19,10.67,25,5.9,8.2,0.2,Normal,1.34,41.2,Normal/Charging
22/04/2026,8:09:14,29.849821,13.37,12.04,0.712,9.51,10.69,25,5.9,8.2,0.3,Normal,1.33,41.6,Normal/Charging
22/04/2026,8:09:29,29.849823,13.39,12.02,0.686,9.19,10.71,25,5.9,8.2,0.3,Normal,1.37,40.8,Normal/Charging
22/04/2026,8:09:44,29.849817,13.4,12.03,0.693,9.29,10.73,25,5.9,8.3,0.4,Normal,1.37,41.2,Normal/Charging
22/04/2026,8:09:59,29.849821,13.4,12.02,0.705,9.45,10.74,25,5.9,8.3,0.3,Normal,1.38,40.8,Normal/Charging
22/04/2026,8:10:14,29.849833,13.41,12.03,0.709,9.51,10.76,25,5.9,8.3,0.2,Normal,1.38,41.2,Normal/Charging
22/04/2026,8:10:29,29.849831,13.38,12.03,0.713,9.54,10.78,25,5.9,8.3,0.4,Normal,1.35,41.2,Normal/Charging
22/04/2026,8:10:44,29.849806,13.42,12.03,0.724,9.72,10.8,25,5.9,8.4,0.3,Normal,1.39,41.2,Normal/Charging
22/04/2026,8:10:59,29.849796,13.43,12.03,0.707,9.49,10.82,25,6,8.4,0.3,Normal,1.4,41.2,Normal/Charging
22/04/2026,8:11:14,29.849794,13.42,12.03,0.709,9.51,10.84,25,6,8.4,0.3,Normal,1.39,41.2,Normal/Charging
22/04/2026,8:11:29,29.849808,13.43,12.04,0.697,9.36,10.85,25,6,8.4,0.1,Normal,1.39,41.6,Normal/Charging
22/04/2026,8:11:44,29.849812,13.42,12.02,0.708,9.5,10.87,25,6,8.4,0.4,Normal,1.4,40.8,Normal/Charging
22/04/2026,8:11:59,29.849815,13.42,12.04,0.717,9.62,10.89,25,6,8.4,0.3,Normal,1.38,41.6,Normal/Charging
22/04/2026,8:12:14,29.84981,13.43,12.04,0.711,9.55,10.91,25,6,8.4,0.2,Normal,1.39,41.6,Normal/Charging
22/04/2026,8:12:29,29.849804,13.43,12.03,0.724,9.72,10.93,25,6,8.4,0.3,Normal,1.4,41.2,Normal/Charging
22/04/2026,8:12:44,29.849808,13.43,12.04,0.727,9.76,10.95,25,6,8.4,0.1,Normal,1.39,41.6,Normal/Charging
22/04/2026,8:12:59,29.84981,13.45,12.05,0.707,9.51,10.96,25,6,8.5,0.1,Normal,1.4,42,Normal/Charging
22/04/2026,8:13:14,29.849812,13.46,12.03,0.687,9.25,10.98,25,6,8.5,0.2,Normal,1.43,41.2,Normal/Charging
22/04/2026,8:13:29,29.849813,13.47,12.04,0.706,9.52,11,25,6.1,8.5,0,Normal,1.43,41.6,Normal/Charging
22/04/2026,8:13:44,29.84981,13.49,12.05,0.724,9.76,11.02,25,6.1,8.5,0,Normal,1.44,42,Normal/Charging
22/04/2026,8:13:59,29.849806,13.47,12.05,0.7,9.42,11.04,25,6.1,8.5,0,Normal,1.42,42,Normal/Charging
22/04/2026,8:14:14,29.849813,13.47,12.05,0.707,9.52,11.06,25,6.1,8.5,0,Normal,1.42,42,Normal/Charging
22/04/2026,8:14:29,29.849812,13.47,12.05,0.694,9.35,11.07,25,6.1,8.5,0,Normal,1.42,42,Normal/Charging
22/04/2026,8:14:44,29.849831,13.46,12.05,0.714,9.61,11.09,25,6.1,8.4,0,Normal,1.41,42,Normal/Charging
22/04/2026,8:14:59,29.849844,13.48,12.07,0.708,9.54,11.11,25,6.1,8.5,0.1,Normal,1.41,42.8,Normal/Charging
22/04/2026,8:15:14,29.849831,13.44,12.07,0.703,9.45,11.13,25,6.1,8.4,0.1,Normal,1.37,42.8,Normal/Charging
22/04/2026,8:15:29,29.84985,13.45,12.06,0.723,9.73,11.15,25,6.1,8.5,0.2,Normal,1.39,42.4,Normal/Charging
22/04/2026,8:15:44,29.849842,13.44,12.06,0.727,9.77,11.16,25,6.1,8.4,0.2,Normal,1.38,42.4,Normal/Charging
22/04/2026,8:15:59,29.849836,13.44,12.05,0.716,9.62,11.18,25,6.2,8.4,0.1,Normal,1.39,42,Normal/Charging
22/04/2026,8:16:14,29.849827,13.43,12.06,0.709,9.52,11.2,25,6.2,8.4,0.3,Normal,1.37,42.4,Normal/Charging
22/04/2026,8:16:29,29.849815,13.43,12.06,0.708,9.51,11.22,25,6.2,8.5,0.3,Normal,1.37,42.4,Normal/Charging
22/04/2026,8:16:44,29.849794,13.44,12.05,0.719,9.67,11.24,25,6.2,8.4,0.4,Normal,1.39,42,Normal/Charging
22/04/2026,8:16:59,29.849808,13.43,12.05,0.702,9.42,11.25,25,6.2,8.4,0.4,Normal,1.38,42,Normal/Charging
22/04/2026,8:17:14,29.84985,13.44,12.05,0.687,9.23,11.27,25,6.2,8.4,0.5,Normal,1.39,42,Normal/Charging
22/04/2026,8:17:29,29.849834,13.43,12.05,0.712,9.56,11.29,25,6.2,8.4,0.3,Normal,1.38,42,Normal/Charging
22/04/2026,8:17:44,29.849817,13.45,12.08,0.696,9.36,11.31,25,6.2,8.4,0.4,Normal,1.37,43.2,Normal/Charging
22/04/2026,8:17:59,29.849831,13.43,12.07,0.712,9.56,11.33,25,6.2,8.5,0.3,Normal,1.36,42.8,Normal/Charging
22/04/2026,8:18:14,29.849836,13.43,12.05,0.692,9.3,11.34,25,6.2,8.4,0.3,Normal,1.38,42,Normal/Charging
22/04/2026,8:18:29,29.849825,13.44,12.06,0.713,9.58,11.36,25,6.2,8.5,0.3,Normal,1.38,42.4,Normal/Charging
22/04/2026,8:18:44,29.849829,13.44,12.06,0.713,9.58,11.38,25,6.3,8.5,0.3,Normal,1.38,42.4,Normal/Charging
22/04/2026,8:18:59,29.849863,13.45,12.06,0.72,9.69,11.4,25,6.3,8.5,0.6,Normal,1.39,42.4,Normal/Charging
22/04/2026,8:19:14,29.849848,13.44,12.06,0.719,9.67,11.42,25,6.3,8.5,0.4,Normal,1.38,42.4,Normal/Charging
22/04/2026,8:19:29,29.849817,13.45,12.05,0.71,9.55,11.43,25,6.3,8.5,0.3,Normal,1.4,42,Normal/Charging
22/04/2026,8:19:44,29.849812,13.46,12.08,0.708,9.53,11.45,25,6.3,8.6,0.5,Normal,1.38,43.2,Normal/Charging
22/04/2026,8:19:59,29.849817,13.49,12.06,0.716,9.66,11.47,25,6.3,8.6,0.4,Normal,1.43,42.4,Normal/Charging
22/04/2026,8:20:14,29.849813,13.51,12.07,0.691,9.34,11.49,25,6.3,8.6,0.4,Normal,1.44,42.8,Normal/Charging
22/04/2026,8:20:29,29.849802,13.5,12.07,0.707,9.54,11.51,25,6.3,8.5,0.4,Normal,1.43,42.8,Normal/Charging
22/04/2026,8:20:44,29.849792,13.5,12.08,0.737,9.96,11.52,25,6.3,8.6,0.1,Normal,1.42,43.2,Normal/Charging
22/04/2026,8:20:59,29.849794,13.48,12.07,0.73,9.84,11.54,25,6.3,8.6,0.2,Normal,1.41,42.8,Normal/Charging
22/04/2026,8:21:14,29.849808,13.45,12.08,0.725,9.75,11.56,25,6.4,8.6,0.4,Normal,1.37,43.2,Normal/Charging
22/04/2026,8:21:29,29.8498,13.48,12.08,0.743,10.01,11.58,25,6.4,8.6,0.3,Normal,1.4,43.2,Normal/Charging
22/04/2026,8:21:44,29.849804,13.47,12.08,0.738,9.93,11.6,25,6.4,8.6,0.3,Normal,1.39,43.2,Normal/Charging
22/04/2026,8:21:59,29.849792,13.46,12.08,0.715,9.62,11.61,25,6.4,8.5,0.4,Normal,1.38,43.2,Normal/Charging
22/04/2026,8:22:14,29.849789,13.44,12.08,0.731,9.82,11.63,25,6.4,8.5,0.3,Normal,1.36,43.2,Normal/Charging
22/04/2026,8:22:29,29.8498,13.46,12.08,0.725,9.76,11.65,25,6.4,8.6,0.3,Normal,1.38,43.2,Normal/Charging
22/04/2026,8:22:44,29.849796,13.46,12.08,0.714,9.62,11.67,25,6.4,8.6,0.5,Normal,1.38,43.2,Normal/Charging
22/04/2026,8:22:59,29.849794,13.48,12.09,0.727,9.79,11.68,25,6.4,8.6,0.4,Normal,1.39,43.6,Normal/Charging
22/04/2026,8:23:14,29.849802,13.47,12.09,0.699,9.42,11.7,25,6.4,8.6,0.3,Normal,1.38,43.6,Normal/Charging
22/04/2026,8:23:29,29.849812,13.48,12.1,0.717,9.67,11.72,25,6.4,8.6,0.3,Normal,1.38,44,Normal/Charging
22/04/2026,8:23:44,29.849825,13.47,12.07,0.695,9.37,11.74,25,6.5,8.6,0.4,Normal,1.4,42.8,Normal/Charging
22/04/2026,8:23:59,29.849829,13.48,12.1,0.706,9.51,11.75,25,6.5,8.6,0.4,Normal,1.38,44,Normal/Charging
22/04/2026,8:24:14,29.849833,13.52,12.09,0.719,9.73,11.77,25,6.5,8.6,0.3,Normal,1.43,43.6,Normal/Charging
22/04/2026,8:24:29,29.849831,13.51,12.09,0.712,9.62,11.79,25,6.5,8.6,0.4,Normal,1.42,43.6,Normal/Charging
22/04/2026,8:24:44,29.849825,13.52,12.1,0.742,10.03,11.81,25,6.5,8.6,0.3,Normal,1.42,44,Normal/Charging
22/04/2026,8:24:59,29.849834,13.53,12.09,0.731,9.9,11.83,25,6.5,8.6,0.4,Normal,1.44,43.6,Normal/Charging
22/04/2026,8:25:14,29.849852,13.51,12.09,0.733,9.91,11.84,25,6.5,8.6,0.3,Normal,1.42,43.6,Normal/Charging
22/04/2026,8:25:29,29.849857,13.51,12.09,0.73,9.86,11.86,25,6.5,8.6,0.4,Normal,1.42,43.6,Normal/Charging
22/04/2026,8:25:44,29.849859,13.52,12.1,0.718,9.72,11.88,25,6.5,8.6,0.3,Normal,1.42,44,Normal/Charging
22/04/2026,8:25:59,29.849852,13.51,12.09,0.704,9.52,11.9,25,6.5,8.6,0.4,Normal,1.42,43.6,Normal/Charging
22/04/2026,8:26:14,29.849846,13.52,12.1,0.711,9.62,11.91,25,6.6,8.6,0.3,Normal,1.42,44,Normal/Charging
22/04/2026,8:26:29,29.849846,13.52,12.11,0.683,9.24,11.93,25,6.6,8.6,0.5,Normal,1.41,44.4,Normal/Charging
22/04/2026,8:26:44,29.849842,13.51,12.09,0.708,9.57,11.95,25,6.6,8.6,0.3,Normal,1.42,43.6,Normal/Charging
22/04/2026,8:26:59,29.849836,13.54,12.1,0.735,9.95,11.97,25,6.6,8.7,0.4,Normal,1.44,44,Normal/Charging
22/04/2026,8:27:14,29.849838,13.54,12.11,0.719,9.74,11.98,25,6.6,8.8,0.3,Normal,1.43,44.4,Normal/Charging
22/04/2026,8:27:29,29.849844,13.53,12.1,0.717,9.7,12,25,6.6,8.7,0.1,Normal,1.43,44,Normal/Charging
22/04/2026,8:27:44,29.849855,13.54,12.11,0.712,9.64,12.02,25,6.6,8.7,0.1,Normal,1.43,44.4,Normal/Charging
22/04/2026,8:27:59,29.849857,13.53,12.1,0.706,9.55,12.04,25,6.6,8.7,0.4,Normal,1.43,44,Normal/Charging
22/04/2026,8:28:14,29.849854,13.54,12.11,0.729,9.87,12.05,25,6.6,8.7,0.5,Normal,1.43,44.4,Normal/Charging
22/04/2026,8:28:29,29.849844,13.54,12.11,0.729,9.87,12.07,25,6.6,8.7,0.5,Normal,1.43,44.4,Normal/Charging
22/04/2026,8:28:44,29.849844,13.55,12.1,0.707,9.57,12.09,25,6.6,8.7,0.3,Normal,1.45,44,Normal/Charging
22/04/2026,8:28:59,29.849844,13.56,12.1,0.724,9.81,12.1,25,6.7,8.7,0.4,Normal,1.46,44,Normal/Charging
22/04/2026,8:29:14,29.849842,13.54,12.12,0.698,9.46,12.12,25,6.7,8.7,0.2,Normal,1.42,44.8,Normal/Charging
22/04/2026,8:29:29,29.849836,13.54,12.11,0.717,9.71,12.14,25,6.7,8.7,0.4,Normal,1.43,44.4,Normal/Charging
22/04/2026,8:29:44,29.849838,13.54,12.11,0.743,10.07,12.16,25,6.7,8.7,0.3,Normal,1.43,44.4,Normal/Charging
22/04/2026,8:29:59,29.849838,13.53,12.11,0.691,9.35,12.17,25,6.7,8.6,0.5,Normal,1.42,44.4,Normal/Charging
22/04/2026,8:30:14,29.849842,13.53,12.12,0.722,9.77,12.19,25,6.7,8.6,0.4,Normal,1.41,44.8,Normal/Charging
22/04/2026,8:30:29,29.849831,13.55,12.12,0.692,9.38,12.21,25,6.7,8.7,0.3,Normal,1.43,44.8,Normal/Charging
22/04/2026,8:30:44,29.849831,13.54,12.11,0.709,9.61,12.23,25,6.7,8.7,0.1,Normal,1.43,44.4,Normal/Charging
22/04/2026,8:30:59,29.849829,13.53,12.12,0.701,9.48,12.24,25,6.7,8.6,0.2,Normal,1.41,44.8,Normal/Charging
22/04/2026,8:31:14,29.849833,13.53,12.12,0.728,9.85,12.26,25,6.7,8.6,0.2,Normal,1.41,44.8,Normal/Charging
22/04/2026,8:31:29,29.849831,13.53,12.11,0.71,9.61,12.28,25,6.8,8.7,0.5,Normal,1.42,44.4,Normal/Charging
22/04/2026,8:31:44,29.849829,13.51,12.12,0.724,9.78,12.29,25,6.8,8.7,0.6,Normal,1.39,44.8,Normal/Charging
22/04/2026,8:31:59,29.849834,13.54,12.12,0.711,9.62,12.31,25,6.8,8.7,0.8,Normal,1.42,44.8,Normal/Charging
22/04/2026,8:32:14,29.849825,13.52,12.11,0.722,9.76,12.33,25,6.8,8.7,0.3,Normal,1.41,44.4,Normal/Charging
22/04/2026,8:32:29,29.849819,13.54,12.12,0.705,9.54,12.35,25,6.8,8.7,0.5,Normal,1.42,44.8,Normal/Charging
22/04/2026,8:32:44,29.849808,13.52,12.12,0.705,9.54,12.36,25,6.8,8.6,0.5,Normal,1.4,44.8,Normal/Charging
22/04/2026,8:32:59,29.849812,13.53,12.12,0.703,9.52,12.38,25,6.8,8.6,0.4,Normal,1.41,44.8,Normal/Charging
22/04/2026,8:33:14,29.849823,13.54,12.12,0.705,9.55,12.4,25,6.8,8.7,0.6,Normal,1.42,44.8,Normal/Charging
22/04/2026,8:33:29,29.849831,13.53,12.13,0.719,9.73,12.41,25,6.8,8.8,0.6,Normal,1.4,45.2,Normal/Charging
22/04/2026,8:33:44,29.849836,13.55,12.13,0.709,9.6,12.43,25,6.8,8.7,0.3,Normal,1.42,45.2,Normal/Charging
22/04/2026,8:33:59,29.849831,13.56,12.13,0.71,9.64,12.45,25,6.8,8.8,0.1,Normal,1.43,45.2,Normal/Charging
22/04/2026,8:34:14,29.849833,13.58,12.14,0.701,9.52,12.47,25,6.9,8.7,0.1,Normal,1.44,45.6,Normal/Charging
22/04/2026,8:34:29,29.849834,13.55,12.14,0.711,9.64,12.48,25,6.9,8.7,0.1,Normal,1.41,45.6,Normal/Charging
22/04/2026,8:34:44,29.84984,13.54,12.14,0.706,9.56,12.5,25,6.9,8.7,0.3,Normal,1.4,45.6,Normal/Charging
22/04/2026,8:34:59,29.849842,13.56,12.13,0.719,9.75,12.52,25,6.9,8.8,0.3,Normal,1.43,45.2,Normal/Charging
22/04/2026,8:35:14,29.849842,13.54,12.13,0.709,9.61,12.53,25,6.9,8.8,0.3,Normal,1.41,45.2,Normal/Charging
22/04/2026,8:35:29,29.84984,13.53,12.13,0.715,9.67,12.55,25,6.9,8.8,0.4,Normal,1.4,45.2,Normal/Charging
22/04/2026,8:35:44,29.849844,13.56,12.11,0.729,9.89,12.57,25,6.9,8.8,0.3,Normal,1.45,44.4,Normal/Charging
22/04/2026,8:35:59,29.849852,13.56,12.13,0.72,9.77,12.59,25,6.9,8.7,0.6,Normal,1.43,45.2,Normal/Charging
22/04/2026,8:36:14,29.849838,13.56,12.13,0.709,9.61,12.6,25,6.9,8.8,0.4,Normal,1.43,45.2,Normal/Charging
22/04/2026,8:36:29,29.849831,13.56,12.14,0.699,9.48,12.62,25,6.9,8.8,0.4,Normal,1.42,45.6,Normal/Charging
22/04/2026,8:36:44,29.849821,13.58,12.13,0.707,9.6,12.64,25,6.9,8.8,0.4,Normal,1.45,45.2,Normal/Charging
22/04/2026,8:36:59,29.849815,13.55,12.14,0.705,9.54,12.65,25,7,8.8,0.4,Normal,1.41,45.6,Normal/Charging
22/04/2026,8:37:14,29.849804,13.56,12.14,0.73,9.9,12.67,25,7,8.8,0.1,Normal,1.42,45.6,Normal/Charging
22/04/2026,8:37:29,29.849806,13.56,12.14,0.714,9.68,12.69,25,7,8.8,0.3,Normal,1.42,45.6,Normal/Charging
22/04/2026,8:37:44,29.84981,13.55,12.15,0.719,9.74,12.7,25,7,8.8,0.3,Normal,1.4,46,Normal/Charging
22/04/2026,8:37:59,29.849819,13.54,12.14,0.717,9.71,12.72,25,7,8.8,0.3,Normal,1.4,45.6,Normal/Charging
22/04/2026,8:38:14,29.849819,13.54,12.15,0.679,9.19,12.74,25,7,8.7,0.4,Normal,1.39,46,Normal/Charging
22/04/2026,8:38:29,29.849819,13.55,12.13,0.719,9.74,12.75,25,7,8.7,0.3,Normal,1.42,45.2,Normal/Charging
22/04/2026,8:38:44,29.849815,13.55,12.15,0.717,9.71,12.77,25,7,8.7,0.4,Normal,1.4,46,Normal/Charging
22/04/2026,8:38:59,29.849812,13.53,12.14,0.708,9.58,12.79,25,7,8.7,0.5,Normal,1.39,45.6,Normal/Charging
22/04/2026,8:39:14,29.849817,13.55,12.15,0.722,9.78,12.8,25,7,8.7,0.8,Normal,1.4,46,Normal/Charging
22/04/2026,8:39:29,29.849813,13.53,12.15,0.708,9.58,12.82,25,7.1,8.8,0.7,Normal,1.38,46,Normal/Charging
22/04/2026,8:39:44,29.849813,13.55,12.14,0.725,9.83,12.84,25,7.1,8.8,0.6,Normal,1.41,45.6,Normal/Charging
22/04/2026,8:39:59,29.849806,13.57,12.14,0.728,9.87,12.85,25,7.1,8.8,0.5,Normal,1.43,45.6,Normal/Charging
22/04/2026,8:40:14,29.849789,13.57,12.15,0.725,9.84,12.87,25,7.1,8.8,0.4,Normal,1.42,46,Normal/Charging
22/04/2026,8:40:29,29.849777,13.58,12.15,0.736,9.99,12.89,25,7.1,8.8,0.7,Normal,1.43,46,Normal/Charging
22/04/2026,8:40:44,29.849791,13.56,12.16,0.742,10.06,12.9,25,7.1,8.8,0.5,Normal,1.4,46.4,Normal/Charging
22/04/2026,8:40:59,29.849813,13.57,12.15,0.711,9.65,12.92,25,7.1,8.8,0.5,Normal,1.42,46,Normal/Charging
22/04/2026,8:41:14,29.849821,13.55,12.15,0.737,9.99,12.94,25,7.1,8.8,0.8,Normal,1.4,46,Normal/Charging
22/04/2026,8:41:29,29.849817,13.54,12.14,0.717,9.71,12.95,25,7.1,8.8,0.6,Normal,1.4,45.6,Normal/Charging
22/04/2026,8:41:44,29.849815,13.58,12.15,0.716,9.73,12.97,25,7.1,8.7,0.6,Normal,1.43,46,Normal/Charging
22/04/2026,8:41:59,29.849827,13.56,12.16,0.707,9.59,12.99,25,7.1,8.7,0.6,Normal,1.4,46.4,Normal/Charging
22/04/2026,8:42:14,29.849844,13.59,12.16,0.708,9.62,13,25,7.2,8.8,0.5,Normal,1.43,46.4,Normal/Charging
22/04/2026,8:42:29,29.849859,13.59,12.15,0.719,9.77,13.02,25,7.2,8.8,0.3,Normal,1.44,46,Normal/Charging
22/04/2026,8:42:44,29.849859,13.59,12.15,0.714,9.7,13.04,25,7.2,8.8,0.3,Normal,1.44,46,Normal/Charging
22/04/2026,8:42:59,29.849857,13.62,12.15,0.703,9.57,13.05,25,7.2,8.8,0.3,Normal,1.47,46,Normal/Charging
22/04/2026,8:43:14,29.849846,13.59,12.16,0.709,9.64,13.07,25,7.2,8.8,0.2,Normal,1.43,46.4,Normal/Charging
22/04/2026,8:43:29,29.849836,13.6,12.16,0.714,9.71,13.09,25,7.2,8.8,0.1,Normal,1.44,46.4,Normal/Charging
22/04/2026,8:43:44,29.849833,13.63,12.16,0.717,9.78,13.1,25,7.2,8.8,0.3,Normal,1.47,46.4,Normal/Charging
22/04/2026,8:43:59,29.849829,13.63,12.17,0.706,9.63,13.12,25,7.2,8.8,0.1,Normal,1.46,46.8,Normal/Charging
22/04/2026,8:44:14,29.849833,13.61,12.17,0.718,9.78,13.14,25,7.2,8.8,0.3,Normal,1.44,46.8,Normal/Charging
22/04/2026,8:44:29,29.849825,13.61,12.17,0.721,9.81,13.15,25,7.2,8.8,0.3,Normal,1.44,46.8,Normal/Charging
22/04/2026,8:44:44,29.849825,13.59,12.16,0.726,9.86,13.17,25,7.2,8.8,0.4,Normal,1.43,46.4,Normal/Charging
22/04/2026,8:44:59,29.849831,13.62,12.17,0.731,9.96,13.19,25,7.3,8.8,0.4,Normal,1.45,46.8,Normal/Charging
22/04/2026,8:45:14,29.849834,13.62,12.18,0.732,9.98,13.2,25,7.3,8.8,0.2,Normal,1.44,47.2,Normal/Charging
22/04/2026,8:45:29,29.849833,13.65,12.17,0.696,9.51,13.22,25,7.3,8.9,0.5,Normal,1.48,46.8,Normal/Charging
22/04/2026,8:45:44,29.849829,13.62,12.17,0.72,9.8,13.23,25,7.3,8.9,0.5,Normal,1.45,46.8,Normal/Charging
22/04/2026,8:45:59,29.849817,13.59,12.17,0.711,9.66,13.25,25,7.3,8.9,0.5,Normal,1.42,46.8,Normal/Charging
22/04/2026,8:46:14,29.849821,13.64,12.16,0.742,10.12,13.27,25,7.3,8.9,0.6,Normal,1.48,46.4,Normal/Charging
22/04/2026,8:46:29,29.849813,13.64,12.17,0.696,9.49,13.28,25,7.3,8.8,0.5,Normal,1.47,46.8,Normal/Charging
22/04/2026,8:46:44,29.84981,13.58,12.16,0.723,9.83,13.3,25,7.3,8.9,0.4,Normal,1.42,46.4,Normal/Charging
22/04/2026,8:46:59,29.849815,13.58,12.17,0.723,9.82,13.32,25,7.3,8.9,0.4,Normal,1.41,46.8,Normal/Charging
22/04/2026,8:47:14,29.849821,13.58,12.17,0.732,9.94,13.33,25,7.3,8.9,0.6,Normal,1.41,46.8,Normal/Charging
22/04/2026,8:47:29,29.849823,13.58,12.16,0.748,10.15,13.35,25,7.3,8.9,0.5,Normal,1.42,46.4,Normal/Charging
22/04/2026,8:47:44,29.849819,13.58,12.17,0.707,9.61,13.37,25,7.4,8.8,0.5,Normal,1.41,46.8,Normal/Charging
22/04/2026,8:47:59,29.849827,13.57,12.17,0.718,9.74,13.38,25,7.4,8.8,0.5,Normal,1.4,46.8,Normal/Charging
22/04/2026,8:48:14,29.849829,13.56,12.17,0.712,9.66,13.4,25,7.4,8.8,0.4,Normal,1.39,46.8,Normal/Charging
22/04/2026,8:48:29,29.849825,13.56,12.18,0.706,9.56,13.41,25,7.4,8.8,0.6,Normal,1.38,47.2,Normal/Charging
22/04/2026,8:48:44,29.849812,13.56,12.17,0.715,9.7,13.43,25,7.4,8.8,0.5,Normal,1.39,46.8,Normal/Charging
22/04/2026,8:48:59,29.849806,13.58,12.18,0.717,9.74,13.45,25,7.4,8.9,0.4,Normal,1.4,47.2,Normal/Charging
22/04/2026,8:49:14,29.849806,13.58,12.18,0.719,9.77,13.46,25,7.4,8.9,0.5,Normal,1.4,47.2,Normal/Charging
22/04/2026,8:49:29,29.849819,13.58,12.16,0.734,9.97,13.48,25,7.4,9,0.4,Normal,1.42,46.4,Normal/Charging
22/04/2026,8:49:44,29.849829,13.62,12.18,0.719,9.79,13.49,25,7.4,9,0.4,Normal,1.44,47.2,Normal/Charging
22/04/2026,8:49:59,29.849829,13.58,12.18,0.73,9.92,13.51,25,7.4,8.9,0.3,Normal,1.4,47.2,Normal/Charging
22/04/2026,8:50:14,29.849827,13.59,12.18,0.725,9.86,13.53,25,7.4,8.9,0.4,Normal,1.41,47.2,Normal/Charging
22/04/2026,8:50:29,29.849821,13.59,12.19,0.728,9.89,13.54,25,7.4,8.9,0.6,Normal,1.4,47.6,Normal/Charging
22/04/2026,8:50:44,29.849812,13.59,12.18,0.715,9.71,13.56,25,7.5,8.9,0.4,Normal,1.41,47.2,Normal/Charging
22/04/2026,8:50:59,29.849808,13.61,12.19,0.725,9.87,13.57,25,7.5,8.9,0.5,Normal,1.42,47.6,Normal/Charging
22/04/2026,8:51:14,29.849815,13.58,12.18,0.714,9.7,13.59,25,7.5,8.9,0.4,Normal,1.4,47.2,Normal/Charging
22/04/2026,8:51:29,29.849829,13.59,12.18,0.732,9.95,13.61,25,7.5,8.9,0.4,Normal,1.41,47.2,Normal/Charging
22/04/2026,8:51:44,29.849833,13.58,12.18,0.734,9.96,13.62,25,7.5,8.9,0.3,Normal,1.4,47.2,Normal/Charging
22/04/2026,8:51:59,29.849838,13.59,12.18,0.727,9.88,13.64,25,7.5,8.9,0.4,Normal,1.41,47.2,Normal/Charging
22/04/2026,8:52:14,29.849834,13.57,12.18,0.724,9.82,13.65,25,7.5,8.9,0.5,Normal,1.39,47.2,Normal/Charging
22/04/2026,8:52:29,29.849827,13.59,12.19,0.718,9.75,13.67,25,7.5,8.9,0.5,Normal,1.4,47.6,Normal/Charging
22/04/2026,8:52:44,29.849817,13.6,12.19,0.717,9.75,13.69,25,7.5,8.9,0.5,Normal,1.41,47.6,Normal/Charging
22/04/2026,8:52:59,29.849812,13.61,12.19,0.701,9.53,13.7,25,7.5,8.8,0.5,Normal,1.42,47.6,Normal/Charging
22/04/2026,8:53:14,29.849802,13.57,12.19,0.73,9.9,13.72,25,7.5,8.9,0.3,Normal,1.38,47.6,Normal/Charging
22/04/2026,8:53:29,29.849808,13.57,12.18,0.719,9.76,13.73,25,7.6,8.8,0.4,Normal,1.39,47.2,Normal/Charging
22/04/2026,8:53:44,29.849808,13.58,12.19,0.713,9.69,13.75,25,7.6,8.9,0.4,Normal,1.39,47.6,Normal/Charging
22/04/2026,8:53:59,29.849812,13.58,12.2,0.693,9.42,13.77,25,7.6,8.9,0.5,Normal,1.38,48,Normal/Charging
22/04/2026,8:54:14,29.849813,13.58,12.2,0.723,9.81,13.78,25,7.6,8.9,0.6,Normal,1.38,48,Normal/Charging
22/04/2026,8:54:29,29.849812,13.6,12.2,0.701,9.53,13.8,25,7.6,8.9,0.5,Normal,1.4,48,Normal/Charging
22/04/2026,8:54:44,29.849827,13.57,12.18,0.709,9.62,13.81,25,7.6,8.8,0.5,Normal,1.39,47.2,Normal/Charging
22/04/2026,8:54:59,29.849821,13.56,12.2,0.731,9.91,13.83,25,7.6,8.8,0.6,Normal,1.36,48,Normal/Charging
22/04/2026,8:55:14,29.849819,13.57,12.19,0.704,9.55,13.84,25,7.6,8.9,0.6,Normal,1.38,47.6,Normal/Charging
22/04/2026,8:55:29,29.849827,13.6,12.2,0.717,9.75,13.86,25,7.6,8.9,0.6,Normal,1.4,48,Normal/Charging
22/04/2026,8:55:44,29.849827,13.58,12.2,0.729,9.9,13.88,25,7.6,8.9,0.5,Normal,1.38,48,Normal/Charging
22/04/2026,8:55:59,29.849833,13.62,12.19,0.72,9.8,13.89,25,7.6,8.9,0.6,Normal,1.43,47.6,Normal/Charging
22/04/2026,8:56:14,29.849836,13.62,12.21,0.715,9.74,13.91,25,7.6,9,0.4,Normal,1.41,48.4,Normal/Charging
22/04/2026,8:56:29,29.849836,13.64,12.2,0.722,9.85,13.92,25,7.7,9,0.4,Normal,1.44,48,Normal/Charging
22/04/2026,8:56:44,29.849831,13.64,12.2,0.738,10.07,13.94,25,7.7,9,0.3,Normal,1.44,48,Normal/Charging
22/04/2026,8:56:59,29.849833,13.66,12.21,0.722,9.86,13.95,25,7.7,9,0.4,Normal,1.45,48.4,Normal/Charging
22/04/2026,8:57:14,29.849829,13.64,12.2,0.728,9.94,13.97,25,7.7,9,0.3,Normal,1.44,48,Normal/Charging
22/04/2026,8:57:29,29.849825,13.63,12.21,0.73,9.95,13.99,25,7.7,9,0.4,Normal,1.42,48.4,Normal/Charging
22/04/2026,8:57:44,29.849825,13.62,12.21,0.738,10.05,14,25,7.7,9,0.4,Normal,1.41,48.4,Normal/Charging
22/04/2026,8:57:59,29.849836,13.63,12.2,0.725,9.87,14.02,25,7.7,9,0.2,Normal,1.43,48,Normal/Charging
22/04/2026,8:58:14,29.849848,13.66,12.2,0.703,9.59,14.03,25,7.7,9,0.3,Normal,1.46,48,Normal/Charging
22/04/2026,8:58:29,29.849829,13.64,12.2,0.739,10.08,14.05,25,7.7,9,0.5,Normal,1.44,48,Normal/Charging
22/04/2026,8:58:44,29.849815,13.67,12.21,0.713,9.75,14.06,25,7.7,9,0.3,Normal,1.46,48.4,Normal/Charging
22/04/2026,8:58:59,29.849823,13.66,12.21,0.736,10.05,14.08,25,7.7,9,0.1,Normal,1.45,48.4,Normal/Charging
22/04/2026,8:59:14,29.849827,13.68,12.21,0.74,10.12,14.09,25,7.8,9.1,0.2,Normal,1.47,48.4,Normal/Charging
22/04/2026,8:59:29,29.849825,13.67,12.21,0.726,9.93,14.11,25,7.8,9,0.3,Normal,1.46,48.4,Normal/Charging
22/04/2026,8:59:44,29.849812,13.64,12.22,0.726,9.91,14.13,25,7.8,9,0.2,Normal,1.42,48.8,Normal/Charging
22/04/2026,8:59:59,29.849815,13.63,12.22,0.716,9.75,14.14,25,7.8,9,0.5,Normal,1.41,48.8,Normal/Charging
22/04/2026,9:00:14,29.849812,13.63,12.21,0.742,10.11,14.16,25,7.8,9,0.7,Normal,1.42,48.4,Normal/Charging
22/04/2026,9:00:29,29.849812,13.6,12.2,0.738,10.03,14.17,25,7.8,9,0.7,Normal,1.4,48,Normal/Charging
22/04/2026,9:00:44,29.849815,13.61,12.21,0.717,9.76,14.19,25,7.8,9,0.6,Normal,1.4,48.4,Normal/Charging
22/04/2026,9:00:59,29.849821,13.63,12.22,0.738,10.05,14.2,25,7.8,9,0.4,Normal,1.41,48.8,Normal/Charging
22/04/2026,9:01:14,29.849821,13.64,12.22,0.706,9.63,14.22,25,7.8,9,0.3,Normal,1.42,48.8,Normal/Charging
22/04/2026,9:01:29,29.849815,13.67,12.22,0.722,9.87,14.23,25,7.8,9,0.2,Normal,1.45,48.8,Normal/Charging
22/04/2026,9:01:44,29.849808,13.6,12.21,0.718,9.77,14.25,25,7.8,8.9,0.4,Normal,1.39,48.4,Normal/Charging
22/04/2026,9:01:59,29.84981,13.62,12.22,0.712,9.7,14.26,25,7.8,8.9,0.6,Normal,1.4,48.8,Normal/Charging
22/04/2026,9:02:14,29.849819,13.62,12.2,0.727,9.9,14.28,25,7.9,8.9,0.4,Normal,1.42,48,Normal/Charging
22/04/2026,9:02:29,29.849823,13.63,12.21,0.713,9.71,14.29,25,7.9,8.9,0.6,Normal,1.42,48.4,Normal/Charging
22/04/2026,9:02:44,29.849823,13.61,12.21,0.733,9.98,14.31,25,7.9,8.9,0.4,Normal,1.4,48.4,Normal/Charging
22/04/2026,9:02:59,29.849817,13.63,12.23,0.701,9.55,14.33,25,7.9,8.9,0.6,Normal,1.4,49.2,Normal/Charging
22/04/2026,9:03:14,29.849806,13.64,12.22,0.706,9.63,14.34,25,7.9,8.9,0.4,Normal,1.42,48.8,Normal/Charging
22/04/2026,9:03:29,29.849798,13.64,12.23,0.701,9.56,14.36,25,7.9,9,0.2,Normal,1.41,49.2,Normal/Charging
22/04/2026,9:03:44,29.849802,13.65,12.23,0.715,9.76,14.37,25,7.9,9,0.1,Normal,1.42,49.2,Normal/Charging
22/04/2026,9:03:59,29.849804,13.67,12.23,0.716,9.78,14.39,25,7.9,9,0,Normal,1.44,49.2,Normal/Charging
22/04/2026,9:04:14,29.849813,13.69,12.23,0.72,9.85,14.4,25,7.9,9,0,Normal,1.46,49.2,Normal/Charging
22/04/2026,9:04:29,29.849815,13.68,12.23,0.698,9.55,14.42,25,7.9,8.9,0.1,Normal,1.45,49.2,Normal/Charging
22/04/2026,9:04:44,29.84981,13.67,12.23,0.731,10,14.43,25,7.9,9,0.1,Normal,1.44,49.2,Normal/Charging
22/04/2026,9:04:59,29.849823,13.66,12.22,0.716,9.78,14.45,25,7.9,9,0.1,Normal,1.44,48.8,Normal/Charging
22/04/2026,9:05:14,29.849836,13.68,12.23,0.714,9.76,14.46,25,8,9,0.1,Normal,1.45,49.2,Normal/Charging
22/04/2026,9:05:29,29.849834,13.68,12.23,0.716,9.8,14.48,25,8,9,0.1,Normal,1.45,49.2,Normal/Charging
22/04/2026,9:05:44,29.849829,13.67,12.23,0.718,9.82,14.49,25,8,9,0.1,Normal,1.44,49.2,Normal/Charging
22/04/2026,9:05:59,29.849831,13.66,12.24,0.7,9.56,14.51,25,8,9,0,Normal,1.42,49.6,Normal/Charging
22/04/2026,9:06:14,29.84984,13.67,12.23,0.731,9.99,14.52,25,8,9,0.2,Normal,1.44,49.2,Normal/Charging
22/04/2026,9:06:29,29.849844,13.66,12.24,0.714,9.75,14.54,25,8,9,0.3,Normal,1.42,49.6,Normal/Charging
22/04/2026,9:06:44,29.849836,13.66,12.24,0.724,9.89,14.55,25,8,9,0.4,Normal,1.42,49.6,Normal/Charging
22/04/2026,9:06:59,29.849846,13.68,12.23,0.718,9.82,14.57,25,8,9,0.3,Normal,1.45,49.2,Normal/Charging
22/04/2026,9:07:14,29.849836,13.69,12.23,0.687,9.4,14.58,25,8,9,0.1,Normal,1.46,49.2,Normal/Charging
22/04/2026,9:07:29,29.849823,13.7,12.24,0.718,9.84,14.6,25,8,9,0.1,Normal,1.46,49.6,Normal/Charging
22/04/2026,9:07:44,29.849821,13.7,12.24,0.725,9.93,14.61,25,8,9.1,0,Normal,1.46,49.6,Normal/Charging
22/04/2026,9:07:59,29.849827,13.71,12.24,0.718,9.84,14.63,25,8,9.1,0.1,Normal,1.47,49.6,Normal/Charging
22/04/2026,9:08:14,29.849821,13.69,12.25,0.718,9.83,14.64,25,8.1,9.1,0,Normal,1.44,50,Normal/Charging
22/04/2026,9:08:29,29.849813,13.71,12.25,0.717,9.83,14.66,25,8.1,9.1,0.1,Normal,1.46,50,Normal/Charging
22/04/2026,9:08:44,29.849787,13.7,12.26,0.694,9.5,14.67,25,8.1,9.1,0,Normal,1.44,50.4,Normal/Charging
22/04/2026,9:08:59,29.849764,13.69,12.25,0.691,9.47,14.69,25,8.1,9,0,Normal,1.44,50,Normal/Charging
22/04/2026,9:09:14,29.849787,13.69,12.25,0.687,9.41,14.7,25,8.1,9,0,Normal,1.44,50,Normal/Charging
22/04/2026,9:09:29,29.849808,13.69,12.26,0.706,9.67,14.72,25,8.1,9,0,Normal,1.43,50.4,Normal/Charging
22/04/2026,9:09:44,29.849834,13.68,12.26,0.69,9.45,14.73,25,8.1,9,0,Normal,1.42,50.4,Normal/Charging
22/04/2026,9:09:59,29.849819,13.68,12.26,0.718,9.82,14.74,25,8.1,9,0.3,Normal,1.42,50.4,Normal/Charging
22/04/2026,9:10:14,29.849808,13.66,12.24,0.71,9.7,14.76,25,8.1,9,0.5,Normal,1.42,49.6,Normal/Charging
22/04/2026,9:10:29,29.849785,13.68,12.25,0.715,9.78,14.77,25,8.1,9,0.4,Normal,1.43,50,Normal/Charging
22/04/2026,9:10:44,29.849785,13.68,12.24,0.72,9.85,14.79,25,8.1,9.1,0.5,Normal,1.44,49.6,Normal/Charging
22/04/2026,9:10:59,29.849789,13.69,12.26,0.7,9.58,14.8,25,8.1,9.1,0.6,Normal,1.43,50.4,Normal/Charging
22/04/2026,9:11:14,29.849812,13.7,12.25,0.728,9.98,14.82,25,8.1,9.1,0.2,Normal,1.45,50,Normal/Charging
22/04/2026,9:11:29,29.849804,13.69,12.25,0.737,10.08,14.83,25,8.2,9.2,0.2,Normal,1.44,50,Normal/Charging
22/04/2026,9:11:44,29.849802,13.69,12.26,0.719,9.84,14.85,25,8.2,9.1,0.1,Normal,1.43,50.4,Normal/Charging
22/04/2026,9:11:59,29.849796,13.7,12.26,0.723,9.9,14.86,25,8.2,9.1,0.2,Normal,1.44,50.4,Normal/Charging
22/04/2026,9:12:14,29.849796,13.69,12.24,0.714,9.78,14.88,25,8.2,9.2,0.2,Normal,1.45,49.6,Normal/Charging
22/04/2026,9:12:29,29.849802,13.69,12.25,0.723,9.9,14.89,25,8.2,9.2,0.3,Normal,1.44,50,Normal/Charging
22/04/2026,9:12:44,29.849813,13.69,12.26,0.735,10.06,14.91,25,8.2,9.3,0.3,Normal,1.43,50.4,Normal/Charging
22/04/2026,9:12:59,29.849821,13.7,12.24,0.745,10.21,14.92,25,8.2,9.2,0.3,Normal,1.46,49.6,Normal/Charging
22/04/2026,9:13:14,29.849833,13.7,12.26,0.736,10.09,14.93,25,8.2,9.3,0.3,Normal,1.44,50.4,Normal/Charging
22/04/2026,9:13:29,29.849825,13.71,12.25,0.719,9.86,14.95,25,8.2,9.2,0.1,Normal,1.46,50,Normal/Charging
22/04/2026,9:13:44,29.849821,13.69,12.25,0.732,10.01,14.96,25,8.2,9.2,0.3,Normal,1.44,50,Normal/Charging
22/04/2026,9:13:59,29.849825,13.67,12.26,0.717,9.8,14.98,25,8.2,9.1,0.5,Normal,1.41,50.4,Normal/Charging
22/04/2026,9:14:14,29.849842,13.64,12.24,0.726,9.9,14.99,25,8.2,9.1,0.5,Normal,1.4,49.6,Normal/Charging
22/04/2026,9:14:29,29.849842,13.67,12.27,0.73,9.98,15.01,25,8.3,9.1,0.7,Normal,1.4,50.8,Normal/Charging
22/04/2026,9:14:44,29.849833,13.69,12.26,0.718,9.83,15.02,25,8.3,9.1,0.5,Normal,1.43,50.4,Normal/Charging
22/04/2026,9:14:59,29.849817,13.71,12.26,0.704,9.65,15.04,25,8.3,9.1,0.6,Normal,1.45,50.4,Normal/Charging
22/04/2026,9:15:14,29.84981,13.65,12.26,0.739,10.08,15.05,25,8.3,9.1,0.7,Normal,1.39,50.4,Normal/Charging
22/04/2026,9:15:29,29.849781,13.67,12.25,0.713,9.74,15.06,25,8.3,9.1,0.5,Normal,1.42,50,Normal/Charging
22/04/2026,9:15:44,29.849791,13.66,12.25,0.71,9.71,15.08,25,8.3,9.1,0.6,Normal,1.41,50,Normal/Charging
22/04/2026,9:15:59,29.849792,13.64,12.26,0.708,9.65,15.09,25,8.3,9.1,0.6,Normal,1.38,50.4,Normal/Charging
22/04/2026,9:16:14,29.849791,13.62,12.26,0.693,9.44,15.11,25,8.3,9,0.6,Normal,1.36,50.4,Normal/Charging
22/04/2026,9:16:29,29.849787,13.63,12.27,0.71,9.68,15.12,25,8.3,9,0.7,Normal,1.36,50.8,Normal/Charging
22/04/2026,9:16:44,29.849783,13.65,12.25,0.722,9.85,15.14,25,8.3,9,0.5,Normal,1.4,50,Normal/Charging
22/04/2026,9:16:59,29.849781,13.63,12.25,0.726,9.89,15.15,25,8.3,9.1,0.6,Normal,1.38,50,Normal/Charging
22/04/2026,9:17:14,29.849787,13.66,12.26,0.716,9.78,15.16,25,8.3,9.1,0.3,Normal,1.4,50.4,Normal/Charging
22/04/2026,9:17:29,29.849798,13.67,12.28,0.711,9.71,15.18,25,8.3,9.1,0.2,Normal,1.39,51.2,Normal/Charging
22/04/2026,9:17:44,29.84981,13.65,12.27,0.734,10.02,15.19,25,8.4,9.2,0.4,Normal,1.38,50.8,Normal/Charging
22/04/2026,9:17:59,29.849804,13.66,12.26,0.719,9.82,15.21,25,8.4,9.2,0.5,Normal,1.4,50.4,Normal/Charging
22/04/2026,9:18:14,29.849802,13.69,12.27,0.724,9.91,15.22,25,8.4,9.2,0.3,Normal,1.42,50.8,Normal/Charging
22/04/2026,9:18:29,29.84981,13.69,12.28,0.713,9.76,15.24,25,8.4,9.2,0.2,Normal,1.41,51.2,Normal/Charging
22/04/2026,9:18:44,29.849813,13.67,12.27,0.743,10.15,15.25,25,8.4,9.2,0.3,Normal,1.4,50.8,Normal/Charging
22/04/2026,9:18:59,29.849823,13.67,12.27,0.716,9.79,15.26,25,8.4,9.1,0.6,Normal,1.4,50.8,Normal/Charging
22/04/2026,9:19:14,29.849831,13.65,12.27,0.698,9.53,15.28,25,8.4,9.1,0.6,Normal,1.38,50.8,Normal/Charging
22/04/2026,9:19:29,29.849825,13.66,12.27,0.748,10.21,15.29,25,8.4,9.1,0.8,Normal,1.39,50.8,Normal/Charging
22/04/2026,9:19:44,29.849817,13.66,12.26,0.731,9.98,15.31,25,8.4,9.1,0.7,Normal,1.4,50.4,Normal/Charging
22/04/2026,9:19:59,29.849808,13.68,12.27,0.738,10.09,15.32,25,8.4,9.2,0.4,Normal,1.41,50.8,Normal/Charging
22/04/2026,9:20:14,29.849808,13.69,12.28,0.72,9.86,15.33,25,8.4,9.2,0.5,Normal,1.41,51.2,Normal/Charging
22/04/2026,9:20:29,29.849834,13.62,12.29,0.721,9.83,15.35,25,8.4,9.2,0.4,Normal,1.33,51.6,Normal/Charging
22/04/2026,9:20:44,29.849836,13.62,12.28,0.737,10.04,15.36,25,8.4,9.2,0.4,Normal,1.34,51.2,Normal/Charging
22/04/2026,9:20:59,29.849817,13.62,12.29,0.726,9.88,15.38,25,8.5,9.2,0.4,Normal,1.33,51.6,Normal/Charging
22/04/2026,9:21:14,29.849821,13.61,12.28,0.718,9.78,15.39,25,8.5,9.2,0.5,Normal,1.33,51.2,Normal/Charging
22/04/2026,9:21:29,29.8498,13.62,12.28,0.725,9.87,15.4,25,8.5,9.1,0.8,Normal,1.34,51.2,Normal/Charging
22/04/2026,9:21:44,29.849798,13.62,12.29,0.726,9.88,15.42,25,8.5,9.1,0.6,Normal,1.33,51.6,Normal/Charging
22/04/2026,9:21:59,29.849792,13.59,12.29,0.714,9.71,15.43,25,8.5,9,0.6,Normal,1.3,51.6,Normal/Charging
22/04/2026,9:22:14,29.849802,13.61,12.28,0.725,9.86,15.45,25,8.5,9.2,0.5,Normal,1.33,51.2,Normal/Charging
22/04/2026,9:22:29,29.849806,13.63,12.3,0.702,9.57,15.46,25,8.5,9.2,0.4,Normal,1.33,52,Normal/Charging
22/04/2026,9:22:44,29.8498,13.6,12.28,0.721,9.8,15.47,25,8.5,9.2,0.4,Normal,1.32,51.2,Normal/Charging
22/04/2026,9:22:59,29.849792,13.62,12.3,0.728,9.92,15.49,25,8.5,9.2,0.4,Normal,1.32,52,Normal/Charging
22/04/2026,9:23:14,29.849796,13.6,12.28,0.718,9.77,15.5,25,8.5,9.2,0.5,Normal,1.32,51.2,Normal/Charging
22/04/2026,9:23:29,29.849817,13.61,12.28,0.723,9.83,15.51,25,8.5,9.2,0.5,Normal,1.33,51.2,Normal/Charging
22/04/2026,9:23:44,29.849836,13.62,12.29,0.728,9.91,15.53,25,8.5,9.2,0,Normal,1.33,51.6,Normal/Charging
22/04/2026,9:23:59,29.849829,13.64,12.3,0.728,9.92,15.54,25,8.5,9.2,0,Normal,1.34,52,Normal/Charging
22/04/2026,9:24:14,29.849823,13.64,12.3,0.728,9.93,15.56,25,8.6,9.2,0.2,Normal,1.34,52,Normal/Charging
22/04/2026,9:24:29,29.849819,13.68,12.3,0.725,9.92,15.57,25,8.6,9.2,0.3,Normal,1.38,52,Normal/Charging
22/04/2026,9:24:44,29.849819,13.68,12.31,0.696,9.51,15.58,25,8.6,9.1,0.4,Normal,1.37,52.4,Normal/Charging
22/04/2026,9:24:59,29.849813,13.67,12.29,0.73,9.98,15.6,25,8.6,9.2,0.4,Normal,1.38,51.6,Normal/Charging
22/04/2026,9:25:14,29.849817,13.68,12.3,0.72,9.85,15.61,25,8.6,9.2,0.5,Normal,1.38,52,Normal/Charging
22/04/2026,9:25:29,29.849823,13.68,12.3,0.738,10.1,15.62,25,8.6,9.2,0.5,Normal,1.38,52,Normal/Charging
22/04/2026,9:25:44,29.849833,13.68,12.31,0.7,9.58,15.64,25,8.6,9.2,0.5,Normal,1.37,52.4,Normal/Charging
22/04/2026,9:25:59,29.849842,13.68,12.32,0.697,9.53,15.65,25,8.6,9.2,0.4,Normal,1.36,52.8,Normal/Charging
22/04/2026,9:26:14,29.849829,13.67,12.31,0.731,9.99,15.66,25,8.6,9.2,0.2,Normal,1.36,52.4,Normal/Charging
22/04/2026,9:26:29,29.849842,13.65,12.33,0.71,9.69,15.68,25,8.6,9.2,0.3,Normal,1.32,53.2,Normal/Charging
22/04/2026,9:26:44,29.84985,13.66,12.32,0.721,9.84,15.69,25,8.6,9.2,0.5,Normal,1.34,52.8,Normal/Charging
22/04/2026,9:26:59,29.849833,13.65,12.3,0.716,9.78,15.71,25,8.6,9.1,0.5,Normal,1.35,52,Normal/Charging
22/04/2026,9:27:14,29.849821,13.67,12.3,0.74,10.12,15.72,25,8.6,9.2,0.4,Normal,1.37,52,Normal/Charging
22/04/2026,9:27:29,29.849823,13.66,12.31,0.736,10.06,15.73,25,8.7,9.2,0.6,Normal,1.35,52.4,Normal/Charging
22/04/2026,9:27:44,29.849806,13.67,12.31,0.746,10.2,15.75,25,8.7,9.2,0.6,Normal,1.36,52.4,Normal/Charging
22/04/2026,9:27:59,29.849796,13.65,12.32,0.724,9.88,15.76,25,8.7,9.2,0.6,Normal,1.33,52.8,Normal/Charging
22/04/2026,9:28:14,29.849773,13.67,12.33,0.729,9.96,15.77,25,8.7,9.2,0.7,Normal,1.34,53.2,Normal/Charging
22/04/2026,9:28:29,29.84977,13.66,12.32,0.733,10.01,15.79,25,8.7,9.1,0.5,Normal,1.34,52.8,Normal/Charging
22/04/2026,9:28:44,29.8498,13.67,12.33,0.722,9.87,15.8,25,8.7,9.1,0.1,Normal,1.34,53.2,Normal/Charging
22/04/2026,9:28:59,29.849798,13.69,12.32,0.719,9.84,15.81,25,8.7,9.2,0.5,Normal,1.37,52.8,Normal/Charging
22/04/2026,9:29:14,29.849779,13.68,12.32,0.735,10.06,15.83,25,8.7,9.2,0.8,Normal,1.36,52.8,Normal/Charging
22/04/2026,9:29:29,29.849773,13.69,12.32,0.735,10.06,15.84,25,8.7,9.2,0.7,Normal,1.37,52.8,Normal/Charging
22/04/2026,9:29:44,29.849775,13.7,12.33,0.72,9.87,15.85,25,8.7,9.2,0.6,Normal,1.37,53.2,Normal/Charging
22/04/2026,9:29:59,29.849764,13.7,12.33,0.717,9.82,15.87,25,8.7,9.2,0.4,Normal,1.37,53.2,Normal/Charging
22/04/2026,9:30:14,29.849789,13.73,12.34,0.726,9.96,15.88,25,8.7,9.2,0.4,Normal,1.39,53.6,Normal/Charging
22/04/2026,9:30:29,29.849789,13.7,12.32,0.735,10.07,15.89,25,8.7,9.2,0.2,Normal,1.38,52.8,Normal/Charging
22/04/2026,9:30:44,29.849781,13.71,12.32,0.715,9.81,15.91,25,8.7,9.3,0.3,Normal,1.39,52.8,Normal/Charging
22/04/2026,9:30:59,29.849798,13.69,12.35,0.71,9.73,15.92,25,8.8,9.3,0.2,Normal,1.34,54,Normal/Charging
22/04/2026,9:31:14,29.849817,13.69,12.33,0.713,9.76,15.93,25,8.8,9.2,0.4,Normal,1.36,53.2,Normal/Charging
22/04/2026,9:31:29,29.849796,13.67,12.33,0.711,9.72,15.95,25,8.8,9.3,0.2,Normal,1.34,53.2,Normal/Charging
22/04/2026,9:31:44,29.849812,13.69,12.35,0.723,9.9,15.96,25,8.8,9.3,0.2,Normal,1.34,54,Normal/Charging
22/04/2026,9:31:59,29.849829,13.7,12.35,0.728,9.97,15.97,25,8.8,9.3,0.3,Normal,1.35,54,Normal/Charging
22/04/2026,9:32:14,29.849779,13.68,12.34,0.721,9.86,15.98,25,8.8,9.2,0.4,Normal,1.34,53.6,Normal/Charging
22/04/2026,9:32:29,29.849751,13.68,12.33,0.703,9.62,16,25,8.8,9.2,0.3,Normal,1.35,53.2,Normal/Charging
22/04/2026,9:32:44,29.849773,13.68,12.33,0.709,9.7,16.01,25,8.8,9.2,0.2,Normal,1.35,53.2,Normal/Charging
22/04/2026,9:32:59,29.849779,13.65,12.34,0.709,9.67,16.02,25,8.8,9.2,0.2,Normal,1.31,53.6,Normal/Charging
22/04/2026,9:33:14,29.849777,13.67,12.34,0.698,9.55,16.04,25,8.8,9.2,0.5,Normal,1.33,53.6,Normal/Charging
22/04/2026,9:33:29,29.849756,13.67,12.34,0.713,9.74,16.05,25,8.8,9.2,0.6,Normal,1.33,53.6,Normal/Charging
22/04/2026,9:33:44,29.849783,13.66,12.33,0.719,9.82,16.06,25,8.8,9.2,0.5,Normal,1.33,53.2,Normal/Charging
22/04/2026,9:33:59,29.849802,13.67,12.34,0.729,9.96,16.08,25,8.8,9.2,0.7,Normal,1.33,53.6,Normal/Charging
22/04/2026,9:34:14,29.84981,13.7,12.33,0.702,9.62,16.09,25,8.8,9.3,0.7,Normal,1.37,53.2,Normal/Charging
22/04/2026,9:34:29,29.849812,13.7,12.35,0.739,10.13,16.1,25,8.9,9.2,0.4,Normal,1.35,54,Normal/Charging
22/04/2026,9:34:44,29.849783,13.69,12.34,0.725,9.93,16.12,25,8.9,9.2,0.5,Normal,1.35,53.6,Normal/Charging
22/04/2026,9:34:59,29.849777,13.68,12.34,0.697,9.53,16.13,25,8.9,9.2,0.3,Normal,1.34,53.6,Normal/Charging
22/04/2026,9:35:14,29.849821,13.68,12.35,0.726,9.93,16.14,25,8.9,9.2,0.2,Normal,1.33,54,Normal/Charging
22/04/2026,9:35:29,29.849813,13.69,12.35,0.728,9.96,16.15,25,8.9,9.2,0.2,Normal,1.34,54,Normal/Charging
22/04/2026,9:35:44,29.849794,13.68,12.34,0.717,9.81,16.17,25,8.9,9.2,0.3,Normal,1.34,53.6,Normal/Charging
22/04/2026,9:35:59,29.849787,13.67,12.34,0.713,9.75,16.18,25,8.9,9.2,0.5,Normal,1.33,53.6,Normal/Charging
22/04/2026,9:36:14,29.849789,13.64,12.34,0.696,9.49,16.19,25,8.9,9.2,0.5,Normal,1.3,53.6,Normal/Charging
22/04/2026,9:36:29,29.849823,13.67,12.35,0.699,9.55,16.21,25,8.9,9.2,0.6,Normal,1.32,54,Normal/Charging
22/04/2026,9:36:44,29.849907,13.67,12.34,0.722,9.88,16.22,25,8.9,9.2,0.4,Normal,1.33,53.6,Normal/Charging
22/04/2026,9:36:59,29.850002,13.67,12.36,0.7,9.58,16.23,25,8.9,9.3,0.4,Normal,1.31,54.4,Normal/Charging
22/04/2026,9:37:14,29.850096,13.67,12.35,0.697,9.53,16.24,25,8.9,9.2,0.4,Normal,1.32,54,Normal/Charging
22/04/2026,9:37:29,29.850201,13.67,12.35,0.699,9.55,16.26,25,8.9,9.1,0.3,Normal,1.32,54,Normal/Charging
22/04/2026,9:37:44,29.85021,13.69,12.34,0.715,9.79,16.27,25,8.9,9.2,0.5,Normal,1.35,53.6,Normal/Charging
22/04/2026,9:37:59,29.850111,13.71,12.35,0.721,9.89,16.28,25,9,9.3,0.4,Normal,1.36,54,Normal/Charging
22/04/2026,9:38:14,29.850004,13.69,12.36,0.713,9.76,16.29,25,9,9.2,0.2,Normal,1.33,54.4,Normal/Charging
22/04/2026,9:38:29,29.849993,13.7,12.35,0.732,10.03,16.31,25,9,9.1,0,Normal,1.35,54,Normal/Charging
22/04/2026,9:38:44,29.849951,13.71,12.37,0.704,9.65,16.32,25,9,9.1,0,Normal,1.34,54.8,Normal/Charging
22/04/2026,9:38:59,29.849876,13.71,12.37,0.7,9.59,16.33,25,9,9.3,0.6,Normal,1.34,54.8,Normal/Charging
22/04/2026,9:39:14,29.849892,13.72,12.36,0.713,9.78,16.34,25,9,9.3,0.4,Normal,1.36,54.4,Normal/Charging
22/04/2026,9:39:29,29.849899,13.7,12.35,0.724,9.92,16.36,25,9,9.3,0.3,Normal,1.35,54,Normal/Charging
22/04/2026,9:39:44,29.849888,13.7,12.36,0.72,9.87,16.37,25,9,9.3,0.6,Normal,1.34,54.4,Normal/Charging
22/04/2026,9:39:59,29.849863,13.71,12.34,0.724,9.93,16.38,25,9,9.3,0.6,Normal,1.37,53.6,Normal/Charging
22/04/2026,9:40:14,29.849834,13.71,12.36,0.72,9.87,16.39,25,9,9.3,0.5,Normal,1.35,54.4,Normal/Charging
22/04/2026,9:40:29,29.849819,13.73,12.37,0.737,10.12,16.41,25,9,9.4,0.5,Normal,1.36,54.8,Normal/Charging
22/04/2026,9:40:44,29.849834,13.72,12.37,0.71,9.75,16.42,25,9,9.3,0.8,Normal,1.35,54.8,Normal/Charging
22/04/2026,9:40:59,29.849844,13.72,12.37,0.732,10.05,16.43,25,9,9.3,0.6,Normal,1.35,54.8,Normal/Charging
22/04/2026,9:41:14,29.849836,13.73,12.37,0.722,9.92,16.44,25,9,9.3,0.6,Normal,1.36,54.8,Normal/Charging
22/04/2026,9:41:29,29.849823,13.73,12.36,0.714,9.8,16.46,25,9.1,9.3,0.6,Normal,1.37,54.4,Normal/Charging
22/04/2026,9:41:44,29.849812,13.71,12.37,0.715,9.8,16.47,25,9.1,9.2,0.7,Normal,1.34,54.8,Normal/Charging
22/04/2026,9:41:59,29.849808,13.72,12.37,0.716,9.83,16.48,25,9.1,9.3,0.6,Normal,1.35,54.8,Normal/Charging
22/04/2026,9:42:14,29.849812,13.73,12.36,0.714,9.8,16.49,25,9.1,9.3,0.4,Normal,1.37,54.4,Normal/Charging
22/04/2026,9:42:29,29.849825,13.75,12.35,0.732,10.07,16.51,25,9.1,9.3,0,Normal,1.4,54,Normal/Charging
22/04/2026,9:42:44,29.849817,13.73,12.38,0.722,9.91,16.52,25,9.1,9.3,0.5,Normal,1.35,55.2,Normal/Charging
22/04/2026,9:42:59,29.849804,13.75,12.36,0.743,10.21,16.53,25,9.1,9.3,0.4,Normal,1.39,54.4,Normal/Charging
22/04/2026,9:43:14,29.849796,13.75,12.36,0.728,10.01,16.54,25,9.1,9.2,0,Normal,1.39,54.4,Normal/Charging
22/04/2026,9:43:29,29.849823,13.75,12.37,0.713,9.8,16.56,25,9.1,9.2,0,Normal,1.38,54.8,Normal/Charging
22/04/2026,9:43:44,29.849852,13.74,12.37,0.746,10.24,16.57,25,9.1,9.1,0,Normal,1.37,54.8,Normal/Charging
22/04/2026,9:43:59,29.849859,13.75,12.38,0.703,9.66,16.58,25,9.1,9.3,0.9,Normal,1.37,55.2,Normal/Charging
22/04/2026,9:44:14,29.84985,13.76,12.38,0.711,9.78,16.59,25,9.1,9.3,0.9,Normal,1.38,55.2,Normal/Charging
22/04/2026,9:44:29,29.849846,13.76,12.37,0.724,9.97,16.6,25,9.1,9.3,0.9,Normal,1.39,54.8,Normal/Charging
22/04/2026,9:44:44,29.84985,13.76,12.37,0.724,9.97,16.62,25,9.1,9.4,0.8,Normal,1.39,54.8,Normal/Charging
22/04/2026,9:44:59,29.84985,13.75,12.38,0.724,9.95,16.63,25,9.1,9.3,1,Normal,1.37,55.2,Normal/Charging
22/04/2026,9:45:14,29.849852,13.76,12.38,0.729,10.03,16.64,25,9.2,9.4,0.7,Normal,1.38,55.2,Normal/Charging
22/04/2026,9:45:29,29.849855,13.76,12.38,0.731,10.06,16.65,25,9.2,9.3,0.8,Normal,1.38,55.2,Normal/Charging
22/04/2026,9:45:44,29.849859,13.79,12.38,0.733,10.11,16.66,25,9.2,9.4,0.5,Normal,1.41,55.2,Normal/Charging
22/04/2026,9:45:59,29.849857,13.75,12.39,0.726,9.98,16.68,25,9.2,9.4,0.3,Normal,1.36,55.6,Normal/Charging
22/04/2026,9:46:14,29.84985,13.76,12.38,0.721,9.93,16.69,25,9.2,9.3,0.2,Normal,1.38,55.2,Normal/Charging
22/04/2026,9:46:29,29.849838,13.75,12.38,0.717,9.86,16.7,25,9.2,9.3,0.2,Normal,1.37,55.2,Normal/Charging
22/04/2026,9:46:44,29.849852,13.74,12.39,0.715,9.82,16.71,25,9.2,9.3,0.3,Normal,1.35,55.6,Normal/Charging
22/04/2026,9:46:59,29.849854,13.74,12.39,0.721,9.9,16.72,25,9.2,9.2,0.2,Normal,1.35,55.6,Normal/Charging
22/04/2026,9:47:14,29.849855,13.75,12.38,0.73,10.03,16.74,25,9.2,9.2,0.1,Normal,1.37,55.2,Normal/Charging
22/04/2026,9:47:29,29.849861,13.74,12.39,0.713,9.79,16.75,25,9.2,9.3,0,Normal,1.35,55.6,Normal/Charging
22/04/2026,9:47:44,29.849863,13.76,12.39,0.72,9.91,16.76,25,9.2,9.3,0,Normal,1.37,55.6,Normal/Charging
22/04/2026,9:47:59,29.849854,13.76,12.4,0.707,9.73,16.77,25,9.2,9.3,0,Normal,1.36,56,Normal/Charging
22/04/2026,9:48:14,29.849846,13.76,12.4,0.729,10.03,16.78,25,9.2,9.3,0,Normal,1.36,56,Normal/Charging
22/04/2026,9:48:29,29.849852,13.76,12.39,0.718,9.89,16.8,25,9.2,9.3,0,Normal,1.37,55.6,Normal/Charging
22/04/2026,9:48:44,29.849846,13.79,12.4,0.718,9.91,16.81,25,9.2,9.3,0,Normal,1.39,56,Normal/Charging
22/04/2026,9:48:59,29.849852,13.75,12.38,0.709,9.75,16.82,25,9.3,9.2,0,Normal,1.37,55.2,Normal/Charging
22/04/2026,9:49:14,29.849848,13.75,12.38,0.732,10.08,16.83,25,9.3,9.1,0,Normal,1.37,55.2,Normal/Charging
22/04/2026,9:49:29,29.84984,13.79,12.39,0.735,10.13,16.84,25,9.3,9.2,0,Normal,1.4,55.6,Normal/Charging
22/04/2026,9:49:44,29.849838,13.78,12.4,0.703,9.69,16.86,25,9.3,9.2,0,Normal,1.38,56,Normal/Charging
22/04/2026,9:49:59,29.849838,13.81,12.39,0.711,9.83,16.87,25,9.3,9.3,0.5,Normal,1.42,55.6,Normal/Charging
22/04/2026,9:50:14,29.84984,13.8,12.38,0.732,10.09,16.88,25,9.3,9.2,0.3,Normal,1.42,55.2,Normal/Charging
22/04/2026,9:50:29,29.84984,13.79,12.4,0.702,9.69,16.89,25,9.3,9.2,0.1,Normal,1.39,56,Normal/Charging
22/04/2026,9:50:44,29.849842,13.8,12.39,0.719,9.92,16.9,25,9.3,9.2,0.3,Normal,1.41,55.6,Normal/Charging
22/04/2026,9:50:59,29.849844,13.79,12.39,0.713,9.83,16.91,25,9.3,9.2,0.4,Normal,1.4,55.6,Normal/Charging
22/04/2026,9:51:14,29.849831,13.79,12.39,0.699,9.64,16.93,25,9.3,9.2,0.5,Normal,1.4,55.6,Normal/Charging
22/04/2026,9:51:29,29.849836,13.78,12.37,0.722,9.95,16.94,25,9.3,9.1,0.9,Normal,1.41,54.8,Normal/Charging
22/04/2026,9:51:44,29.849842,13.79,12.38,0.712,9.82,16.95,25,9.3,9.2,0.5,Normal,1.41,55.2,Normal/Charging
22/04/2026,9:51:59,29.849854,13.78,12.38,0.718,9.9,16.96,25,9.3,9.2,0.6,Normal,1.4,55.2,Normal/Charging
22/04/2026,9:52:14,29.849865,13.78,12.39,0.732,10.1,16.97,25,9.3,9.2,0.5,Normal,1.39,55.6,Normal/Charging
22/04/2026,9:52:29,29.849863,13.81,12.4,0.705,9.74,16.98,25,9.3,9.2,0.2,Normal,1.41,56,Normal/Charging
22/04/2026,9:52:44,29.849863,13.79,12.38,0.737,10.17,16.99,25,9.3,9.2,0.3,Normal,1.41,55.2,Normal/Charging
22/04/2026,9:52:59,29.849854,13.79,12.4,0.713,9.83,17.01,25,9.4,9.1,0.2,Normal,1.39,56,Normal/Charging
22/04/2026,9:53:14,29.849854,13.78,12.39,0.71,9.78,17.02,25,9.4,9.1,0.1,Normal,1.39,55.6,Normal/Charging
22/04/2026,9:53:29,29.849859,13.77,12.4,0.715,9.85,17.03,25,9.4,9.2,0.3,Normal,1.37,56,Normal/Charging
22/04/2026,9:53:44,29.849855,13.76,12.4,0.688,9.47,17.04,25,9.4,9.1,0.5,Normal,1.36,56,Normal/Charging
22/04/2026,9:53:59,29.849852,13.77,12.4,0.714,9.83,17.05,25,9.4,9.1,0.6,Normal,1.37,56,Normal/Charging
22/04/2026,9:54:14,29.849842,13.76,12.4,0.696,9.57,17.06,25,9.4,9.1,0.2,Normal,1.36,56,Normal/Charging
22/04/2026,9:54:29,29.849846,13.77,12.41,0.699,9.62,17.07,25,9.4,9.1,0.5,Normal,1.36,56.4,Normal/Charging
22/04/2026,9:54:44,29.849852,13.78,12.4,0.692,9.54,17.09,25,9.4,9.1,0.2,Normal,1.38,56,Normal/Charging
22/04/2026,9:54:59,29.849865,13.77,12.4,0.679,9.35,17.1,25,9.4,9.2,0.1,Normal,1.37,56,Normal/Charging
22/04/2026,9:55:14,29.849869,13.77,12.41,0.697,9.6,17.11,25,9.4,9.2,0,Normal,1.36,56.4,Normal/Charging
22/04/2026,9:55:29,29.849857,13.79,12.4,0.701,9.67,17.12,25,9.4,9.2,0,Normal,1.39,56,Normal/Charging
22/04/2026,9:55:44,29.849861,13.78,12.4,0.693,9.55,17.13,25,9.4,9.2,0,Normal,1.38,56,Normal/Charging
22/04/2026,9:55:59,29.849876,13.8,12.41,0.711,9.81,17.14,25,9.4,9.2,0,Normal,1.39,56.4,Normal/Charging
22/04/2026,9:56:14,29.849873,13.81,12.41,0.697,9.62,17.15,25,9.4,9.2,0.3,Normal,1.4,56.4,Normal/Charging
22/04/2026,9:56:29,29.849863,13.74,12.41,0.697,9.58,17.17,25,9.4,9.2,0.5,Normal,1.33,56.4,Normal/Charging
22/04/2026,9:56:44,29.849855,13.75,12.41,0.695,9.56,17.18,25,9.4,9.2,0,Normal,1.34,56.4,Normal/Charging
22/04/2026,9:56:59,29.849852,13.76,12.41,0.691,9.5,17.19,25,9.5,9.2,0,Normal,1.35,56.4,Normal/Charging
22/04/2026,9:57:14,29.849838,13.81,12.4,0.7,9.67,17.2,25,9.5,9.2,0,Normal,1.41,56,Normal/Charging
22/04/2026,9:57:29,29.849836,13.77,12.4,0.681,9.38,17.21,25,9.5,9.1,0,Normal,1.37,56,Normal/Charging
22/04/2026,9:57:44,29.849838,13.76,12.41,0.702,9.65,17.22,25,9.5,9.2,0,Normal,1.35,56.4,Normal/Charging
22/04/2026,9:57:59,29.849844,13.77,12.41,0.684,9.43,17.23,25,9.5,9.2,0,Normal,1.36,56.4,Normal/Charging
22/04/2026,9:58:14,29.849846,13.78,12.41,0.675,9.31,17.24,25,9.5,9.2,0,Normal,1.37,56.4,Normal/Charging
22/04/2026,9:58:29,29.84984,13.78,12.42,0.703,9.69,17.25,25,9.5,9.2,0.2,Normal,1.36,56.8,Normal/Charging
22/04/2026,9:58:44,29.849842,13.79,12.41,0.696,9.6,17.26,25,9.5,9.2,0,Normal,1.38,56.4,Normal/Charging
22/04/2026,9:58:59,29.84984,13.77,12.41,0.708,9.76,17.28,25,9.5,9.2,0.1,Normal,1.36,56.4,Normal/Charging
22/04/2026,9:59:14,29.849836,13.82,12.41,0.726,10.03,17.29,25,9.5,9.3,0,Normal,1.41,56.4,Normal/Charging
22/04/2026,9:59:29,29.849834,13.81,12.41,0.717,9.9,17.3,25,9.5,9.2,0.1,Normal,1.4,56.4,Normal/Charging
22/04/2026,9:59:44,29.849836,13.83,12.42,0.707,9.78,17.31,25,9.5,9.2,0,Normal,1.41,56.8,Normal/Charging
22/04/2026,9:59:59,29.84985,13.82,12.41,0.698,9.65,17.32,25,9.5,9.2,0,Normal,1.41,56.4,Normal/Charging
22/04/2026,10:00:14,29.849859,13.82,12.41,0.72,9.96,17.33,25,9.5,9.2,0,Normal,1.41,56.4,Normal/Charging
22/04/2026,10:00:29,29.849865,13.82,12.43,0.703,9.71,17.34,25,9.5,9.2,0,Normal,1.39,57.2,Normal/Charging
22/04/2026,10:00:44,29.849861,13.81,12.42,0.67,9.25,17.35,25,9.5,9.2,0,Normal,1.39,56.8,Normal/Charging
22/04/2026,10:00:59,29.849848,13.83,12.43,0.691,9.55,17.36,25,9.5,9.2,0,Normal,1.4,57.2,Normal/Charging
22/04/2026,10:01:14,29.849836,13.81,12.42,0.698,9.63,17.37,25,9.6,9.1,0,Normal,1.39,56.8,Normal/Charging
22/04/2026,10:01:29,29.849834,13.81,12.41,0.705,9.73,17.38,25,9.6,9.3,0.6,Normal,1.4,56.4,Normal/Charging
22/04/2026,10:01:44,29.849831,13.79,12.43,0.674,9.3,17.4,25,9.6,9.3,0.6,Normal,1.36,57.2,Normal/Charging
22/04/2026,10:01:59,29.849817,13.79,12.42,0.705,9.72,17.41,25,9.6,9.3,0.4,Normal,1.37,56.8,Normal/Charging
22/04/2026,10:02:14,29.849815,13.78,12.41,0.676,9.32,17.42,25,9.6,9.2,0,Normal,1.37,56.4,Normal/Charging
22/04/2026,10:02:29,29.849829,13.79,12.42,0.69,9.52,17.43,25,9.6,9.2,0,Normal,1.37,56.8,Normal/Charging
22/04/2026,10:02:44,29.84984,13.77,12.43,0.667,9.19,17.44,25,9.6,9,0,Normal,1.34,57.2,Normal/Charging
22/04/2026,10:02:59,29.849838,13.76,12.43,0.668,9.19,17.45,25,9.6,9,0,Normal,1.33,57.2,Normal/Charging
22/04/2026,10:03:14,29.849838,13.78,12.43,0.684,9.43,17.46,25,9.6,9.1,0,Normal,1.35,57.2,Normal/Charging
22/04/2026,10:03:29,29.84984,13.79,12.42,0.663,9.15,17.47,25,9.6,9,0,Normal,1.37,56.8,Normal/Charging
22/04/2026,10:03:44,29.849831,13.8,12.43,0.682,9.42,17.48,25,9.6,9.1,0,Normal,1.37,57.2,Normal/Charging
22/04/2026,10:03:59,29.849836,13.78,12.43,0.694,9.57,17.49,25,9.6,9.1,0,Normal,1.35,57.2,Normal/Charging
22/04/2026,10:04:14,29.849848,13.8,12.43,0.653,9.01,17.5,25,9.6,9.2,0,Normal,1.37,57.2,Normal/Charging
22/04/2026,10:04:29,29.849833,13.82,12.43,0.678,9.36,17.51,25,9.6,9.2,0,Normal,1.39,57.2,Normal/Charging
22/04/2026,10:04:44,29.849833,13.8,12.43,0.678,9.36,17.52,25,9.6,9.2,0,Normal,1.37,57.2,Normal/Charging
22/04/2026,10:04:59,29.849833,13.81,12.44,0.68,9.39,17.53,25,9.6,9.2,0,Normal,1.37,57.6,Normal/Charging
22/04/2026,10:05:14,29.849825,13.83,12.43,0.679,9.39,17.54,25,9.6,9.2,0,Normal,1.4,57.2,Normal/Charging
22/04/2026,10:05:29,29.849819,13.81,12.43,0.689,9.51,17.55,25,9.7,9.2,0,Normal,1.38,57.2,Normal/Charging
22/04/2026,10:05:44,29.849834,13.8,12.44,0.681,9.4,17.57,25,9.7,9.2,0,Normal,1.36,57.6,Normal/Charging
22/04/2026,10:05:59,29.849844,13.81,12.43,0.673,9.3,17.58,25,9.7,9.2,0,Normal,1.38,57.2,Normal/Charging
22/04/2026,10:06:14,29.849838,13.82,12.43,0.686,9.48,17.59,25,9.7,9.2,0,Normal,1.39,57.2,Normal/Charging
22/04/2026,10:06:29,29.849834,13.81,12.43,0.684,9.45,17.6,25,9.7,9.2,0,Normal,1.38,57.2,Normal/Charging
22/04/2026,10:06:44,29.849833,13.81,12.42,0.671,9.27,17.61,25,9.7,9.3,0.5,Normal,1.39,56.8,Normal/Charging
22/04/2026,10:06:59,29.849833,13.83,12.43,0.67,9.26,17.62,25,9.7,9.3,0.6,Normal,1.4,57.2,Normal/Charging
22/04/2026,10:07:14,29.849833,13.82,12.43,0.685,9.47,17.63,25,9.7,9.3,0.5,Normal,1.39,57.2,Normal/Charging
22/04/2026,10:07:29,29.849836,13.81,12.45,0.683,9.44,17.64,25,9.7,9.3,0.6,Normal,1.36,58,Normal/Charging
22/04/2026,10:07:44,29.84984,13.8,12.44,0.663,9.15,17.65,25,9.7,9.2,0.6,Normal,1.36,57.6,Normal/Charging
22/04/2026,10:07:59,29.849836,13.78,12.45,0.638,8.8,17.66,25,9.7,9.2,0.6,Normal,1.33,58,Normal/Charging
22/04/2026,10:08:14,29.849848,13.76,12.43,0.66,9.07,17.67,25,9.7,9.2,0.8,Normal,1.33,57.2,Normal/Charging
22/04/2026,10:08:29,29.849846,13.79,12.43,0.684,9.44,17.68,25,9.7,9.2,0.3,Normal,1.36,57.2,Normal/Charging
22/04/2026,10:08:44,29.849834,13.81,12.45,0.698,9.64,17.69,25,9.7,9.2,0.4,Normal,1.36,58,Normal/Charging
22/04/2026,10:08:59,29.849833,13.8,12.44,0.652,8.99,17.7,25,9.7,9.2,0.4,Normal,1.36,57.6,Normal/Charging
22/04/2026,10:09:14,29.849848,13.78,12.45,0.662,9.12,17.71,25,9.7,9.2,0.6,Normal,1.33,58,Normal/Charging
22/04/2026,10:09:29,29.84988,13.81,12.44,0.683,9.43,17.72,25,9.7,9.3,0.5,Normal,1.37,57.6,Normal/Charging
22/04/2026,10:09:44,29.849901,13.78,12.44,0.665,9.17,17.73,25,9.8,9.3,0.5,Normal,1.34,57.6,Normal/Charging
22/04/2026,10:09:59,29.84989,13.79,12.44,0.675,9.31,17.74,25,9.8,9.3,0.8,Normal,1.35,57.6,Normal/Charging
22/04/2026,10:10:14,29.849876,13.79,12.44,0.667,9.2,17.75,25,9.8,9.3,0.7,Normal,1.35,57.6,Normal/Charging
22/04/2026,10:10:29,29.849861,13.79,12.45,0.671,9.25,17.76,25,9.8,9.3,0.7,Normal,1.34,58,Normal/Charging
22/04/2026,10:10:44,29.849842,13.81,12.45,0.677,9.35,17.77,25,9.8,9.3,0.6,Normal,1.36,58,Normal/Charging
22/04/2026,10:10:59,29.849836,13.82,12.44,0.665,9.19,17.78,25,9.8,9.3,0.4,Normal,1.38,57.6,Normal/Charging
22/04/2026,10:11:14,29.849834,13.83,12.44,0.685,9.48,17.79,25,9.8,9.3,0.4,Normal,1.39,57.6,Normal/Charging
22/04/2026,10:11:29,29.849825,13.84,12.45,0.717,9.92,17.8,25,9.8,9.3,0.6,Normal,1.39,58,Normal/Charging
22/04/2026,10:11:44,29.849829,13.85,12.45,0.689,9.55,17.81,25,9.8,9.3,0.6,Normal,1.4,58,Normal/Charging
22/04/2026,10:11:59,29.849817,13.83,12.45,0.698,9.66,17.82,25,9.8,9.3,0.7,Normal,1.38,58,Normal/Charging
22/04/2026,10:12:14,29.849789,13.82,12.44,0.697,9.63,17.83,25,9.8,9.3,0.6,Normal,1.38,57.6,Normal/Charging
22/04/2026,10:12:29,29.849792,13.82,12.44,0.682,9.42,17.84,25,9.8,9.1,0,Normal,1.38,57.6,Normal/Charging
22/04/2026,10:12:44,29.849813,13.83,12.44,0.676,9.35,17.85,25,9.8,9.1,0,Normal,1.39,57.6,Normal/Charging
22/04/2026,10:12:59,29.849838,13.83,12.46,0.668,9.24,17.86,25,9.8,9.3,0.7,Normal,1.37,58.4,Normal/Charging
22/04/2026,10:13:14,29.849846,13.84,12.46,0.655,9.07,17.87,25,9.8,9.2,0.6,Normal,1.38,58.4,Normal/Charging
22/04/2026,10:13:29,29.84985,13.83,12.46,0.675,9.34,17.88,25,9.8,9.3,0.7,Normal,1.37,58.4,Normal/Charging
22/04/2026,10:13:44,29.849844,13.83,12.46,0.673,9.3,17.89,25,9.8,9.2,0.9,Normal,1.37,58.4,Normal/Charging
22/04/2026,10:13:59,29.849827,13.79,12.46,0.673,9.28,17.9,25,9.8,9.1,1,Normal,1.33,58.4,Normal/Charging
22/04/2026,10:14:14,29.849819,13.79,12.46,0.662,9.13,17.91,25,9.8,9,1,Normal,1.33,58.4,Normal/Charging
22/04/2026,10:14:29,29.849831,13.81,12.46,0.67,9.26,17.92,25,9.9,9,1.1,Normal,1.35,58.4,Normal/Charging
22/04/2026,10:14:44,29.849834,13.82,12.45,0.663,9.17,17.93,25,9.9,9,0.9,Normal,1.37,58,Normal/Charging
22/04/2026,10:14:59,29.849836,13.81,12.47,0.664,9.17,17.94,25,9.9,9,1,Normal,1.34,58.8,Normal/Charging
22/04/2026,10:15:14,29.849823,13.82,12.46,0.659,9.11,17.95,25,9.9,9.1,0.8,Normal,1.36,58.4,Normal/Charging
22/04/2026,10:15:29,29.849813,13.82,12.46,0.665,9.2,17.96,25,9.9,9.1,0.7,Normal,1.36,58.4,Normal/Charging
22/04/2026,10:15:44,29.84981,13.8,12.47,0.668,9.22,17.97,25,9.9,9.1,0.8,Normal,1.33,58.8,Normal/Charging
22/04/2026,10:15:59,29.849815,13.82,12.46,0.678,9.38,17.98,25,9.9,9.1,0.9,Normal,1.36,58.4,Normal/Charging
22/04/2026,10:16:14,29.849821,13.84,12.47,0.667,9.22,17.98,25,9.9,9.2,1,Normal,1.37,58.8,Normal/Charging
22/04/2026,10:16:29,29.849823,13.84,12.47,0.67,9.27,17.99,25,9.9,9.2,0.7,Normal,1.37,58.8,Normal/Charging
22/04/2026,10:16:44,29.849823,13.84,12.47,0.696,9.63,18,25,9.9,9.2,1,Normal,1.37,58.8,Normal/Charging
22/04/2026,10:16:59,29.849806,13.81,12.47,0.669,9.24,18.01,25,9.9,9.1,1,Normal,1.34,58.8,Normal/Charging
22/04/2026,10:17:14,29.849804,13.83,12.47,0.667,9.23,18.02,25,9.9,9.1,1,Normal,1.36,58.8,Normal/Charging
22/04/2026,10:17:29,29.849838,13.83,12.47,0.651,9,18.03,25,9.9,9.1,1.1,Normal,1.36,58.8,Normal/Charging
22/04/2026,10:17:44,29.849867,13.84,12.48,0.674,9.33,18.04,25,9.9,9.2,0.4,Normal,1.36,59.2,Normal/Charging
22/04/2026,10:17:59,29.849861,13.84,12.47,0.657,9.09,18.05,25,9.9,9.2,0.7,Normal,1.37,58.8,Normal/Charging
22/04/2026,10:18:14,29.849842,13.83,12.47,0.676,9.35,18.06,25,9.9,9.2,0.6,Normal,1.36,58.8,Normal/Charging
22/04/2026,10:18:29,29.849813,13.86,12.47,0.686,9.51,18.07,25,9.9,9.2,0.6,Normal,1.39,58.8,Normal/Charging
22/04/2026,10:18:44,29.8498,13.83,12.47,0.665,9.2,18.08,25,9.9,9.3,0.6,Normal,1.36,58.8,Normal/Charging
22/04/2026,10:18:59,29.849815,13.84,12.48,0.694,9.61,18.09,25,9.9,9.3,0.6,Normal,1.36,59.2,Normal/Charging
22/04/2026,10:19:14,29.849825,13.85,12.47,0.699,9.68,18.1,25,10,9.4,0.8,Normal,1.38,58.8,Normal/Charging
22/04/2026,10:19:29,29.849838,13.87,12.48,0.693,9.61,18.11,25,10,9.3,0.9,Normal,1.39,59.2,Normal/Charging
22/04/2026,10:19:44,29.849838,13.85,12.47,0.711,9.85,18.12,25,10,9.2,1.1,Normal,1.38,58.8,Normal/Charging
22/04/2026,10:19:59,29.849836,13.85,12.47,0.676,9.36,18.13,25,10,9.2,0.9,Normal,1.38,58.8,Normal/Charging
22/04/2026,10:20:14,29.849813,13.82,12.47,0.668,9.24,18.13,25,10,9.2,1.2,Normal,1.35,58.8,Normal/Charging
22/04/2026,10:20:29,29.849808,13.8,12.48,0.658,9.09,18.14,25,10,9.1,1.3,Normal,1.32,59.2,Normal/Charging
22/04/2026,10:20:44,29.849813,13.78,12.46,0.672,9.26,18.15,25,10,9.1,1.4,Normal,1.32,58.4,Normal/Charging
22/04/2026,10:20:59,29.849836,13.78,12.46,0.65,8.96,18.16,25,10,9.1,1.5,Normal,1.32,58.4,Normal/Charging
22/04/2026,10:21:14,29.849854,13.78,12.47,0.636,8.77,18.17,25,10,9.2,1.3,Normal,1.31,58.8,Normal/Charging
22/04/2026,10:21:29,29.849855,13.78,12.47,0.64,8.82,18.18,25,10,9.1,1.3,Normal,1.31,58.8,Normal/Charging
22/04/2026,10:21:44,29.849848,13.8,12.47,0.655,9.04,18.19,25,10,9.1,1.4,Normal,1.33,58.8,Normal/Charging
22/04/2026,10:21:59,29.849846,13.81,12.47,0.663,9.15,18.2,25,10,9.1,0.5,Normal,1.34,58.8,Normal/Charging
22/04/2026,10:22:14,29.849855,13.8,12.48,0.639,8.82,18.21,25,10,9.1,0.3,Normal,1.32,59.2,Normal/Charging
22/04/2026,10:22:29,29.849846,13.81,12.48,0.659,9.11,18.22,25,10,9.2,0,Normal,1.33,59.2,Normal/Charging
22/04/2026,10:22:44,29.849825,13.84,12.47,0.678,9.38,18.23,25,10,9.2,1.3,Normal,1.37,58.8,Normal/Charging
22/04/2026,10:22:59,29.849821,13.85,12.47,0.675,9.34,18.23,25,10,9.2,0,Normal,1.38,58.8,Normal/Charging
22/04/2026,10:23:14,29.849817,13.84,12.48,0.676,9.35,18.24,25,10,9.1,0.3,Normal,1.36,59.2,Normal/Charging
22/04/2026,10:23:29,29.849815,13.83,12.48,0.669,9.25,18.25,25,10,9,0.3,Normal,1.35,59.2,Normal/Charging
22/04/2026,10:23:44,29.849825,13.83,12.48,0.655,9.05,18.26,25,10,9,0.1,Normal,1.35,59.2,Normal/Charging
22/04/2026,10:23:59,29.849829,13.83,12.48,0.642,8.88,18.27,25,10,9,0.1,Normal,1.35,59.2,Normal/Charging
22/04/2026,10:24:14,29.849815,13.85,12.49,0.645,8.93,18.28,25,10.1,9,0.1,Normal,1.36,59.6,Normal/Charging
22/04/2026,10:24:29,29.84981,13.84,12.49,0.663,9.18,18.29,25,10.1,9,0,Normal,1.35,59.6,Normal/Charging
22/04/2026,10:24:44,29.849821,13.84,12.47,0.649,8.98,18.3,25,10.1,9.1,0,Normal,1.37,58.8,Normal/Charging
22/04/2026,10:24:59,29.849834,13.84,12.49,0.655,9.06,18.31,25,10.1,9.1,0,Normal,1.35,59.6,Normal/Charging
22/04/2026,10:25:14,29.849833,13.84,12.49,0.676,9.36,18.31,25,10.1,9.1,0.1,Normal,1.35,59.6,Normal/Charging
22/04/2026,10:25:29,29.849829,13.83,12.48,0.621,8.59,18.32,25,10.1,9,0.1,Normal,1.35,59.2,Normal/Charging
22/04/2026,10:25:44,29.849825,13.83,12.48,0.656,9.07,18.33,25,10.1,9,0,Normal,1.35,59.2,Normal/Charging
22/04/2026,10:25:59,29.849827,13.83,12.48,0.652,9.02,18.34,25,10.1,9,0,Normal,1.35,59.2,Normal/Charging
22/04/2026,10:26:14,29.849834,13.84,12.5,0.65,8.99,18.35,25,10.1,9.1,0.1,Normal,1.34,60,Normal/Charging
22/04/2026,10:26:29,29.84984,13.84,12.48,0.69,9.55,18.36,25,10.1,9,0.2,Normal,1.36,59.2,Normal/Charging
22/04/2026,10:26:44,29.849838,13.83,12.49,0.651,9,18.37,25,10.1,9,0.4,Normal,1.34,59.6,Normal/Charging
22/04/2026,10:26:59,29.849819,13.83,12.48,0.658,9.1,18.38,25,10.1,9,0.5,Normal,1.35,59.2,Normal/Charging
22/04/2026,10:27:14,29.849785,13.84,12.49,0.666,9.22,18.38,25,10.1,9.1,0.6,Normal,1.35,59.6,Normal/Charging
22/04/2026,10:27:29,29.849789,13.85,12.49,0.666,9.22,18.39,25,10.1,9.1,0.4,Normal,1.36,59.6,Normal/Charging
22/04/2026,10:27:44,29.849802,13.86,12.48,0.664,9.2,18.4,25,10.1,9.1,0.2,Normal,1.38,59.2,Normal/Charging
22/04/2026,10:27:59,29.849817,13.84,12.49,0.682,9.45,18.41,25,10.1,9.1,0.1,Normal,1.35,59.6,Normal/Charging
22/04/2026,10:28:14,29.849838,13.86,12.5,0.655,9.07,18.42,25,10.1,9.1,0.4,Normal,1.36,60,Normal/Charging
22/04/2026,10:28:29,29.849842,13.84,12.49,0.674,9.33,18.43,25,10.1,9.1,0.3,Normal,1.35,59.6,Normal/Charging
22/04/2026,10:28:44,29.849836,13.84,12.48,0.668,9.24,18.44,25,10.1,9,0,Normal,1.36,59.2,Normal/Charging
22/04/2026,10:28:59,29.849825,13.83,12.5,0.659,9.11,18.44,25,10.1,9.1,0.6,Normal,1.33,60,Normal/Charging
22/04/2026,10:29:14,29.849817,13.84,12.49,0.654,9.05,18.45,25,10.1,9.2,0.1,Normal,1.35,59.6,Normal/Charging
22/04/2026,10:29:29,29.849825,13.82,12.5,0.636,8.78,18.46,25,10.2,9.1,0.4,Normal,1.32,60,Normal/Charging
22/04/2026,10:29:44,29.849829,13.79,12.48,0.622,8.58,18.47,25,10.2,9.1,0.6,Normal,1.31,59.2,Normal/Charging
22/04/2026,10:29:59,29.849827,13.8,12.49,0.638,8.8,18.48,25,10.2,9,0.3,Normal,1.31,59.6,Normal/Charging
22/04/2026,10:30:14,29.84981,13.77,12.49,0.605,8.33,18.49,25,10.2,9,0.4,Normal,1.28,59.6,Normal/Charging
22/04/2026,10:30:29,29.849812,13.77,12.48,0.634,8.73,18.49,25,10.2,9,0.7,Normal,1.29,59.2,Normal/Charging
22/04/2026,10:30:44,29.849815,13.77,12.48,0.608,8.37,18.5,25,10.2,9.1,0.3,Normal,1.29,59.2,Normal/Charging
22/04/2026,10:30:59,29.849827,13.76,12.48,0.629,8.66,18.51,25,10.2,9,0,Normal,1.28,59.2,Normal/Charging
22/04/2026,10:31:14,29.849829,13.75,12.48,0.651,8.94,18.52,25,10.2,8.9,0,Normal,1.27,59.2,Normal/Charging
22/04/2026,10:31:29,29.849817,13.79,12.5,0.639,8.82,18.53,25,10.2,9,0,Normal,1.29,60,Normal/Charging
22/04/2026,10:31:44,29.849831,13.81,12.48,0.687,9.49,18.53,25,10.2,9.1,0,Normal,1.33,59.2,Normal/Charging
22/04/2026,10:31:59,29.849838,13.81,12.48,0.654,9.03,18.54,25,10.2,9.1,0,Normal,1.33,59.2,Normal/Charging
22/04/2026,10:32:14,29.849831,13.78,12.48,0.662,9.13,18.55,25,10.2,9,0,Normal,1.3,59.2,Normal/Charging
22/04/2026,10:32:29,29.849819,13.8,12.48,0.677,9.34,18.56,25,10.2,9,0,Normal,1.32,59.2,Normal/Charging
22/04/2026,10:32:44,29.849815,13.8,12.49,0.67,9.24,18.57,25,10.2,9,0,Normal,1.31,59.6,Normal/Charging
22/04/2026,10:32:59,29.849817,13.81,12.5,0.642,8.87,18.58,25,10.2,9,0,Normal,1.31,60,Normal/Charging
22/04/2026,10:33:14,29.849819,13.81,12.49,0.647,8.94,18.58,25,10.2,9,0,Normal,1.32,59.6,Normal/Charging
22/04/2026,10:33:29,29.849821,13.83,12.49,0.676,9.35,18.59,25,10.2,9,0,Normal,1.34,59.6,Normal/Charging
22/04/2026,10:33:44,29.849823,13.83,12.5,0.667,9.23,18.6,25,10.2,9.1,0,Normal,1.33,60,Normal/Charging
22/04/2026,10:33:59,29.849825,13.83,12.49,0.673,9.31,18.61,25,10.2,9.1,0,Normal,1.34,59.6,Normal/Charging
22/04/2026,10:34:14,29.849812,13.81,12.5,0.654,9.03,18.62,25,10.2,9.2,0.6,Normal,1.31,60,Normal/Charging
22/04/2026,10:34:29,29.8498,13.81,12.51,0.678,9.36,18.62,25,10.2,9.1,0.5,Normal,1.3,60.4,Normal/Charging
22/04/2026,10:34:44,29.849806,13.81,12.5,0.643,8.88,18.63,25,10.2,9,0.5,Normal,1.31,60,Normal/Charging
22/04/2026,10:34:59,29.84981,13.8,12.5,0.644,8.89,18.64,25,10.3,9.1,0.3,Normal,1.3,60,Normal/Charging
22/04/2026,10:35:14,29.849823,13.78,12.5,0.644,8.88,18.65,25,10.3,9,0.5,Normal,1.28,60,Normal/Charging
22/04/2026,10:35:29,29.849834,13.8,12.51,0.661,9.12,18.66,25,10.3,9,0.6,Normal,1.29,60.4,Normal/Charging
22/04/2026,10:35:44,29.849838,13.8,12.51,0.646,8.91,18.66,25,10.3,9,0.4,Normal,1.29,60.4,Normal/Charging
22/04/2026,10:35:59,29.849836,13.8,12.5,0.633,8.74,18.67,25,10.3,9,0.6,Normal,1.3,60,Normal/Charging
22/04/2026,10:36:14,29.849808,13.79,12.5,0.638,8.79,18.68,25,10.3,9,0.9,Normal,1.29,60,Normal/Charging
22/04/2026,10:36:29,29.849815,13.78,12.51,0.635,8.75,18.69,25,10.3,8.9,0.8,Normal,1.27,60.4,Normal/Charging
22/04/2026,10:36:44,29.849831,13.78,12.51,0.635,8.75,18.69,25,10.3,8.8,0.7,Normal,1.27,60.4,Normal/Charging
22/04/2026,10:36:59,29.849827,13.76,12.51,0.638,8.79,18.7,25,10.3,8.8,0.7,Normal,1.25,60.4,Normal/Charging
22/04/2026,10:37:14,29.849821,13.75,12.51,0.621,8.54,18.71,25,10.3,8.7,1,Normal,1.24,60.4,Normal/Charging
22/04/2026,10:37:29,29.849815,13.74,12.5,0.621,8.53,18.72,25,10.3,8.7,0.8,Normal,1.24,60,Normal/Charging
22/04/2026,10:37:44,29.849815,13.76,12.5,0.624,8.59,18.73,25,10.3,8.9,0.6,Normal,1.26,60,Normal/Charging
22/04/2026,10:37:59,29.849812,13.78,12.5,0.639,8.8,18.73,25,10.3,8.9,0.7,Normal,1.28,60,Normal/Charging
22/04/2026,10:38:14,29.849804,13.76,12.51,0.637,8.77,18.74,25,10.3,8.9,0.9,Normal,1.25,60.4,Normal/Charging
22/04/2026,10:38:29,29.849802,13.76,12.51,0.602,8.28,18.75,25,10.3,8.9,1,Normal,1.25,60.4,Normal/Charging
22/04/2026,10:38:44,29.849806,13.76,12.51,0.623,8.57,18.76,25,10.3,8.9,1,Normal,1.25,60.4,Normal/Charging
22/04/2026,10:38:59,29.849817,13.78,12.52,0.633,8.73,18.76,25,10.3,9,0.7,Normal,1.26,60.8,Normal/Charging
22/04/2026,10:39:14,29.849829,13.79,12.51,0.661,9.12,18.77,25,10.3,9,0.8,Normal,1.28,60.4,Normal/Charging
22/04/2026,10:39:29,29.849829,13.78,12.51,0.628,8.66,18.78,25,10.3,9,0.8,Normal,1.27,60.4,Normal/Charging
22/04/2026,10:39:44,29.849813,13.77,12.52,0.613,8.44,18.79,25,10.3,8.8,1.1,Normal,1.25,60.8,Normal/Charging
22/04/2026,10:39:59,29.849808,13.77,12.52,0.611,8.41,18.79,25,10.3,8.8,1.3,Normal,1.25,60.8,Normal/Charging
22/04/2026,10:40:14,29.849815,13.76,12.52,0.644,8.86,18.8,25,10.3,8.8,1.2,Normal,1.24,60.8,Normal/Charging
22/04/2026,10:40:29,29.849817,13.74,12.51,0.623,8.56,18.81,25,10.3,8.8,1.3,Normal,1.23,60.4,Normal/Charging
22/04/2026,10:40:44,29.849825,13.77,12.52,0.631,8.69,18.82,25,10.3,8.9,1.1,Normal,1.25,60.8,Normal/Charging
22/04/2026,10:40:59,29.849823,13.77,12.52,0.634,8.74,18.82,25,10.4,8.8,1.1,Normal,1.25,60.8,Normal/Charging
22/04/2026,10:41:14,29.849821,13.75,12.52,0.622,8.55,18.83,25,10.4,8.8,1.3,Normal,1.23,60.8,Normal/Charging
22/04/2026,10:41:29,29.849829,13.75,12.52,0.623,8.57,18.84,25,10.4,8.7,1.2,Normal,1.23,60.8,Normal/Charging
22/04/2026,10:41:44,29.849823,13.76,12.52,0.597,8.22,18.85,25,10.4,8.7,1.2,Normal,1.24,60.8,Normal/Charging
22/04/2026,10:41:59,29.84981,13.78,12.52,0.611,8.41,18.85,25,10.4,8.8,1.1,Normal,1.26,60.8,Normal/Charging
22/04/2026,10:42:14,29.849798,13.76,12.53,0.611,8.41,18.86,25,10.4,8.7,1.2,Normal,1.23,61.2,Normal/Charging
22/04/2026,10:42:29,29.849821,13.74,12.52,0.612,8.41,18.87,25,10.4,8.7,1.2,Normal,1.22,60.8,Normal/Charging
22/04/2026,10:42:44,29.849823,13.76,12.52,0.633,8.71,18.87,25,10.4,8.7,1.2,Normal,1.24,60.8,Normal/Charging
22/04/2026,10:42:59,29.849829,13.75,12.52,0.594,8.17,18.88,25,10.4,8.7,1.3,Normal,1.23,60.8,Normal/Charging
22/04/2026,10:43:14,29.849836,13.78,12.52,0.602,8.3,18.89,25,10.4,8.8,1.2,Normal,1.26,60.8,Normal/Charging
22/04/2026,10:43:29,29.849844,13.75,12.52,0.639,8.78,18.9,25,10.4,8.8,1.4,Normal,1.23,60.8,Normal/Charging
22/04/2026,10:43:44,29.849848,13.74,12.52,0.623,8.57,18.9,25,10.4,8.8,1.2,Normal,1.22,60.8,Normal/Charging
22/04/2026,10:43:59,29.849859,13.78,12.53,0.625,8.61,18.91,25,10.4,8.9,1.1,Normal,1.25,61.2,Normal/Charging
22/04/2026,10:44:14,29.849857,13.8,12.52,0.636,8.78,18.92,25,10.4,9.2,0.5,Normal,1.28,60.8,Normal/Charging
22/04/2026,10:44:29,29.849857,13.79,12.52,0.626,8.63,18.92,25,10.4,9.1,0.8,Normal,1.27,60.8,Normal/Charging
22/04/2026,10:44:44,29.849842,13.79,12.54,0.655,9.03,18.93,25,10.4,9.1,0.9,Normal,1.25,61.6,Normal/Charging
22/04/2026,10:44:59,29.849838,13.81,12.54,0.634,8.75,18.94,25,10.4,9,0.4,Normal,1.27,61.6,Normal/Charging
22/04/2026,10:45:14,29.849842,13.81,12.54,0.635,8.77,18.95,25,10.4,9,0.3,Normal,1.27,61.6,Normal/Charging
22/04/2026,10:45:29,29.849855,13.82,12.52,0.644,8.9,18.95,25,10.4,9.1,0.4,Normal,1.3,60.8,Normal/Charging
22/04/2026,10:45:44,29.849863,13.8,12.53,0.63,8.69,18.96,25,10.4,9.1,0.3,Normal,1.27,61.2,Normal/Charging
22/04/2026,10:45:59,29.849871,13.81,12.55,0.61,8.42,18.97,25,10.4,9,0.4,Normal,1.26,62,Normal/Charging
22/04/2026,10:46:14,29.849844,13.8,12.53,0.619,8.54,18.97,25,10.4,9,0.4,Normal,1.27,61.2,Normal/Charging
22/04/2026,10:46:29,29.849831,13.81,12.54,0.635,8.76,18.98,25,10.4,8.9,0.4,Normal,1.27,61.6,Normal/Charging
22/04/2026,10:46:44,29.849829,13.81,12.55,0.614,8.48,18.99,25,10.4,8.9,0.5,Normal,1.26,62,Normal/Charging
22/04/2026,10:46:59,29.849825,13.8,12.55,0.606,8.37,18.99,25,10.4,8.9,0.2,Normal,1.25,62,Normal/Charging
22/04/2026,10:47:14,29.849836,13.8,12.53,0.62,8.56,19,25,10.5,8.9,0.1,Normal,1.27,61.2,Normal/Charging
22/04/2026,10:47:29,29.849827,13.8,12.55,0.613,8.47,19.01,25,10.5,8.9,0.1,Normal,1.25,62,Normal/Charging
22/04/2026,10:47:44,29.849813,13.8,12.55,0.609,8.39,19.01,25,10.5,8.9,0.4,Normal,1.25,62,Normal/Charging
22/04/2026,10:47:59,29.849821,13.79,12.53,0.603,8.31,19.02,25,10.5,8.8,0.2,Normal,1.26,61.2,Normal/Charging
22/04/2026,10:48:14,29.849829,13.78,12.54,0.588,8.11,19.03,25,10.5,8.7,0.7,Normal,1.24,61.6,Normal/Charging
22/04/2026,10:48:29,29.849813,13.78,12.53,0.621,8.55,19.03,25,10.5,8.7,1,Normal,1.25,61.2,Normal/Charging
22/04/2026,10:48:44,29.849823,13.77,12.54,0.607,8.36,19.04,25,10.5,8.7,1,Normal,1.23,61.6,Normal/Charging
22/04/2026,10:48:59,29.84984,13.79,12.55,0.602,8.29,19.05,25,10.5,8.8,0.7,Normal,1.24,62,Normal/Charging
22/04/2026,10:49:14,29.849852,13.78,12.55,0.606,8.35,19.05,25,10.5,8.8,1,Normal,1.23,62,Normal/Charging
22/04/2026,10:49:29,29.849854,13.81,12.55,0.592,8.17,19.06,25,10.5,8.9,0.8,Normal,1.26,62,Normal/Charging
22/04/2026,10:49:44,29.849852,13.81,12.55,0.618,8.53,19.07,25,10.5,8.9,0.6,Normal,1.26,62,Normal/Charging
22/04/2026,10:49:59,29.849854,13.77,12.55,0.612,8.43,19.07,25,10.5,8.9,0.9,Normal,1.22,62,Normal/Charging
22/04/2026,10:50:14,29.849854,13.79,12.55,0.607,8.37,19.08,25,10.5,8.8,0.7,Normal,1.24,62,Normal/Charging
22/04/2026,10:50:29,29.849854,13.79,12.55,0.606,8.36,19.09,25,10.5,8.8,1.1,Normal,1.24,62,Normal/Charging
22/04/2026,10:50:44,29.849852,13.8,12.55,0.626,8.64,19.09,25,10.5,8.8,0.7,Normal,1.25,62,Normal/Charging
22/04/2026,10:50:59,29.84985,13.79,12.54,0.602,8.31,19.1,25,10.5,8.8,0.9,Normal,1.25,61.6,Normal/Charging
22/04/2026,10:51:14,29.849836,13.79,12.55,0.615,8.49,19.11,25,10.5,8.8,0.9,Normal,1.24,62,Normal/Charging
22/04/2026,10:51:29,29.849819,13.8,12.55,0.598,8.25,19.11,25,10.5,8.8,1,Normal,1.25,62,Normal/Charging
22/04/2026,10:51:44,29.849815,13.78,12.55,0.596,8.22,19.12,25,10.5,8.8,1,Normal,1.23,62,Normal/Charging
22/04/2026,10:51:59,29.849821,13.79,12.55,0.615,8.48,19.13,25,10.5,8.9,0.8,Normal,1.24,62,Normal/Charging
22/04/2026,10:52:14,29.849833,13.81,12.54,0.622,8.58,19.13,25,10.5,8.9,0.7,Normal,1.27,61.6,Normal/Charging
22/04/2026,10:52:29,29.849823,13.79,12.55,0.604,8.33,19.14,25,10.5,8.9,0.8,Normal,1.24,62,Normal/Charging
22/04/2026,10:52:44,29.849852,13.79,12.55,0.62,8.55,19.14,25,10.5,8.9,0.8,Normal,1.24,62,Normal/Charging
22/04/2026,10:52:59,29.849852,13.79,12.54,0.601,8.29,19.15,25,10.5,8.8,0.7,Normal,1.25,61.6,Normal/Charging
22/04/2026,10:53:14,29.849857,13.78,12.55,0.605,8.34,19.16,25,10.5,8.8,0.9,Normal,1.23,62,Normal/Charging
22/04/2026,10:53:29,29.849838,13.77,12.54,0.595,8.19,19.16,25,10.5,8.7,1.1,Normal,1.23,61.6,Normal/Charging
22/04/2026,10:53:44,29.849815,13.75,12.55,0.596,8.19,19.17,25,10.5,8.6,1.3,Normal,1.2,62,Normal/Charging
22/04/2026,10:53:59,29.849823,13.75,12.55,0.595,8.18,19.18,25,10.5,8.6,1.2,Normal,1.2,62,Normal/Charging
22/04/2026,10:54:14,29.849823,13.74,12.54,0.605,8.31,19.18,25,10.6,8.6,1.2,Normal,1.2,61.6,Normal/Charging
22/04/2026,10:54:29,29.849834,13.75,12.56,0.58,7.97,19.19,25,10.6,8.6,1.3,Normal,1.19,62.4,Normal/Charging
22/04/2026,10:54:44,29.849819,13.75,12.54,0.591,8.12,19.19,25,10.6,8.6,1.4,Normal,1.21,61.6,Normal/Charging
22/04/2026,10:54:59,29.849827,13.77,12.56,0.597,8.22,19.2,25,10.6,8.7,1.2,Normal,1.21,62.4,Normal/Charging
22/04/2026,10:55:14,29.849821,13.77,12.56,0.598,8.23,19.21,25,10.6,8.7,1.2,Normal,1.21,62.4,Normal/Charging
22/04/2026,10:55:29,29.8498,13.77,12.55,0.596,8.21,19.21,25,10.6,8.7,1.1,Normal,1.22,62,Normal/Charging
22/04/2026,10:55:44,29.849812,13.78,12.54,0.611,8.42,19.22,25,10.6,8.7,1.2,Normal,1.24,61.6,Normal/Charging
22/04/2026,10:55:59,29.849821,13.78,12.55,0.599,8.25,19.22,25,10.6,8.8,1.1,Normal,1.23,62,Normal/Charging
22/04/2026,10:56:14,29.849815,13.79,12.55,0.613,8.45,19.23,25,10.6,8.8,1,Normal,1.24,62,Normal/Charging
22/04/2026,10:56:29,29.849802,13.78,12.54,0.608,8.37,19.24,25,10.6,8.8,1.1,Normal,1.24,61.6,Normal/Charging
22/04/2026,10:56:44,29.849817,13.78,12.56,0.638,8.79,19.24,25,10.6,8.7,1.3,Normal,1.22,62.4,Normal/Charging
22/04/2026,10:56:59,29.849817,13.78,12.55,0.626,8.63,19.25,25,10.6,8.8,1.2,Normal,1.23,62,Normal/Charging
22/04/2026,10:57:14,29.849829,13.79,12.56,0.58,8,19.25,25,10.6,8.8,1.3,Normal,1.23,62.4,Normal/Charging
22/04/2026,10:57:29,29.849829,13.79,12.56,0.622,8.57,19.26,25,10.6,8.8,1.5,Normal,1.23,62.4,Normal/Charging
22/04/2026,10:57:44,29.849819,13.79,12.56,0.609,8.4,19.27,25,10.6,8.8,1.5,Normal,1.23,62.4,Normal/Charging
22/04/2026,10:57:59,29.849823,13.77,12.56,0.61,8.39,19.27,25,10.6,8.6,1.6,Normal,1.21,62.4,Normal/Charging
22/04/2026,10:58:14,29.849819,13.77,12.55,0.587,8.08,19.28,25,10.6,8.5,1.4,Normal,1.22,62,Normal/Charging
22/04/2026,10:58:29,29.849804,13.78,12.56,0.586,8.08,19.28,25,10.6,8.6,1.5,Normal,1.22,62.4,Normal/Charging
22/04/2026,10:58:44,29.849804,13.77,12.55,0.581,8,19.29,25,10.6,8.5,1.3,Normal,1.22,62,Normal/Charging
22/04/2026,10:58:59,29.849815,13.74,12.56,0.594,8.16,19.3,25,10.6,8.5,1.4,Normal,1.18,62.4,Normal/Charging
22/04/2026,10:59:14,29.849823,13.76,12.56,0.565,7.77,19.3,25,10.6,8.5,1.3,Normal,1.2,62.4,Normal/Charging
22/04/2026,10:59:29,29.849821,13.75,12.56,0.6,8.25,19.31,25,10.6,8.5,1.5,Normal,1.19,62.4,Normal/Charging
22/04/2026,10:59:44,29.849806,13.76,12.56,0.597,8.21,19.31,25,10.6,8.6,1.3,Normal,1.2,62.4,Normal/Charging
22/04/2026,10:59:59,29.849817,13.8,12.57,0.622,8.58,19.32,25,10.6,8.7,1.1,Normal,1.23,62.8,Normal/Charging
22/04/2026,11:00:14,29.849825,13.8,12.57,0.595,8.22,19.32,25,10.6,8.8,1.2,Normal,1.23,62.8,Normal/Charging
22/04/2026,11:00:29,29.849831,13.77,12.57,0.607,8.36,19.33,25,10.6,8.8,1.2,Normal,1.2,62.8,Normal/Charging
22/04/2026,11:00:44,29.849829,13.79,12.56,0.61,8.42,19.33,25,10.6,8.8,1.3,Normal,1.23,62.4,Normal/Charging
22/04/2026,11:00:59,29.849827,13.8,12.56,0.617,8.51,19.34,25,10.6,8.8,1.3,Normal,1.24,62.4,Normal/Charging
22/04/2026,11:01:14,29.849819,13.79,12.57,0.605,8.34,19.35,25,10.6,8.8,1.4,Normal,1.22,62.8,Normal/Charging
22/04/2026,11:01:29,29.849817,13.78,12.57,0.587,8.09,19.35,25,10.6,8.7,1.4,Normal,1.21,62.8,Normal/Charging
22/04/2026,11:01:44,29.849817,13.78,12.56,0.602,8.3,19.36,25,10.6,8.7,1.3,Normal,1.22,62.4,Normal/Charging
22/04/2026,11:01:59,29.849821,13.8,12.58,0.609,8.41,19.36,25,10.6,8.8,1.4,Normal,1.22,63.2,Normal/Charging
22/04/2026,11:02:14,29.849804,13.81,12.57,0.599,8.27,19.37,25,10.7,8.8,1.3,Normal,1.24,62.8,Normal/Charging
22/04/2026,11:02:29,29.849806,13.81,12.58,0.58,8.01,19.37,25,10.7,8.8,1.3,Normal,1.23,63.2,Normal/Charging
22/04/2026,11:02:44,29.849783,13.79,12.57,0.591,8.14,19.38,25,10.7,8.7,1.3,Normal,1.22,62.8,Normal/Charging
22/04/2026,11:02:59,29.849792,13.77,12.58,0.603,8.31,19.38,25,10.7,8.6,1.5,Normal,1.19,63.2,Normal/Charging
22/04/2026,11:03:14,29.849798,13.78,12.56,0.561,7.73,19.39,25,10.7,8.6,1.6,Normal,1.22,62.4,Normal/Charging
22/04/2026,11:03:29,29.849802,13.78,12.58,0.587,8.08,19.39,25,10.7,8.6,1.5,Normal,1.2,63.2,Normal/Charging
22/04/2026,11:03:44,29.849815,13.77,12.58,0.593,8.16,19.4,25,10.7,8.6,1.6,Normal,1.19,63.2,Normal/Charging
22/04/2026,11:03:59,29.849819,13.76,12.58,0.598,8.23,19.41,25,10.7,8.5,1.4,Normal,1.18,63.2,Normal/Charging
22/04/2026,11:04:14,29.849812,13.77,12.56,0.611,8.42,19.41,25,10.7,8.5,1.6,Normal,1.21,62.4,Normal/Charging
22/04/2026,11:04:29,29.849806,13.77,12.56,0.579,7.97,19.42,25,10.7,8.5,1.6,Normal,1.21,62.4,Normal/Charging
22/04/2026,11:04:44,29.849798,13.77,12.59,0.585,8.06,19.42,25,10.7,8.5,1.6,Normal,1.18,63.6,Normal/Charging
22/04/2026,11:04:59,29.849798,13.75,12.59,0.562,7.72,19.43,25,10.7,8.5,1.7,Normal,1.16,63.6,Normal/Charging
22/04/2026,11:05:14,29.849804,13.76,12.59,0.575,7.92,19.43,25,10.7,8.5,1.6,Normal,1.17,63.6,Normal/Charging
22/04/2026,11:05:29,29.849813,13.77,12.58,0.595,8.2,19.44,25,10.7,8.6,1.7,Normal,1.19,63.2,Normal/Charging
22/04/2026,11:05:44,29.849813,13.76,12.58,0.588,8.09,19.44,25,10.7,8.5,1.7,Normal,1.18,63.2,Normal/Charging
22/04/2026,11:05:59,29.849825,13.78,12.58,0.587,8.09,19.45,25,10.7,8.6,1.6,Normal,1.2,63.2,Normal/Charging
22/04/2026,11:06:14,29.849838,13.79,12.58,0.59,8.14,19.45,25,10.7,8.6,1.6,Normal,1.21,63.2,Normal/Charging
22/04/2026,11:06:29,29.849823,13.77,12.58,0.585,8.05,19.46,25,10.7,8.6,1.7,Normal,1.19,63.2,Normal/Charging
22/04/2026,11:06:44,29.849823,13.77,12.6,0.611,8.41,19.46,25,10.7,8.6,1.7,Normal,1.17,64,Normal/Charging
22/04/2026,11:06:59,29.849833,13.78,12.59,0.588,8.1,19.47,25,10.7,8.6,1.7,Normal,1.19,63.6,Normal/Charging
22/04/2026,11:07:14,29.849842,13.79,12.59,0.593,8.17,19.47,25,10.7,8.6,1.7,Normal,1.2,63.6,Normal/Charging
22/04/2026,11:07:29,29.849829,13.8,12.58,0.61,8.43,19.48,25,10.7,8.7,1.6,Normal,1.22,63.2,Normal/Charging
22/04/2026,11:07:44,29.849825,13.8,12.59,0.6,8.28,19.48,25,10.7,8.7,1.5,Normal,1.21,63.6,Normal/Charging
22/04/2026,11:07:59,29.849831,13.8,12.58,0.607,8.38,19.49,25,10.7,8.7,1.4,Normal,1.22,63.2,Normal/Charging
22/04/2026,11:08:14,29.849829,13.81,12.59,0.612,8.46,19.49,25,10.7,8.7,1.4,Normal,1.22,63.6,Normal/Charging
22/04/2026,11:08:29,29.849819,13.82,12.58,0.598,8.27,19.5,25,10.7,8.8,1.2,Normal,1.24,63.2,Normal/Charging
22/04/2026,11:08:44,29.849819,13.81,12.59,0.587,8.11,19.5,25,10.7,8.8,1.2,Normal,1.22,63.6,Normal/Charging
22/04/2026,11:08:59,29.849821,13.83,12.59,0.61,8.44,19.51,25,10.7,8.8,1.2,Normal,1.24,63.6,Normal/Charging
22/04/2026,11:09:14,29.849829,13.83,12.6,0.605,8.36,19.51,25,10.7,8.9,1.3,Normal,1.23,64,Normal/Charging
22/04/2026,11:09:29,29.849831,13.83,12.6,0.616,8.53,19.52,25,10.7,8.9,1,Normal,1.23,64,Normal/Charging
22/04/2026,11:09:44,29.84981,13.83,12.59,0.601,8.31,19.52,25,10.7,8.9,1.1,Normal,1.24,63.6,Normal/Charging
22/04/2026,11:09:59,29.849813,13.84,12.59,0.611,8.46,19.53,25,10.7,9,1,Normal,1.25,63.6,Normal/Charging
22/04/2026,11:10:14,29.8498,13.84,12.6,0.605,8.38,19.53,25,10.7,9,1.3,Normal,1.24,64,Normal/Charging
22/04/2026,11:10:29,29.8498,13.83,12.6,0.624,8.63,19.54,25,10.7,8.9,1.3,Normal,1.23,64,Normal/Charging
22/04/2026,11:10:44,29.849783,13.82,12.59,0.624,8.63,19.54,25,10.7,8.9,1.3,Normal,1.23,63.6,Normal/Charging
22/04/2026,11:10:59,29.849779,13.82,12.58,0.613,8.47,19.54,25,10.7,8.9,1.4,Normal,1.24,63.2,Normal/Charging
22/04/2026,11:11:14,29.849785,13.82,12.6,0.6,8.29,19.55,25,10.8,8.9,1.3,Normal,1.22,64,Normal/Charging
22/04/2026,11:11:29,29.849798,13.8,12.59,0.588,8.11,19.55,25,10.8,8.8,1.8,Normal,1.21,63.6,Normal/Charging
22/04/2026,11:11:44,29.849792,13.79,12.58,0.594,8.18,19.56,25,10.8,8.7,1.8,Normal,1.21,63.2,Normal/Charging
22/04/2026,11:11:59,29.849798,13.78,12.58,0.606,8.35,19.56,25,10.8,8.7,1.9,Normal,1.2,63.2,Normal/Charging
22/04/2026,11:12:14,29.849815,13.79,12.59,0.592,8.16,19.57,25,10.8,8.6,1.9,Normal,1.2,63.6,Normal/Charging
22/04/2026,11:12:29,29.849821,13.78,12.59,0.585,8.06,19.57,25,10.8,8.5,1.8,Normal,1.19,63.6,Normal/Charging
22/04/2026,11:12:44,29.849808,13.78,12.59,0.598,8.25,19.58,25,10.8,8.5,1.7,Normal,1.19,63.6,Normal/Charging
22/04/2026,11:12:59,29.849796,13.78,12.59,0.593,8.18,19.58,25,10.8,8.5,1.6,Normal,1.19,63.6,Normal/Charging
22/04/2026,11:13:14,29.849815,13.78,12.59,0.583,8.04,19.59,25,10.8,8.6,1.6,Normal,1.19,63.6,Normal/Charging
22/04/2026,11:13:29,29.849821,13.78,12.6,0.578,7.97,19.59,25,10.8,8.5,1.6,Normal,1.18,64,Normal/Charging
22/04/2026,11:13:44,29.849819,13.78,12.6,0.594,8.19,19.59,25,10.8,8.5,1.5,Normal,1.18,64,Normal/Charging
22/04/2026,11:13:59,29.849808,13.76,12.6,0.578,7.96,19.6,25,10.8,8.4,1.7,Normal,1.16,64,Normal/Charging
22/04/2026,11:14:14,29.849817,13.76,12.59,0.572,7.87,19.6,25,10.8,8.4,1.8,Normal,1.17,63.6,Normal/Charging
22/04/2026,11:14:29,29.84981,13.76,12.6,0.588,8.09,19.61,25,10.8,8.4,1.7,Normal,1.16,64,Normal/Charging
22/04/2026,11:14:44,29.849802,13.78,12.61,0.554,7.63,19.61,25,10.8,8.4,1.4,Normal,1.17,64.4,Normal/Charging
22/04/2026,11:14:59,29.849813,13.79,12.61,0.583,8.04,19.62,25,10.8,8.5,1.4,Normal,1.18,64.4,Normal/Charging
22/04/2026,11:15:14,29.849821,13.79,12.61,0.587,8.09,19.62,25,10.8,8.5,1.6,Normal,1.18,64.4,Normal/Charging
22/04/2026,11:15:29,29.849821,13.78,12.62,0.567,7.81,19.62,25,10.8,8.5,1.6,Normal,1.16,64.8,Normal/Charging
22/04/2026,11:15:44,29.849823,13.78,12.61,0.569,7.85,19.63,25,10.8,8.5,1.7,Normal,1.17,64.4,Normal/Charging
22/04/2026,11:15:59,29.849825,13.77,12.62,0.59,8.13,19.63,25,10.8,8.5,1.7,Normal,1.15,64.8,Normal/Charging
22/04/2026,11:16:14,29.849825,13.76,12.6,0.561,7.72,19.64,25,10.8,8.5,1.8,Normal,1.16,64,Normal/Charging
22/04/2026,11:16:29,29.849821,13.77,12.6,0.572,7.88,19.64,25,10.8,8.4,1.8,Normal,1.17,64,Normal/Charging
22/04/2026,11:16:44,29.849821,13.76,12.61,0.574,7.89,19.64,25,10.8,8.4,1.8,Normal,1.15,64.4,Normal/Charging
22/04/2026,11:16:59,29.849819,13.78,12.62,0.573,7.89,19.65,25,10.8,8.5,1.7,Normal,1.16,64.8,Normal/Charging
22/04/2026,11:17:14,29.849819,13.77,12.62,0.571,7.86,19.65,25,10.8,8.5,2,Normal,1.15,64.8,Normal/Charging
22/04/2026,11:17:29,29.849817,13.76,12.62,0.578,7.95,19.66,25,10.8,8.4,1.8,Normal,1.14,64.8,Normal/Charging
22/04/2026,11:17:44,29.849815,13.76,12.61,0.596,8.19,19.66,25,10.8,8.4,2,Normal,1.15,64.4,Normal/Charging
22/04/2026,11:17:59,29.849825,13.77,12.6,0.569,7.84,19.66,25,10.8,8.5,1.8,Normal,1.17,64,Normal/Charging
22/04/2026,11:18:14,29.849827,13.8,12.63,0.554,7.64,19.67,25,10.8,8.5,1.6,Normal,1.17,65.2,Normal/Charging
22/04/2026,11:18:29,29.849827,13.8,12.62,0.585,8.07,19.67,25,10.8,8.6,1.7,Normal,1.18,64.8,Normal/Charging
22/04/2026,11:18:44,29.849829,13.8,12.62,0.582,8.03,19.68,25,10.8,8.6,1.8,Normal,1.18,64.8,Normal/Charging
22/04/2026,11:18:59,29.849836,13.8,12.63,0.579,8,19.68,25,10.8,8.7,1.7,Normal,1.17,65.2,Normal/Charging
22/04/2026,11:19:14,29.849834,13.81,12.62,0.594,8.21,19.68,25,10.8,8.7,1.5,Normal,1.19,64.8,Normal/Charging
22/04/2026,11:19:29,29.849823,13.8,12.61,0.604,8.33,19.69,25,10.8,8.6,1.7,Normal,1.19,64.4,Normal/Charging
22/04/2026,11:19:44,29.849819,13.81,12.63,0.557,7.68,19.69,25,10.8,8.6,1.7,Normal,1.18,65.2,Normal/Charging
22/04/2026,11:19:59,29.849831,13.81,12.64,0.576,7.95,19.7,25,10.8,8.7,1.5,Normal,1.17,65.6,Normal/Charging
22/04/2026,11:20:14,29.849829,13.82,12.62,0.585,8.08,19.7,25,10.8,8.6,1.8,Normal,1.2,64.8,Normal/Charging
22/04/2026,11:20:29,29.849821,13.8,12.63,0.6,8.28,19.7,25,10.8,8.6,1.9,Normal,1.17,65.2,Normal/Charging
22/04/2026,11:20:44,29.849825,13.79,12.62,0.577,7.95,19.71,25,10.8,8.6,1.8,Normal,1.17,64.8,Normal/Charging
22/04/2026,11:20:59,29.849825,13.81,12.63,0.595,8.22,19.71,25,10.8,8.5,1.9,Normal,1.18,65.2,Normal/Charging
22/04/2026,11:21:14,29.849817,13.79,12.63,0.565,7.79,19.71,25,10.8,8.5,2,Normal,1.16,65.2,Normal/Charging
22/04/2026,11:21:29,29.849821,13.8,12.62,0.578,7.97,19.72,25,10.8,8.5,1.9,Normal,1.18,64.8,Normal/Charging
22/04/2026,11:21:44,29.849838,13.8,12.62,0.566,7.81,19.72,25,10.8,8.5,1.9,Normal,1.18,64.8,Normal/Charging
22/04/2026,11:21:59,29.849846,13.81,12.62,0.562,7.76,19.73,25,10.8,8.5,1.5,Normal,1.19,64.8,Normal/Charging
22/04/2026,11:22:14,29.849848,13.8,12.63,0.583,8.05,19.73,25,10.9,8.5,1.7,Normal,1.17,65.2,Normal/Charging
22/04/2026,11:22:29,29.849834,13.81,12.64,0.558,7.7,19.73,25,10.9,8.5,1.7,Normal,1.17,65.6,Normal/Charging
22/04/2026,11:22:44,29.849836,13.79,12.63,0.56,7.73,19.74,25,10.9,8.5,1.5,Normal,1.16,65.2,Normal/Charging
22/04/2026,11:22:59,29.849836,13.8,12.63,0.59,8.14,19.74,25,10.9,8.5,1.5,Normal,1.17,65.2,Normal/Charging
22/04/2026,11:23:14,29.849836,13.79,12.63,0.571,7.88,19.74,25,10.9,8.4,1.6,Normal,1.16,65.2,Normal/Charging
22/04/2026,11:23:29,29.84984,13.8,12.64,0.594,8.19,19.75,25,10.9,8.5,1.8,Normal,1.16,65.6,Normal/Charging
22/04/2026,11:23:44,29.849844,13.8,12.64,0.577,7.95,19.75,25,10.9,8.5,1.7,Normal,1.16,65.6,Normal/Charging
22/04/2026,11:23:59,29.849842,13.79,12.63,0.57,7.86,19.75,25,10.9,8.4,1.7,Normal,1.16,65.2,Normal/Charging
22/04/2026,11:24:14,29.849838,13.79,12.63,0.558,7.69,19.76,25,10.9,8.4,1.7,Normal,1.16,65.2,Normal/Charging
22/04/2026,11:24:29,29.849827,13.79,12.65,0.542,7.48,19.76,25,10.9,8.4,1.6,Normal,1.14,66,Normal/Charging
22/04/2026,11:24:44,29.849834,13.79,12.63,0.537,7.41,19.76,25,10.9,8.4,1.8,Normal,1.16,65.2,Normal/Charging
22/04/2026,11:24:59,29.849838,13.78,12.63,0.568,7.83,19.77,25,10.9,8.4,1.8,Normal,1.15,65.2,Normal/Charging
22/04/2026,11:25:14,29.84984,13.8,12.64,0.553,7.64,19.77,25,10.9,8.6,1.5,Normal,1.16,65.6,Normal/Charging
22/04/2026,11:25:29,29.849844,13.81,12.64,0.558,7.71,19.77,25,10.9,8.5,1.7,Normal,1.17,65.6,Normal/Charging
22/04/2026,11:25:44,29.849848,13.79,12.64,0.563,7.76,19.78,25,10.9,8.5,1.5,Normal,1.15,65.6,Normal/Charging
22/04/2026,11:25:59,29.849844,13.79,12.64,0.561,7.74,19.78,25,10.9,8.5,1.6,Normal,1.15,65.6,Normal/Charging
22/04/2026,11:26:14,29.849846,13.76,12.64,0.574,7.9,19.78,25,10.9,8.5,1.6,Normal,1.12,65.6,Normal/Charging
22/04/2026,11:26:29,29.849854,13.79,12.64,0.584,8.06,19.79,25,10.9,8.5,1.9,Normal,1.15,65.6,Normal/Charging
22/04/2026,11:26:44,29.849854,13.8,12.64,0.544,7.51,19.79,25,10.9,8.4,1.7,Normal,1.16,65.6,Normal/Charging
22/04/2026,11:26:59,29.84985,13.78,12.63,0.565,7.78,19.79,25,10.9,8.4,1.7,Normal,1.15,65.2,Normal/Charging
22/04/2026,11:27:14,29.849842,13.79,12.64,0.576,7.94,19.8,25,10.9,8.5,1.4,Normal,1.15,65.6,Normal/Charging
22/04/2026,11:27:29,29.849836,13.79,12.65,0.594,8.2,19.8,25,10.9,8.5,1.7,Normal,1.14,66,Normal/Charging
22/04/2026,11:27:44,29.849834,13.77,12.64,0.58,7.98,19.8,25,10.9,8.4,1.9,Normal,1.13,65.6,Normal/Charging
22/04/2026,11:27:59,29.849836,13.75,12.64,0.55,7.56,19.81,25,10.9,8.3,2.1,Normal,1.11,65.6,Normal/Charging
22/04/2026,11:28:14,29.84984,13.78,12.64,0.573,7.9,19.81,25,10.9,8.3,2.4,Normal,1.14,65.6,Normal/Charging
22/04/2026,11:28:29,29.849834,13.75,12.63,0.556,7.65,19.81,25,10.9,8.3,2.3,Normal,1.12,65.2,Normal/Charging
22/04/2026,11:28:44,29.849833,13.77,12.64,0.564,7.77,19.81,25,10.9,8.3,2.2,Normal,1.13,65.6,Normal/Charging
22/04/2026,11:28:59,29.849827,13.76,12.64,0.558,7.68,19.82,25,10.9,8.3,2.3,Normal,1.12,65.6,Normal/Charging
22/04/2026,11:29:14,29.849827,13.78,12.64,0.564,7.77,19.82,25,10.9,8.4,2.2,Normal,1.14,65.6,Normal/Charging
22/04/2026,11:29:29,29.849829,13.78,12.64,0.572,7.88,19.82,25,10.9,8.4,2.2,Normal,1.14,65.6,Normal/Charging
22/04/2026,11:29:44,29.849829,13.77,12.65,0.568,7.83,19.83,25,10.9,8.3,2.3,Normal,1.12,66,Normal/Charging
22/04/2026,11:29:59,29.849827,13.77,12.64,0.566,7.79,19.83,25,10.9,8.4,2.1,Normal,1.13,65.6,Normal/Charging
22/04/2026,11:30:14,29.849827,13.76,12.65,0.56,7.71,19.83,25,10.9,8.4,2,Normal,1.11,66,Normal/Charging
22/04/2026,11:30:29,29.849827,13.78,12.65,0.571,7.87,19.83,25,10.9,8.5,1.9,Normal,1.13,66,Normal/Charging
22/04/2026,11:30:44,29.849827,13.78,12.65,0.557,7.67,19.84,25,10.9,8.4,2.1,Normal,1.13,66,Normal/Charging
22/04/2026,11:30:59,29.849827,13.79,12.64,0.58,8,19.84,25,10.9,8.5,2,Normal,1.15,65.6,Normal/Charging
22/04/2026,11:31:14,29.849823,13.79,12.65,0.549,7.57,19.84,25,10.9,8.4,1.9,Normal,1.14,66,Normal/Charging
22/04/2026,11:31:29,29.849821,13.79,12.65,0.553,7.63,19.85,25,10.9,8.4,1.8,Normal,1.14,66,Normal/Charging
22/04/2026,11:31:44,29.849821,13.8,12.65,0.56,7.73,19.85,25,10.9,8.5,1.9,Normal,1.15,66,Normal/Charging
22/04/2026,11:31:59,29.849821,13.78,12.64,0.563,7.76,19.85,25,10.9,8.5,2.1,Normal,1.14,65.6,Normal/Charging
22/04/2026,11:32:14,29.849821,13.77,12.65,0.578,7.97,19.85,25,10.9,8.4,2.1,Normal,1.12,66,Normal/Charging
22/04/2026,11:32:29,29.849821,13.76,12.65,0.563,7.74,19.86,25,10.9,8.3,2.2,Normal,1.11,66,Normal/Charging
22/04/2026,11:32:44,29.849817,13.78,12.65,0.538,7.41,19.86,25,10.9,8.3,2.2,Normal,1.13,66,Normal/Charging
22/04/2026,11:32:59,29.849817,13.77,12.64,0.562,7.74,19.86,25,10.9,8.3,2.3,Normal,1.13,65.6,Normal/Charging
22/04/2026,11:33:14,29.849823,13.77,12.65,0.544,7.49,19.86,25,10.9,8.3,2.2,Normal,1.12,66,Normal/Charging
22/04/2026,11:33:29,29.849823,13.78,12.66,0.544,7.49,19.87,25,10.9,8.3,2.1,Normal,1.12,66.4,Normal/Charging
22/04/2026,11:33:44,29.849821,13.78,12.66,0.563,7.77,19.87,25,10.9,8.3,2.2,Normal,1.12,66.4,Normal/Charging
22/04/2026,11:33:59,29.849821,13.77,12.65,0.556,7.66,19.87,25,10.9,8.2,2.3,Normal,1.12,66,Normal/Charging
22/04/2026,11:34:14,29.849823,13.77,12.65,0.534,7.34,19.87,25,10.9,8.2,2.3,Normal,1.12,66,Normal/Charging
22/04/2026,11:34:29,29.849829,13.75,12.65,0.557,7.65,19.88,25,10.9,8.2,2.3,Normal,1.1,66,Normal/Charging
22/04/2026,11:34:44,29.849833,13.75,12.66,0.549,7.55,19.88,25,10.9,8.2,2.5,Normal,1.09,66.4,Normal/Charging
22/04/2026,11:34:59,29.849833,13.76,12.65,0.557,7.67,19.88,25,10.9,8.2,2.4,Normal,1.11,66,Normal/Charging
22/04/2026,11:35:14,29.849834,13.73,12.66,0.551,7.57,19.88,25,10.9,8.2,2.4,Normal,1.07,66.4,Normal/Charging
22/04/2026,11:35:29,29.849831,13.77,12.65,0.562,7.73,19.89,25,10.9,8.3,2.4,Normal,1.12,66,Normal/Charging
22/04/2026,11:35:44,29.849833,13.77,12.66,0.544,7.49,19.89,25,10.9,8.3,2.3,Normal,1.11,66.4,Normal/Charging
22/04/2026,11:35:59,29.849844,13.78,12.66,0.52,7.16,19.89,25,10.9,8.2,2.2,Normal,1.12,66.4,Normal/Charging
22/04/2026,11:36:14,29.849846,13.78,12.65,0.546,7.52,19.89,25,10.9,8.2,2.2,Normal,1.13,66,Normal/Charging
22/04/2026,11:36:29,29.849844,13.78,12.66,0.545,7.52,19.89,25,10.9,8.2,2.3,Normal,1.12,66.4,Normal/Charging
22/04/2026,11:36:44,29.849838,13.77,12.67,0.547,7.53,19.9,25,10.9,8.2,2.2,Normal,1.1,66.8,Normal/Charging
22/04/2026,11:36:59,29.849844,13.76,12.66,0.527,7.25,19.9,25,10.9,8.2,2.4,Normal,1.1,66.4,Normal/Charging
22/04/2026,11:37:14,29.84985,13.76,12.65,0.537,7.39,19.9,25,10.9,8.2,2.3,Normal,1.11,66,Normal/Charging
22/04/2026,11:37:29,29.849852,13.77,12.66,0.548,7.54,19.9,25,10.9,8.2,2.3,Normal,1.11,66.4,Normal/Charging
22/04/2026,11:37:44,29.849846,13.76,12.66,0.534,7.36,19.91,25,10.9,8.1,2.3,Normal,1.1,66.4,Normal/Charging
22/04/2026,11:37:59,29.849846,13.76,12.65,0.544,7.49,19.91,25,10.9,8.2,2.2,Normal,1.11,66,Normal/Charging
22/04/2026,11:38:14,29.849838,13.75,12.65,0.535,7.36,19.91,25,11,8.2,2.3,Normal,1.1,66,Normal/Charging
22/04/2026,11:38:29,29.849825,13.76,12.67,0.53,7.3,19.91,25,11,8.2,2.4,Normal,1.09,66.8,Normal/Charging
22/04/2026,11:38:44,29.849817,13.74,12.65,0.528,7.25,19.91,25,11,8.1,2.4,Normal,1.09,66,Normal/Charging
22/04/2026,11:38:59,29.849812,13.74,12.67,0.53,7.28,19.92,25,11,8,2.4,Normal,1.07,66.8,Normal/Charging
22/04/2026,11:39:14,29.849817,13.75,12.66,0.522,7.17,19.92,25,11,8,2.4,Normal,1.09,66.4,Normal/Charging
22/04/2026,11:39:29,29.849823,13.73,12.66,0.523,7.18,19.92,25,11,8,2.5,Normal,1.07,66.4,Normal/Charging
22/04/2026,11:39:44,29.849831,13.73,12.65,0.531,7.29,19.92,25,11,8,2.6,Normal,1.08,66,Normal/Charging
22/04/2026,11:39:59,29.849838,13.73,12.67,0.514,7.06,19.92,25,11,7.9,2.5,Normal,1.06,66.8,Normal/Charging
22/04/2026,11:40:14,29.84984,13.75,12.66,0.524,7.21,19.93,25,11,8,2.6,Normal,1.09,66.4,Normal/Charging
22/04/2026,11:40:29,29.849834,13.74,12.66,0.533,7.32,19.93,25,11,8,2.6,Normal,1.08,66.4,Normal/Charging
22/04/2026,11:40:44,29.849831,13.75,12.67,0.526,7.23,19.93,25,11,7.9,2.6,Normal,1.08,66.8,Normal/Charging
22/04/2026,11:40:59,29.84984,13.73,12.66,0.517,7.1,19.93,25,11,8,2.6,Normal,1.07,66.4,Normal/Charging
22/04/2026,11:41:14,29.84984,13.76,12.66,0.531,7.31,19.93,25,11,8,2.5,Normal,1.1,66.4,Normal/Charging
22/04/2026,11:41:29,29.849844,13.75,12.67,0.527,7.24,19.93,25,11,8,2.7,Normal,1.08,66.8,Normal/Charging
22/04/2026,11:41:44,29.84984,13.75,12.67,0.544,7.48,19.94,25,11,8,2.4,Normal,1.08,66.8,Normal/Charging
22/04/2026,11:41:59,29.849844,13.76,12.67,0.493,6.78,19.94,25,11,7.9,2.6,Normal,1.09,66.8,Normal/Charging
22/04/2026,11:42:14,29.849842,13.74,12.67,0.523,7.19,19.94,25,11,7.9,2.4,Normal,1.07,66.8,Normal/Charging
22/04/2026,11:42:29,29.849854,13.77,12.67,0.488,6.72,19.94,25,11,8,2.4,Normal,1.1,66.8,Normal/Charging
22/04/2026,11:42:44,29.849857,13.77,12.67,0.526,7.24,19.94,25,11,8,2.2,Normal,1.1,66.8,Normal/Charging
22/04/2026,11:42:59,29.849852,13.76,12.67,0.503,6.92,19.94,25,11,8,2.5,Normal,1.09,66.8,Normal/Charging
22/04/2026,11:43:14,29.849846,13.75,12.68,0.506,6.96,19.95,25,11,8,2.3,Normal,1.07,67.2,Normal/Charging
22/04/2026,11:43:29,29.849842,13.75,12.67,0.526,7.23,19.95,25,11,8,2.4,Normal,1.08,66.8,Normal/Charging
22/04/2026,11:43:44,29.849846,13.74,12.67,0.509,6.99,19.95,25,11,8,2.4,Normal,1.07,66.8,Normal/Charging
22/04/2026,11:43:59,29.849848,13.74,12.67,0.501,6.89,19.95,25,11,8,2.2,Normal,1.07,66.8,Normal/Charging
22/04/2026,11:44:14,29.849848,13.76,12.68,0.528,7.27,19.95,25,11,8,2.3,Normal,1.08,67.2,Normal/Charging
22/04/2026,11:44:29,29.849846,13.75,12.68,0.506,6.95,19.95,25,11,8,2.2,Normal,1.07,67.2,Normal/Charging
22/04/2026,11:44:44,29.849831,13.74,12.67,0.525,7.21,19.96,25,11,8,2.4,Normal,1.07,66.8,Normal/Charging
22/04/2026,11:44:59,29.849833,13.76,12.68,0.5,6.88,19.96,25,11,8,2.3,Normal,1.08,67.2,Normal/Charging
22/04/2026,11:45:14,29.849844,13.75,12.67,0.499,6.86,19.96,25,11,8,2.3,Normal,1.08,66.8,Normal/Charging
22/04/2026,11:45:29,29.849852,13.74,12.67,0.526,7.23,19.96,25,11,8,2.4,Normal,1.07,66.8,Normal/Charging
22/04/2026,11:45:44,29.84985,13.74,12.67,0.523,7.18,19.96,25,11,8,2.6,Normal,1.07,66.8,Normal/Charging
22/04/2026,11:45:59,29.84985,13.73,12.67,0.544,7.47,19.96,25,11,8,2.8,Normal,1.06,66.8,Normal/Charging
22/04/2026,11:46:14,29.849836,13.73,12.67,0.549,7.54,19.96,25,11,8,2.7,Normal,1.06,66.8,Normal/Charging
22/04/2026,11:46:29,29.849831,13.74,12.67,0.531,7.3,19.97,25,11,8,2.7,Normal,1.07,66.8,Normal/Charging
22/04/2026,11:46:44,29.849838,13.74,12.67,0.541,7.43,19.97,25,11,8,2.6,Normal,1.07,66.8,Normal/Charging
22/04/2026,11:46:59,29.84984,13.75,12.67,0.544,7.49,19.97,25,11,8,2.5,Normal,1.08,66.8,Normal/Charging
22/04/2026,11:47:14,29.849844,13.71,12.67,0.522,7.15,19.97,25,11,8,2.7,Normal,1.04,66.8,Normal/Charging
22/04/2026,11:47:29,29.84984,13.7,12.67,0.533,7.31,19.97,25,11,8,2.9,Normal,1.03,66.8,Normal/Charging
22/04/2026,11:47:44,29.849842,13.73,12.66,0.535,7.34,19.97,25,11,8,2.8,Normal,1.07,66.4,Normal/Charging
22/04/2026,11:47:59,29.849836,13.7,12.66,0.542,7.43,19.97,25,11,8,2.8,Normal,1.04,66.4,Normal/Charging
22/04/2026,11:48:14,29.849834,13.72,12.67,0.523,7.17,19.97,25,11,8,2.7,Normal,1.05,66.8,Normal/Charging
22/04/2026,11:48:29,29.849842,13.71,12.68,0.524,7.19,19.97,25,11,8,2.8,Normal,1.03,67.2,Normal/Charging
22/04/2026,11:48:44,29.849844,13.7,12.68,0.539,7.39,19.98,25,11,8,2.6,Normal,1.02,67.2,Normal/Charging
22/04/2026,11:48:59,29.84984,13.73,12.67,0.552,7.58,19.98,25,11,8,2.6,Normal,1.06,66.8,Normal/Charging
22/04/2026,11:49:14,29.849834,13.73,12.68,0.517,7.09,19.98,25,11,8,2.5,Normal,1.05,67.2,Normal/Charging
22/04/2026,11:49:29,29.849838,13.75,12.69,0.517,7.1,19.98,25,11,8,2.5,Normal,1.06,67.6,Normal/Charging
22/04/2026,11:49:44,29.84984,13.73,12.68,0.509,6.98,19.98,25,11,8,2.5,Normal,1.05,67.2,Normal/Charging
22/04/2026,11:49:59,29.849834,13.73,12.68,0.528,7.26,19.98,25,11,8,2.5,Normal,1.05,67.2,Normal/Charging
22/04/2026,11:50:14,29.849829,13.73,12.68,0.538,7.39,19.98,25,11,7.9,2.5,Normal,1.05,67.2,Normal/Charging
22/04/2026,11:50:29,29.849834,13.73,12.68,0.518,7.12,19.98,25,11,8,2.4,Normal,1.05,67.2,Normal/Charging
22/04/2026,11:50:44,29.849838,13.75,12.69,0.549,7.55,19.98,25,11,8,2.5,Normal,1.06,67.6,Normal/Charging
22/04/2026,11:50:59,29.849838,13.78,12.69,0.533,7.34,19.98,25,11,8,2.4,Normal,1.09,67.6,Normal/Charging
22/04/2026,11:51:14,29.849833,13.76,12.67,0.511,7.04,19.99,25,11,8,2.4,Normal,1.09,66.8,Normal/Charging
22/04/2026,11:51:29,29.849821,13.76,12.69,0.512,7.05,19.99,25,11,7.9,2.4,Normal,1.07,67.6,Normal/Charging
22/04/2026,11:51:44,29.849817,13.77,12.68,0.523,7.21,19.99,25,11,7.9,2.3,Normal,1.09,67.2,Normal/Charging
22/04/2026,11:51:59,29.849812,13.77,12.69,0.511,7.04,19.99,25,11,8,2.7,Normal,1.08,67.6,Normal/Charging
22/04/2026,11:52:14,29.849806,13.76,12.69,0.519,7.14,19.99,25,11,7.9,2.4,Normal,1.07,67.6,Normal/Charging
22/04/2026,11:52:29,29.849813,13.74,12.69,0.479,6.59,19.99,25,11,7.9,2.5,Normal,1.05,67.6,Normal/Charging
22/04/2026,11:52:44,29.849821,13.75,12.7,0.5,6.87,19.99,25,11,7.9,2.8,Normal,1.05,68,Normal/Charging
22/04/2026,11:52:59,29.849827,13.76,12.69,0.491,6.75,19.99,25,11,7.8,2.6,Normal,1.07,67.6,Normal/Charging
22/04/2026,11:53:14,29.849838,13.74,12.69,0.531,7.3,19.99,25,11,7.9,2.7,Normal,1.05,67.6,Normal/Charging
22/04/2026,11:53:29,29.849844,13.75,12.69,0.518,7.12,19.99,25,11,7.9,2.6,Normal,1.06,67.6,Normal/Charging
22/04/2026,11:53:44,29.849852,13.75,12.68,0.522,7.18,19.99,25,11,7.9,2.7,Normal,1.07,67.2,Normal/Charging
22/04/2026,11:53:59,29.849854,13.73,12.69,0.491,6.74,19.99,25,11,7.9,2.7,Normal,1.04,67.6,Normal/Charging
22/04/2026,11:54:14,29.849855,13.73,12.68,0.515,7.07,19.99,25,11,7.8,2.7,Normal,1.05,67.2,Normal/Charging
22/04/2026,11:54:29,29.849861,13.74,12.69,0.506,6.95,19.99,25,11,7.8,2.8,Normal,1.05,67.6,Normal/Charging
22/04/2026,11:54:44,29.849855,13.74,12.69,0.509,7,19.99,25,11,7.8,2.6,Normal,1.05,67.6,Normal/Charging
22/04/2026,11:54:59,29.84985,13.72,12.69,0.494,6.78,20,25,11,7.8,2.8,Normal,1.03,67.6,Normal/Charging
22/04/2026,11:55:14,29.84984,13.72,12.69,0.517,7.1,20,25,11,7.8,2.7,Normal,1.03,67.6,Normal/Charging
22/04/2026,11:55:29,29.849848,13.71,12.67,0.484,6.63,20,25,11,7.8,3,Normal,1.04,66.8,Normal/Charging
22/04/2026,11:55:44,29.849848,13.73,12.69,0.505,6.94,20,25,11,7.8,2.9,Normal,1.04,67.6,Normal/Charging
22/04/2026,11:55:59,29.849846,13.73,12.68,0.52,7.13,20,25,11,7.7,2.8,Normal,1.05,67.2,Normal/Charging
22/04/2026,11:56:14,29.849827,13.73,12.69,0.481,6.61,20,25,11,7.7,2.9,Normal,1.04,67.6,Normal/Charging
22/04/2026,11:56:29,29.849827,13.74,12.69,0.517,7.1,20,25,11,7.7,2.7,Normal,1.05,67.6,Normal/Charging
22/04/2026,11:56:44,29.849833,13.72,12.69,0.485,6.65,20,25,11,7.7,2.7,Normal,1.03,67.6,Normal/Charging
22/04/2026,11:56:59,29.849834,13.71,12.68,0.505,6.92,20,25,11,7.7,2.5,Normal,1.03,67.2,Normal/Charging
22/04/2026,11:57:14,29.849834,13.72,12.68,0.499,6.85,20,25,11,7.7,2.5,Normal,1.04,67.2,Normal/Charging
22/04/2026,11:57:29,29.849827,13.72,12.68,0.494,6.77,20,25,11,7.7,2.6,Normal,1.04,67.2,Normal/Charging
22/04/2026,11:57:44,29.849819,13.72,12.69,0.498,6.82,20,25,11,7.7,2.6,Normal,1.03,67.6,Normal/Charging
22/04/2026,11:57:59,29.849825,13.72,12.69,0.507,6.95,20,25,11,7.6,2.6,Normal,1.03,67.6,Normal/Charging
22/04/2026,11:58:14,29.849829,13.71,12.69,0.477,6.55,20,25,11,7.6,2.7,Normal,1.02,67.6,Normal/Charging
22/04/2026,11:58:29,29.849831,13.7,12.69,0.477,6.54,20,25,11,7.6,2.6,Normal,1.01,67.6,Normal/Charging
22/04/2026,11:58:44,29.849831,13.7,12.7,0.498,6.83,20,25,11,7.6,2.7,Normal,1,68,Normal/Charging
22/04/2026,11:58:59,29.849829,13.71,12.7,0.499,6.84,20,25,11,7.6,2.8,Normal,1.01,68,Normal/Charging
22/04/2026,11:59:14,29.849812,13.71,12.7,0.487,6.67,20,25,11,7.6,2.8,Normal,1.01,68,Normal/Charging
22/04/2026,11:59:29,29.849812,13.7,12.69,0.498,6.83,20,25,11,7.6,2.8,Normal,1.01,67.6,Normal/Charging
22/04/2026,11:59:44,29.849827,13.71,12.7,0.494,6.77,20,25,11,7.6,2.8,Normal,1.01,68,Normal/Charging
22/04/2026,11:59:59,29.849834,13.72,12.69,0.464,6.37,20,25,11,7.6,2.6,Normal,1.03,67.6,Normal/Charging
22/04/2026,12:00:14,29.849838,13.71,12.71,0.483,6.61,20,25,11,7.6,2.6,Normal,1,68.4,Normal/Charging
22/04/2026,12:00:29,29.849836,13.7,12.7,0.498,6.82,20,25,11,7.5,2.3,Normal,1,68,Normal/Charging
22/04/2026,12:00:44,29.849833,13.72,12.7,0.492,6.74,20,25,11,7.5,2.4,Normal,1.02,68,Normal/Charging
22/04/2026,12:00:59,29.849823,13.71,12.7,0.473,6.48,20,25,11,7.5,2.3,Normal,1.01,68,Normal/Charging
22/04/2026,12:01:14,29.849815,13.7,12.69,0.484,6.63,20,25,11,7.5,2.2,Normal,1.01,67.6,Normal/Charging
22/04/2026,12:01:29,29.849813,13.71,12.7,0.491,6.73,20,25,11,7.6,2.6,Normal,1.01,68,Normal/Charging
22/04/2026,12:01:44,29.849812,13.71,12.7,0.479,6.57,20,25,11,7.6,2.6,Normal,1.01,68,Normal/Charging
22/04/2026,12:01:59,29.849813,13.67,12.7,0.477,6.52,20,25,11,7.6,2.7,Normal,0.97,68,Normal/Charging
22/04/2026,12:02:14,29.849821,13.71,12.7,0.505,6.92,20,25,11,7.6,2.1,Normal,1.01,68,Normal/Charging
22/04/2026,12:02:29,29.849823,13.69,12.71,0.486,6.65,20,25,11,7.5,2.7,Normal,0.98,68.4,Normal/Charging
22/04/2026,12:02:44,29.849831,13.71,12.71,0.485,6.65,20,25,11,7.6,2.6,Normal,1,68.4,Normal/Charging
22/04/2026,12:02:59,29.849842,13.71,12.71,0.477,6.54,20,25,11,7.5,2.6,Normal,1,68.4,Normal/Charging
22/04/2026,12:03:14,29.84985,13.7,12.71,0.484,6.64,20,25,11,7.5,2.7,Normal,0.99,68.4,Normal/Charging
22/04/2026,12:03:29,29.849859,13.68,12.71,0.503,6.88,20,25,11,7.5,2.6,Normal,0.97,68.4,Normal/Charging
22/04/2026,12:03:44,29.849861,13.71,12.71,0.448,6.14,20,25,11,7.5,2.6,Normal,1,68.4,Normal/Charging
22/04/2026,12:03:59,29.849867,13.71,12.7,0.495,6.78,20,25,11,7.5,2.6,Normal,1.01,68,Normal/Charging
22/04/2026,12:04:14,29.849855,13.71,12.71,0.471,6.46,20,25,11,7.5,2.7,Normal,1,68.4,Normal/Charging
22/04/2026,12:04:29,29.849844,13.71,12.7,0.502,6.87,20,25,11,7.5,2.7,Normal,1.01,68,Normal/Charging
22/04/2026,12:04:44,29.849844,13.7,12.71,0.469,6.42,20,25,11,7.5,2.7,Normal,0.99,68.4,Normal/Charging
22/04/2026,12:04:59,29.849848,13.69,12.7,0.483,6.61,20,25,11,7.5,2.9,Normal,0.99,68,Normal/Charging
22/04/2026,12:05:14,29.849852,13.7,12.7,0.45,6.17,19.99,25,11,7.4,2.9,Normal,1,68,Normal/Charging
22/04/2026,12:05:29,29.849854,13.67,12.7,0.467,6.39,19.99,25,11,7.4,2.7,Normal,0.97,68,Normal/Charging
22/04/2026,12:05:44,29.849855,13.69,12.7,0.478,6.55,19.99,25,11,7.4,2.7,Normal,0.99,68,Normal/Charging
22/04/2026,12:05:59,29.849852,13.67,12.71,0.465,6.36,19.99,25,11,7.4,2.9,Normal,0.96,68.4,Normal/Charging
22/04/2026,12:06:14,29.849848,13.68,12.71,0.457,6.25,19.99,25,11,7.4,2.6,Normal,0.97,68.4,Normal/Charging
22/04/2026,12:06:29,29.849833,13.67,12.72,0.448,6.12,19.99,25,11,7.4,2.6,Normal,0.95,68.8,Normal/Charging
22/04/2026,12:06:44,29.849817,13.7,12.71,0.476,6.52,19.99,25,11,7.4,2.7,Normal,0.99,68.4,Normal/Charging
22/04/2026,12:06:59,29.849813,13.63,12.71,0.439,5.98,19.99,25,11,7.3,2.9,Normal,0.92,68.4,Normal/Charging
22/04/2026,12:07:14,29.849817,13.66,12.71,0.432,5.9,19.99,25,11,7.3,2.9,Normal,0.95,68.4,Normal/Charging
22/04/2026,12:07:29,29.849817,13.68,12.71,0.451,6.17,19.99,25,11,7.3,2.7,Normal,0.97,68.4,Normal/Charging
22/04/2026,12:07:44,29.849827,13.67,12.71,0.476,6.51,19.99,25,11,7.3,3,Normal,0.96,68.4,Normal/Charging
22/04/2026,12:07:59,29.849823,13.67,12.71,0.446,6.09,19.99,25,11,7.3,2.8,Normal,0.96,68.4,Normal/Charging
22/04/2026,12:08:14,29.849838,13.66,12.71,0.457,6.24,19.99,25,11,7.2,3,Normal,0.95,68.4,Normal/Charging
22/04/2026,12:08:29,29.84984,13.66,12.72,0.463,6.33,19.99,25,11,7.2,2.9,Normal,0.94,68.8,Normal/Charging
22/04/2026,12:08:44,29.849855,13.67,12.7,0.448,6.12,19.99,25,11,7.2,3,Normal,0.97,68,Normal/Charging
22/04/2026,12:08:59,29.849861,13.66,12.7,0.441,6.02,19.98,25,11,7.2,2.8,Normal,0.96,68,Normal/Charging
22/04/2026,12:09:14,29.849867,13.64,12.72,0.436,5.95,19.98,25,11,7.2,3,Normal,0.92,68.8,Normal/Charging
22/04/2026,12:09:29,29.849869,13.65,12.71,0.469,6.4,19.98,25,11,7.3,3,Normal,0.94,68.4,Normal/Charging
22/04/2026,12:09:44,29.849863,13.65,12.7,0.46,6.27,19.98,25,11,7.4,3.2,Normal,0.95,68,Normal/Charging
22/04/2026,12:09:59,29.849863,13.67,12.71,0.457,6.24,19.98,25,11,7.3,3.2,Normal,0.96,68.4,Normal/Charging
22/04/2026,12:10:14,29.849848,13.68,12.7,0.47,6.43,19.98,25,11,7.4,3.1,Normal,0.98,68,Normal/Charging
22/04/2026,12:10:29,29.849831,13.68,12.7,0.469,6.41,19.98,25,11,7.5,3,Normal,0.98,68,Normal/Charging
22/04/2026,12:10:44,29.849829,13.71,12.71,0.491,6.72,19.98,25,11,7.5,2.9,Normal,1,68.4,Normal/Charging
22/04/2026,12:10:59,29.849833,13.7,12.7,0.484,6.64,19.98,25,11,7.5,2.9,Normal,1,68,Normal/Charging
22/04/2026,12:11:14,29.849836,13.68,12.72,0.459,6.28,19.98,25,11,7.4,3,Normal,0.96,68.8,Normal/Charging
22/04/2026,12:11:29,29.84984,13.68,12.71,0.443,6.05,19.97,25,11,7.4,2.9,Normal,0.97,68.4,Normal/Charging
22/04/2026,12:11:44,29.849838,13.65,12.71,0.47,6.42,19.97,25,11,7.3,3,Normal,0.94,68.4,Normal/Charging
22/04/2026,12:11:59,29.849831,13.68,12.71,0.469,6.42,19.97,25,11,7.3,3,Normal,0.97,68.4,Normal/Charging
22/04/2026,12:12:14,29.849833,13.67,12.71,0.491,6.72,19.97,25,11,7.3,3.1,Normal,0.96,68.4,Normal/Charging
22/04/2026,12:12:29,29.849836,13.67,12.72,0.487,6.65,19.97,25,11,7.3,2.9,Normal,0.95,68.8,Normal/Charging
22/04/2026,12:12:44,29.849846,13.68,12.72,0.49,6.7,19.97,25,11,7.3,2.9,Normal,0.96,68.8,Normal/Charging
22/04/2026,12:12:59,29.849848,13.69,12.71,0.453,6.21,19.97,25,11,7.4,2.9,Normal,0.98,68.4,Normal/Charging
22/04/2026,12:13:14,29.849842,13.68,12.72,0.441,6.03,19.97,25,11,7.3,2.9,Normal,0.96,68.8,Normal/Charging
22/04/2026,12:13:29,29.849834,13.68,12.71,0.469,6.42,19.97,25,11,7.3,3.1,Normal,0.97,68.4,Normal/Charging
22/04/2026,12:13:44,29.849823,13.67,12.7,0.459,6.28,19.96,25,11,7.4,3.1,Normal,0.97,68,Normal/Charging
22/04/2026,12:13:59,29.849825,13.67,12.72,0.476,6.51,19.96,25,11,7.4,2.8,Normal,0.95,68.8,Normal/Charging
22/04/2026,12:14:14,29.849827,13.68,12.71,0.471,6.44,19.96,25,11,7.4,3.1,Normal,0.97,68.4,Normal/Charging
22/04/2026,12:14:29,29.849834,13.68,12.71,0.441,6.03,19.96,25,11,7.4,3,Normal,0.97,68.4,Normal/Charging
22/04/2026,12:14:44,29.849834,13.72,12.72,0.477,6.55,19.96,25,11,7.5,2.9,Normal,1,68.8,Normal/Charging
22/04/2026,12:14:59,29.849834,13.7,12.72,0.462,6.32,19.96,25,11,7.4,3,Normal,0.98,68.8,Normal/Charging
22/04/2026,12:15:14,29.849834,13.7,12.72,0.472,6.46,19.96,25,11,7.3,2.9,Normal,0.98,68.8,Normal/Charging
22/04/2026,12:15:29,29.849838,13.68,12.72,0.441,6.04,19.95,25,11,7.3,2.7,Normal,0.96,68.8,Normal/Charging
22/04/2026,12:15:44,29.84984,13.7,12.73,0.456,6.25,19.95,25,11,7.3,2.9,Normal,0.97,69.2,Normal/Charging
22/04/2026,12:15:59,29.849834,13.66,12.71,0.483,6.59,19.95,25,11,7.3,2.8,Normal,0.95,68.4,Normal/Charging
22/04/2026,12:16:14,29.849827,13.68,12.72,0.451,6.17,19.95,25,11,7.3,2.8,Normal,0.96,68.8,Normal/Charging
22/04/2026,12:16:29,29.849823,13.66,12.71,0.443,6.06,19.95,25,11,7.2,2.9,Normal,0.95,68.4,Normal/Charging
22/04/2026,12:16:44,29.849827,13.64,12.72,0.455,6.2,19.95,25,11,7.2,3.1,Normal,0.92,68.8,Normal/Charging
22/04/2026,12:16:59,29.849829,13.67,12.71,0.47,6.42,19.95,25,11,7.2,3,Normal,0.96,68.4,Normal/Charging
22/04/2026,12:17:14,29.849829,13.68,12.72,0.464,6.35,19.94,25,11,7.2,3.1,Normal,0.96,68.8,Normal/Charging
22/04/2026,12:17:29,29.849827,13.67,12.72,0.455,6.23,19.94,25,11,7.2,3.2,Normal,0.95,68.8,Normal/Charging
22/04/2026,12:17:44,29.849821,13.64,12.72,0.447,6.1,19.94,25,11,7.1,3.1,Normal,0.92,68.8,Normal/Charging
22/04/2026,12:17:59,29.849817,13.64,12.71,0.456,6.22,19.94,25,11,7.1,3.3,Normal,0.93,68.4,Normal/Charging
22/04/2026,12:18:14,29.849821,13.62,12.72,0.449,6.12,19.94,25,11,7.1,3.1,Normal,0.9,68.8,Normal/Charging
22/04/2026,12:18:29,29.849825,13.64,12.72,0.456,6.23,19.93,25,11,7.1,3.1,Normal,0.92,68.8,Normal/Charging
22/04/2026,12:18:44,29.849836,13.64,12.72,0.457,6.23,19.93,25,11,7.1,3.3,Normal,0.92,68.8,Normal/Charging
22/04/2026,12:18:59,29.849831,13.65,12.72,0.46,6.28,19.93,25,11,7.1,3.4,Normal,0.93,68.8,Normal/Charging
22/04/2026,12:19:14,29.849823,13.64,12.72,0.467,6.37,19.93,25,11,7.1,3.2,Normal,0.92,68.8,Normal/Charging
22/04/2026,12:19:29,29.849817,13.62,12.72,0.476,6.48,19.93,25,11,7.1,3.3,Normal,0.9,68.8,Normal/Charging
22/04/2026,12:19:44,29.849812,13.62,12.71,0.444,6.05,19.93,25,11,7.1,3.3,Normal,0.91,68.4,Normal/Charging
22/04/2026,12:19:59,29.849813,13.62,12.72,0.445,6.06,19.92,25,11,7.1,3.4,Normal,0.9,68.8,Normal/Charging
22/04/2026,12:20:14,29.849817,13.65,12.73,0.443,6.04,19.92,25,11,7.1,3.1,Normal,0.92,69.2,Normal/Charging
22/04/2026,12:20:29,29.849817,13.64,12.73,0.433,5.91,19.92,25,11,7.1,3.1,Normal,0.91,69.2,Normal/Charging
22/04/2026,12:20:44,29.849812,13.65,12.72,0.438,5.98,19.92,25,11,7,3.3,Normal,0.93,68.8,Normal/Charging
22/04/2026,12:20:59,29.849812,13.64,12.71,0.448,6.11,19.92,25,11,7,3.1,Normal,0.93,68.4,Normal/Charging
22/04/2026,12:21:14,29.849808,13.65,12.73,0.43,5.87,19.91,25,11,7,3.6,Normal,0.92,69.2,Normal/Charging
22/04/2026,12:21:29,29.849804,13.61,12.72,0.442,6.02,19.91,25,11,7,3.5,Normal,0.89,68.8,Normal/Charging
22/04/2026,12:21:44,29.849804,13.61,12.72,0.412,5.61,19.91,25,11,7,3.6,Normal,0.89,68.8,Normal/Charging
22/04/2026,12:21:59,29.8498,13.62,12.73,0.416,5.67,19.91,25,10.9,7,3.5,Normal,0.89,69.2,Normal/Charging
22/04/2026,12:22:14,29.8498,13.62,12.73,0.45,6.12,19.91,25,10.9,7,3.5,Normal,0.89,69.2,Normal/Charging
22/04/2026,12:22:29,29.8498,13.6,12.72,0.457,6.21,19.9,25,10.9,7,3.6,Normal,0.88,68.8,Normal/Charging
22/04/2026,12:22:44,29.849802,13.62,12.72,0.421,5.73,19.9,25,10.9,7,3.6,Normal,0.9,68.8,Normal/Charging
22/04/2026,12:22:59,29.849792,13.62,12.74,0.426,5.8,19.9,25,10.9,7.1,3.4,Normal,0.88,69.6,Normal/Charging
22/04/2026,12:23:14,29.849791,13.64,12.72,0.452,6.17,19.9,25,10.9,7.1,3.4,Normal,0.92,68.8,Normal/Charging
22/04/2026,12:23:29,29.849789,13.61,12.72,0.449,6.11,19.9,25,10.9,7.1,3.5,Normal,0.89,68.8,Normal/Charging
22/04/2026,12:23:44,29.849787,13.61,12.73,0.471,6.41,19.89,25,10.9,7.1,3.6,Normal,0.88,69.2,Normal/Charging
22/04/2026,12:23:59,29.849791,13.62,12.73,0.438,5.96,19.89,25,10.9,7.1,3.4,Normal,0.89,69.2,Normal/Charging
22/04/2026,12:24:14,29.849794,13.64,12.73,0.453,6.17,19.89,25,10.9,7.1,3.4,Normal,0.91,69.2,Normal/Charging
22/04/2026,12:24:29,29.849794,13.62,12.72,0.462,6.29,19.89,25,10.9,7.1,3.6,Normal,0.9,68.8,Normal/Charging
22/04/2026,12:24:44,29.849789,13.61,12.72,0.429,5.83,19.88,25,10.9,7,3.7,Normal,0.89,68.8,Normal/Charging
22/04/2026,12:24:59,29.849787,13.59,12.72,0.44,5.98,19.88,25,10.9,7,3.7,Normal,0.87,68.8,Normal/Charging
22/04/2026,12:25:14,29.849792,13.6,12.72,0.434,5.9,19.88,25,10.9,6.9,3.7,Normal,0.88,68.8,Normal/Charging
22/04/2026,12:25:29,29.849798,13.6,12.72,0.44,5.98,19.88,25,10.9,6.9,3.7,Normal,0.88,68.8,Normal/Charging
22/04/2026,12:25:44,29.849798,13.56,12.71,0.428,5.8,19.87,25,10.9,6.9,3.9,Normal,0.85,68.4,Normal/Charging
22/04/2026,12:25:59,29.849791,13.57,12.72,0.421,5.71,19.87,25,10.9,6.9,4,Normal,0.85,68.8,Normal/Charging
22/04/2026,12:26:14,29.849787,13.59,12.73,0.442,6,19.87,25,10.9,7,3.7,Normal,0.86,69.2,Normal/Charging
22/04/2026,12:26:29,29.849791,13.58,12.72,0.431,5.85,19.87,25,10.9,7,3.6,Normal,0.86,68.8,Normal/Charging
22/04/2026,12:26:44,29.849792,13.61,12.73,0.406,5.53,19.86,25,10.9,7,3.6,Normal,0.88,69.2,Normal/Charging
22/04/2026,12:26:59,29.849791,13.6,12.72,0.418,5.69,19.86,25,10.9,7,3.7,Normal,0.88,68.8,Normal/Charging
22/04/2026,12:27:14,29.849789,13.6,12.73,0.421,5.73,19.86,25,10.9,6.9,3.7,Normal,0.87,69.2,Normal/Charging
22/04/2026,12:27:29,29.849791,13.57,12.73,0.409,5.55,19.86,25,10.9,6.9,3.9,Normal,0.84,69.2,Normal/Charging
22/04/2026,12:27:44,29.849802,13.58,12.74,0.428,5.82,19.85,25,10.9,6.9,3.7,Normal,0.84,69.6,Normal/Charging
22/04/2026,12:27:59,29.849796,13.57,12.73,0.429,5.82,19.85,25,10.9,6.9,3.7,Normal,0.84,69.2,Normal/Charging
22/04/2026,12:28:14,29.849792,12.72,12.68,0,0,19.85,25,10.9,5.5,0,Normal_Equilibrium,0.04,67.2,Normal/Charging
22/04/2026,12:28:29,29.849798,14.12,12.78,0.654,9.23,19.85,25,10.9,6.9,3.6,Normal,1.34,71.2,Normal/Charging
22/04/2026,16:23:24,29.849808,13.96,12.56,0.531,7.41,20,25,11,7.3,0.4,Normal,1.4,62.4,Normal/Charging
22/04/2026,16:23:39,29.849808,14.03,12.6,0.516,7.24,20,25,11,7.2,0.3,Normal,1.43,64,Normal/Charging
22/04/2026,16:23:54,29.849808,14.01,12.64,0.493,6.9,20,25,11,7.2,0.7,Normal,1.37,65.6,Normal/Charging
22/04/2026,16:24:09,29.849808,14.01,12.67,0.484,6.78,20,25,11,7.1,1,Normal,1.34,66.8,Normal/Charging
22/04/2026,16:24:24,29.849808,14,12.69,0.456,6.39,20,25,11,7.1,1.3,Normal,1.31,67.6,Normal/Charging
22/04/2026,16:24:39,29.849808,14.05,12.7,0.462,6.49,20,25,11,7.1,1.2,Normal,1.35,68,Normal/Charging
22/04/2026,16:24:54,29.849808,14.01,12.7,0.504,7.06,20,25,11,7,1.5,Normal,1.31,68,Normal/Charging
22/04/2026,16:25:09,29.849808,14.04,12.73,0.487,6.84,20,25,11,7,1.1,Normal,1.31,69.2,Normal/Charging
22/04/2026,16:25:24,29.849808,14.08,12.73,0.456,6.42,20,25,11,7,1.2,Normal,1.35,69.2,Normal/Charging
22/04/2026,16:25:39,29.849808,14.05,12.75,0.456,6.4,20,25,11,7,0.8,Normal,1.3,70,Normal/Charging
22/04/2026,16:25:54,29.849808,14.07,12.73,0.466,6.56,20,25,11,7,0.7,Normal,1.34,69.2,Normal/Charging
22/04/2026,16:26:09,29.849808,14.08,12.76,0.481,6.78,20,25,11,7,1,Normal,1.32,70.4,Normal/Charging
22/04/2026,16:26:24,29.849808,14.07,12.76,0.477,6.71,20,25,11,6.9,0.8,Normal,1.31,70.4,Normal/Charging
22/04/2026,16:26:39,29.849808,14.06,12.75,0.44,6.18,20,25,11,6.9,0.7,Normal,1.31,70,Normal/Charging
22/04/2026,16:26:54,29.849808,14.11,12.77,0.471,6.65,20,25,11,7,0.6,Normal,1.34,70.8,Normal/Charging
22/04/2026,16:27:09,29.849808,14.06,12.77,0.453,6.38,20,25,11,7,0.9,Normal,1.29,70.8,Normal/Charging
22/04/2026,16:27:24,29.849808,14.06,12.78,0.476,6.69,20,25,11,6.9,0.9,Normal,1.28,71.2,Normal/Charging
22/04/2026,16:27:39,29.849808,14.06,12.76,0.462,6.49,20,25,11,7,0.9,Normal,1.3,70.4,Normal/Charging
22/04/2026,16:27:54,29.849808,14.06,12.76,0.466,6.55,20,25,11,6.9,1,Normal,1.3,70.4,Normal/Charging
22/04/2026,16:28:09,29.849808,14.09,12.76,0.451,6.36,20,25,11,6.9,1.1,Normal,1.33,70.4,Normal/Charging
22/04/2026,16:28:24,29.849808,14.07,12.76,0.465,6.54,20,25,11,6.9,1.3,Normal,1.31,70.4,Normal/Charging
22/04/2026,16:28:39,29.849808,14.09,12.78,0.475,6.7,20,25,11,6.9,1.1,Normal,1.31,71.2,Normal/Charging
22/04/2026,16:28:54,29.849808,14.06,12.77,0.475,6.68,20,25,11,6.9,0.9,Normal,1.29,70.8,Normal/Charging
22/04/2026,16:29:09,29.849808,14.08,12.77,0.457,6.43,20,25,11,6.9,1.2,Normal,1.31,70.8,Normal/Charging
22/04/2026,16:29:24,29.849808,14.08,12.78,0.452,6.37,20,25,11,6.9,1.4,Normal,1.3,71.2,Normal/Charging
22/04/2026,16:29:39,29.849808,14.09,12.77,0.458,6.45,20,25,11,6.9,0.8,Normal,1.32,70.8,Normal/Charging
22/04/2026,16:29:54,29.849808,14.11,12.79,0.457,6.44,20,25,11,6.9,0.7,Normal,1.32,71.6,Normal/Charging
22/04/2026,16:30:09,29.849808,14.11,12.78,0.459,6.48,20,25,11,6.9,0.8,Normal,1.33,71.2,Normal/Charging
22/04/2026,16:30:24,29.849808,14.11,12.79,0.437,6.17,20,25,11,6.9,0.8,Normal,1.32,71.6,Normal/Charging
22/04/2026,16:30:39,29.849808,14.11,12.8,0.451,6.37,20,25,11,6.9,0.6,Normal,1.31,72,Normal/Charging
22/04/2026,16:30:54,29.849808,14.12,12.8,0.435,6.14,20,25,11,6.8,1,Normal,1.32,72,Normal/Charging
22/04/2026,16:31:09,29.849808,14.12,12.8,0.443,6.26,20,25,11,6.9,0.5,Normal,1.32,72,Normal/Charging
22/04/2026,16:31:24,29.849808,14.11,12.79,0.464,6.54,20,25,11,6.8,0.6,Normal,1.32,71.6,Normal/Charging
22/04/2026,16:31:39,29.849808,14.1,12.79,0.434,6.12,20,25,11,6.8,0.8,Normal,1.31,71.6,Normal/Charging
22/04/2026,16:31:54,29.849808,14.12,12.8,0.441,6.22,20,25,11,6.8,0.6,Normal,1.32,72,Normal/Charging
22/04/2026,16:32:09,29.849808,14.12,12.8,0.457,6.46,20,25,11,6.9,0.6,Normal,1.32,72,Normal/Charging
22/04/2026,16:32:24,29.849808,14.12,12.81,0.437,6.17,20,25,11,6.8,0.7,Normal,1.31,72.4,Normal/Charging
22/04/2026,16:32:39,29.849808,14.11,12.81,0.426,6.01,20,25,11,6.8,0.8,Normal,1.3,72.4,Normal/Charging
22/04/2026,16:32:54,29.849808,14.12,12.82,0.435,6.15,20,25,11,6.8,0.7,Normal,1.3,72.8,Normal/Charging
22/04/2026,16:33:09,29.849808,14.13,12.8,0.433,6.12,20,25,11,6.8,0.8,Normal,1.33,72,Normal/Charging
22/04/2026,16:33:24,29.849808,14.12,12.81,0.444,6.26,20,25,11,6.8,0.7,Normal,1.31,72.4,Normal/Charging
22/04/2026,16:33:39,29.849808,14.12,12.8,0.445,6.29,20,25,11,6.8,0.7,Normal,1.32,72,Normal/Charging
22/04/2026,16:33:54,29.849808,14.13,12.81,0.44,6.22,20,25,11,6.8,0.6,Normal,1.32,72.4,Normal/Charging
22/04/2026,16:34:09,29.849808,14.12,12.81,0.441,6.22,20,25,11,6.8,0.6,Normal,1.31,72.4,Normal/Charging
22/04/2026,16:34:24,29.849808,14.1,12.81,0.448,6.31,20,25,11,6.8,0.7,Normal,1.29,72.4,Normal/Charging
22/04/2026,16:34:39,29.849808,14.1,12.81,0.451,6.36,20,25,11,6.8,0.5,Normal,1.29,72.4,Normal/Charging
22/04/2026,16:34:54,29.849808,14.11,12.81,0.442,6.23,20,25,11,6.8,0.7,Normal,1.3,72.4,Normal/Charging
22/04/2026,16:35:09,29.849808,14.12,12.81,0.418,5.9,20,25,11,6.7,0.5,Normal,1.31,72.4,Normal/Charging
22/04/2026,16:35:24,29.849808,14.12,12.81,0.461,6.5,20,25,11,6.7,0.5,Normal,1.31,72.4,Normal/Charging
22/04/2026,16:35:39,29.849808,14.12,12.8,0.455,6.42,20,25,11,6.8,0.9,Normal,1.32,72,Normal/Charging
22/04/2026,16:35:54,29.849808,14.12,12.8,0.436,6.15,20,25,11,6.7,0.7,Normal,1.32,72,Normal/Charging
22/04/2026,16:36:09,29.849808,14.12,12.81,0.451,6.37,20,25,11,6.7,0.4,Normal,1.31,72.4,Normal/Charging
22/04/2026,16:36:24,29.849808,14.11,12.81,0.455,6.42,20,25,11,6.8,0.7,Normal,1.3,72.4,Normal/Charging
22/04/2026,16:36:39,29.849808,14.13,12.8,0.452,6.38,20,25,11,6.8,0.3,Normal,1.33,72,Normal/Charging
22/04/2026,16:36:54,29.849808,14.13,12.8,0.44,6.21,20,25,11,6.7,0.5,Normal,1.33,72,Normal/Charging
22/04/2026,16:37:09,29.849808,14.12,12.81,0.468,6.61,20,25,11,6.7,0.4,Normal,1.31,72.4,Normal/Charging
22/04/2026,16:37:24,29.849808,14.11,12.81,0.459,6.48,20,25,11,6.7,0.5,Normal,1.3,72.4,Normal/Charging
22/04/2026,16:37:39,29.849808,14.11,12.79,0.465,6.56,20,25,11,6.6,0.5,Normal,1.32,71.6,Normal/Charging
22/04/2026,16:37:54,29.849808,14.15,12.8,0.441,6.24,20,25,11,6.7,0.3,Normal,1.35,72,Normal/Charging
22/04/2026,16:38:09,29.849808,14.13,12.81,0.427,6.03,20,25,11,6.6,0,Normal,1.32,72.4,Normal/Charging
22/04/2026,16:38:24,29.849808,14.11,12.8,0.465,6.55,20,25,11,6.6,0,Normal,1.31,72,Normal/Charging
22/04/2026,16:38:39,29.849808,14.1,12.8,0.452,6.38,20,25,11,6.6,0,Normal,1.3,72,Normal/Charging
22/04/2026,16:38:54,29.849808,14.08,12.79,0.424,5.98,20,25,11,6.6,0,Normal,1.29,71.6,Normal/Charging
22/04/2026,16:39:09,29.849808,14.1,12.8,0.459,6.47,20,25,11,6.6,0,Normal,1.3,72,Normal/Charging
22/04/2026,16:39:24,29.849808,14.1,12.81,0.461,6.5,20,25,11,6.6,0,Normal,1.29,72.4,Normal/Charging
22/04/2026,16:39:39,29.849808,14.11,12.81,0.444,6.27,20,25,11,6.6,0,Normal,1.3,72.4,Normal/Charging
22/04/2026,16:39:54,29.849808,14.1,12.81,0.447,6.3,20,25,11,6.6,0,Normal,1.29,72.4,Normal/Charging
22/04/2026,16:40:09,29.849808,14.1,12.8,0.434,6.12,20,25,11,6.6,0,Normal,1.3,72,Normal/Charging
22/04/2026,16:40:24,29.849808,14.1,12.81,0.422,5.95,20,25,11,6.5,0,Normal,1.29,72.4,Normal/Charging
22/04/2026,16:40:39,29.849808,14.11,12.79,0.432,6.09,20,25,11,6.5,0,Normal,1.32,71.6,Normal/Charging
22/04/2026,16:40:54,29.849808,14.1,12.8,0.436,6.15,20,25,11,6.5,0,Normal,1.3,72,Normal/Charging
22/04/2026,16:41:09,29.849808,14.11,12.8,0.441,6.22,20,25,11,6.5,0,Normal,1.31,72,Normal/Charging
22/04/2026,16:41:24,29.849808,14.1,12.81,0.445,6.27,20,25,11,6.5,0,Normal,1.29,72.4,Normal/Charging
22/04/2026,16:41:39,29.849808,14.07,12.81,0.439,6.18,20,25,11,6.4,0,Normal,1.26,72.4,Normal/Charging
22/04/2026,16:41:54,29.849808,14.06,12.8,0.43,6.04,20,25,11,6.4,0,Normal,1.26,72,Normal/Charging
22/04/2026,16:42:09,29.849808,14.09,12.8,0.433,6.11,20,25,11,6.4,0,Normal,1.29,72,Normal/Charging
22/04/2026,16:42:24,29.849808,14.08,12.81,0.404,5.69,20,25,11,6.4,0,Normal,1.27,72.4,Normal/Charging
22/04/2026,16:42:39,29.849808,14.07,12.79,0.433,6.09,20,25,11,6.3,0,Normal,1.28,71.6,Normal/Charging
22/04/2026,16:42:54,29.849808,14.06,12.8,0.434,6.11,20,25,11,6.3,0,Normal,1.26,72,Normal/Charging
22/04/2026,16:43:09,29.849808,14.1,12.79,0.398,5.61,20,25,11,6.3,0,Normal,1.31,71.6,Normal/Charging
22/04/2026,16:43:24,29.849808,14.11,12.81,0.428,6.04,20,25,11,6.3,0,Normal,1.3,72.4,Normal/Charging
22/04/2026,16:43:39,29.849808,14.09,12.8,0.405,5.71,20,25,11,6.3,0,Normal,1.29,72,Normal/Charging
22/04/2026,16:43:54,29.849808,14.08,12.8,0.385,5.42,20,25,11,6.2,0,Normal,1.28,72,Normal/Charging
22/04/2026,16:44:09,29.849808,14.05,12.8,0.407,5.72,20,25,11,6.2,0,Normal,1.25,72,Normal/Charging
22/04/2026,16:44:24,29.849808,14.06,12.8,0.407,5.72,20,25,11,6.2,0,Normal,1.26,72,Normal/Charging
22/04/2026,16:44:39,29.849808,14.04,12.8,0.41,5.76,20,25,11,6.1,0,Normal,1.24,72,Normal/Charging
22/04/2026,16:44:54,29.849808,14.02,12.81,0.396,5.55,20,25,11,6.1,0,Normal,1.21,72.4,Normal/Charging
22/04/2026,16:45:09,29.849808,14.03,12.8,0.419,5.87,20,25,11,6,0,Normal,1.23,72,Normal/Charging
22/04/2026,16:45:24,29.849808,14.04,12.8,0.395,5.54,20,25,11,6.1,0,Normal,1.24,72,Normal/Charging
22/04/2026,16:45:39,29.849808,14.06,12.8,0.417,5.86,20,25,11,6.1,0,Normal,1.26,72,Normal/Charging
22/04/2026,16:45:54,29.849808,14.03,12.8,0.409,5.74,20,25,11,6.1,0,Normal,1.23,72,Normal/Charging
22/04/2026,16:46:09,29.849808,14.04,12.81,0.4,5.62,20,25,11,6.1,0,Normal,1.23,72.4,Normal/Charging
22/04/2026,16:46:24,29.849808,14.05,12.8,0.404,5.68,20,25,11,6,0,Normal,1.25,72,Normal/Charging
22/04/2026,16:46:39,29.849808,14.03,12.8,0.395,5.54,20,25,11,6.1,0,Normal,1.23,72,Normal/Charging
22/04/2026,16:46:54,29.849808,14.06,12.8,0.394,5.53,20,25,11,6,0,Normal,1.26,72,Normal/Charging
22/04/2026,16:47:09,29.849808,14.05,12.79,0.399,5.6,20,25,11,6,0,Normal,1.26,71.6,Normal/Charging
22/04/2026,16:47:24,29.849808,14.03,12.8,0.4,5.61,20,25,11,5.9,0,Normal,1.23,72,Normal/Charging
22/04/2026,16:47:39,29.849808,14.04,12.8,0.392,5.51,20,25,11,6,0,Normal,1.24,72,Normal/Charging
22/04/2026,16:47:54,29.849808,14.01,12.8,0.404,5.67,20,25,11,5.9,0,Normal,1.21,72,Normal/Charging
22/04/2026,16:48:09,29.849808,14.01,12.8,0.398,5.57,20,25,11,5.9,0,Normal,1.21,72,Normal/Charging
22/04/2026,16:48:24,29.849808,14.02,12.8,0.41,5.74,20,25,11,5.9,0,Normal,1.22,72,Normal/Charging
22/04/2026,16:48:39,29.849808,14.02,12.8,0.365,5.11,20,25,11,5.9,0,Normal,1.22,72,Normal/Charging
22/04/2026,16:48:54,29.849808,14.02,12.8,0.393,5.51,20,25,11,5.9,0,Normal,1.22,72,Normal/Charging
22/04/2026,16:49:09,29.849808,14.01,12.81,0.377,5.28,20,25,11,5.8,0,Normal,1.2,72.4,Normal/Charging
22/04/2026,16:49:24,29.849808,14.02,12.81,0.379,5.31,20,25,11,5.9,0,Normal,1.21,72.4,Normal/Charging
22/04/2026,16:49:39,29.849808,14.02,12.79,0.378,5.3,20,25,11,5.8,0,Normal,1.23,71.6,Normal/Charging
22/04/2026,16:49:54,29.849808,14.01,12.79,0.41,5.74,20,25,11,5.8,0,Normal,1.22,71.6,Normal/Charging
22/04/2026,16:50:09,29.849808,14.03,12.8,0.393,5.51,20,25,11,5.8,0,Normal,1.23,72,Normal/Charging
22/04/2026,16:50:24,29.849808,13.99,12.78,0.368,5.15,20,25,11,5.7,0,Normal,1.21,71.2,Normal/Charging
22/04/2026,16:50:39,29.849808,13.99,12.8,0.36,5.04,20,25,11,5.7,0,Normal,1.19,72,Normal/Charging
22/04/2026,16:50:54,29.849808,13.99,12.8,0.382,5.35,20,25,11,5.6,0,Normal,1.19,72,Normal/Charging
22/04/2026,16:51:09,29.849808,13.99,12.8,0.372,5.21,20,25,11,5.6,0,Normal,1.19,72,Normal/Charging
22/04/2026,16:51:24,29.849808,14.01,12.8,0.366,5.13,20,25,11,5.7,0,Normal,1.21,72,Normal/Charging
22/04/2026,16:51:39,29.849808,14,12.8,0.379,5.31,20,25,11,5.6,0,Normal,1.2,72,Normal/Charging
22/04/2026,16:51:54,29.849808,14.01,12.8,0.369,5.18,20,25,11,5.5,0,Normal,1.21,72,Normal/Charging
22/04/2026,16:52:09,29.849808,13.99,12.8,0.351,4.91,20,25,11,5.4,0,Normal,1.19,72,Normal/Charging
22/04/2026,16:52:24,29.849808,13.99,12.8,0.379,5.3,20,25,11,5.1,0,Normal,1.19,72,Normal/Charging
22/04/2026,16:52:39,29.849808,13.99,12.8,0.343,4.8,20,25,11,4.9,0,Normal,1.19,72,Normal/Charging
22/04/2026,16:52:54,29.849808,14.01,12.81,0.383,5.37,20,25,11,4.6,0,Normal,1.2,72.4,Normal/Charging
22/04/2026,16:53:09,29.849808,13.99,12.82,0.36,5.03,20,25,11,4,0,Normal,1.17,72.8,Normal/Charging
22/04/2026,16:53:24,29.849808,14,12.8,0.372,5.2,20,25,11,3.4,0,Normal,1.2,72,Normal/Charging
22/04/2026,16:53:39,29.849808,13.97,12.81,0.347,4.84,20,25,11,2.8,0,Normal,1.16,72.4,Normal/Charging
22/04/2026,16:53:54,29.849808,13.99,12.8,0.343,4.81,20,25,11,2.2,0,Normal,1.19,72,Normal/Charging
22/04/2026,16:54:09,29.849808,13.91,12.8,0.344,4.79,20,25,11,1.7,0,Normal,1.11,72,Normal/Charging
22/04/2026,16:54:24,29.849808,13.78,12.78,0.305,4.21,20,25,11,1.2,0,Normal,1,71.2,Normal/Charging
22/04/2026,16:54:39,29.849808,13.6,12.76,0.237,3.22,20,25,11,1,0,Normal,0.84,70.4,Normal/Charging
22/04/2026,16:54:54,29.849808,13.46,12.74,0.193,2.6,20,25,11,0.9,0,Normal,0.72,69.6,Normal/Charging
22/04/2026,16:55:09,29.849808,13.32,12.73,0.114,1.52,20,25,11,0.9,0,Normal,0.59,69.2,Normal/Charging
22/04/2026,16:55:24,29.849808,13.21,12.7,0,0,20,25,11,0.8,0,Normal,0.51,68,Normal/Charging
22/04/2026,16:55:39,29.849808,13.03,12.69,0,0,20,25,11,0.8,0,Normal_Equilibrium,0.34,67.6,Normal/Charging
22/04/2026,16:55:54,29.849808,12.94,12.68,0,0,20,25,11,0.8,0,Shading,0.26,67.2,Normal/Charging
22/04/2026,16:56:09,29.849808,12.84,12.65,0,0,20,25,11,0.8,0,Shading,0.19,66,Normal/Charging
22/04/2026,16:56:24,29.849808,12.78,12.64,0.085,1.08,20,25,11,0.8,0,Shading,0.14,65.6,Normal/Charging
22/04/2026,16:56:39,29.849808,12.74,12.62,0.093,1.18,20,25,11,0.8,0,Shading,0.12,64.8,Normal/Charging
22/04/2026,16:56:54,29.849808,12.69,12.6,0.088,1.12,20,25,11,0.8,0,Shading,0.09,64,Normal/Charging
22/04/2026,16:57:09,29.849808,12.65,12.59,0.121,1.53,20,25,11,0.8,0,Shading,0.06,63.6,Normal/Charging
22/04/2026,16:57:24,29.849808,12.66,12.59,0.101,1.28,20,25,11,0.7,0,Shading,0.07,63.6,Normal/Charging
22/04/2026,16:57:39,29.849808,12.66,12.58,0.106,1.35,20,25,11,0.7,0,Shading,0.08,63.2,Normal/Charging
22/04/2026,16:57:54,29.849808,12.65,12.57,0.134,1.7,20,25,11,0.7,0,Shading,0.08,62.8,Normal/Charging
22/04/2026,16:58:09,29.849808,12.64,12.56,0.119,1.51,20,25,11,0.7,0,Shading,0.08,62.4,Normal/Charging
22/04/2026,16:58:24,29.849808,12.63,12.56,0.108,1.37,20,25,11,0.7,0,Shading,0.07,62.4,Normal/Charging
22/04/2026,16:58:39,29.849808,12.63,12.56,0.118,1.49,20,25,11,0.7,0,Shading,0.07,62.4,Normal/Charging
22/04/2026,16:58:54,29.849808,12.61,12.55,0.105,1.33,20,25,11,0.7,0,Shading,0.06,62,Normal/Charging
22/04/2026,16:59:09,29.849808,12.63,12.54,0.101,1.28,20,25,11,0.7,0,Shading,0.09,61.6,Normal/Charging
22/04/2026,16:59:24,29.849808,12.62,12.55,0.108,1.37,20,25,11,0.7,0,Shading,0.07,62,Normal/Charging
22/04/2026,16:59:39,29.849808,12.6,12.54,0.089,1.12,20,25,11,0.7,0,Shading,0.06,61.6,Normal/Charging
22/04/2026,16:59:54,29.849808,12.6,12.54,0.109,1.38,20,25,11,0.7,0,Shading,0.06,61.6,Normal/Charging
22/04/2026,17:00:09,29.849808,12.59,12.53,0.096,1.21,20,25,11,0.7,0,Shading,0.06,61.2,Normal/Charging
22/04/2026,17:00:24,29.849808,12.58,12.53,0.107,1.35,20,25,11,0.7,0,Shading,0.05,61.2,Normal/Charging
22/04/2026,17:00:39,29.849808,12.58,12.53,0.125,1.57,20,25,11,0.6,0,Shading,0.05,61.2,Normal/Charging
22/04/2026,17:00:54,29.849808,12.57,12.53,0.109,1.37,20,25,11,0.6,0,Shading,0.04,61.2,Normal/Charging
22/04/2026,17:01:09,29.849808,12.58,12.53,0.099,1.25,20,25,11,0.6,0,Shading,0.05,61.2,Normal/Charging
22/04/2026,17:01:24,29.849808,12.56,12.52,0.12,1.5,20,25,11,0.6,0,Shading,0.04,60.8,Normal/Charging
22/04/2026,17:01:39,29.849808,12.56,12.52,0.103,1.29,20,25,11,0.6,0,Shading,0.04,60.8,Normal/Charging
22/04/2026,17:01:54,29.849808,12.54,12.51,0.107,1.34,20,25,11,0.6,0,Shading,0.03,60.4,Normal/Charging
22/04/2026,17:02:09,29.849808,12.26,12.48,0.197,2.42,20,25,11,0.2,0,Shading,-0.22,59.2,Normal/Charging
22/04/2026,17:02:24,29.849808,12.27,12.49,0.187,2.3,20,25,11,0.5,6.8,Shading,-0.22,59.6,Normal/Charging
22/04/2026,17:02:39,29.849808,12.25,12.48,0.165,2.02,20,25,11,0.5,8,Shading,-0.23,59.2,Normal/Charging
22/04/2026,17:02:54,29.849808,12.25,12.48,0.168,2.06,20,25,11,0.5,7.2,Shading,-0.23,59.2,Normal/Charging
22/04/2026,17:03:09,29.849808,12.27,12.47,0.166,2.04,20,25,11,0.5,7.5,Shading,-0.2,58.8,Normal/Charging
22/04/2026,17:03:24,29.849808,12.27,12.46,0.175,2.14,20,25,11,0.5,8.8,Shading,-0.19,58.4,Normal/Charging
22/04/2026,17:03:39,29.849808,12.24,12.47,0.185,2.26,20,25,11,0.5,7,Shading,-0.23,58.8,Normal/Charging
22/04/2026,17:03:54,29.849808,12.25,12.46,0.181,2.21,20,25,11,0.5,7.2,Shading,-0.21,58.4,Normal/Charging
22/04/2026,17:04:09,29.849808,12.25,12.47,0.165,2.03,20,25,11,0.5,7,Shading,-0.22,58.8,Normal/Charging
22/04/2026,17:04:24,29.849808,12.25,12.45,0.18,2.21,20,25,11,0.5,8.5,Shading,-0.2,58,Normal/Charging
22/04/2026,17:04:39,29.849808,12.24,12.46,0.161,1.97,20,25,11,0.5,7.4,Shading,-0.22,58.4,Normal/Charging
22/04/2026,17:04:54,29.849808,12.24,12.44,0.183,2.24,20,25,11,0.5,8.5,Shading,-0.2,57.6,Normal/Charging
22/04/2026,17:05:09,29.849808,12.23,12.46,0.184,2.25,20,25,11,0.5,7,Shading,-0.23,58.4,Normal/Charging
22/04/2026,17:05:24,29.849808,12.23,12.45,0.191,2.34,20,25,11,0.5,7.4,Shading,-0.22,58,Normal/Charging
22/04/2026,17:05:39,29.849808,12.24,12.45,0.168,2.05,20,25,11,0.5,6.8,Shading,-0.21,58,Normal/Charging
22/04/2026,17:05:54,29.849808,12.21,12.44,0.192,2.34,20,25,11,0.5,8.6,Shading,-0.23,57.6,Normal/Charging
22/04/2026,17:06:09,29.849808,12.21,12.45,0.169,2.06,20,25,11,0.5,8.4,Shading,-0.24,58,Normal/Charging
22/04/2026,17:06:24,29.849808,12.22,12.44,0.191,2.33,20,25,11,0.4,6.8,Shading,-0.22,57.6,Normal/Charging
22/04/2026,17:06:39,29.849808,12.22,12.44,0.189,2.31,20,25,11,0.4,8.6,Shading,-0.22,57.6,Normal/Charging
22/04/2026,17:06:54,29.849808,12.22,12.43,0.17,2.08,20,25,11,0.4,9.1,Shading,-0.21,57.2,Normal/Charging
22/04/2026,17:07:09,29.849808,12.21,12.42,0.165,2.02,20,25,11,0.4,7.6,Shading,-0.21,56.8,Normal/Charging
22/04/2026,17:07:24,29.849808,12.22,12.43,0.167,2.04,20,25,11,0.4,8.1,Shading,-0.21,57.2,Normal/Charging
22/04/2026,17:07:39,29.849808,12.18,12.43,0.158,1.93,20,25,11,0.4,8,Shading,-0.25,57.2,Normal/Charging
22/04/2026,17:07:54,29.849808,12.2,12.43,0.188,2.3,20,25,11,0.4,5.5,Shading,-0.23,57.2,Normal/Charging
22/04/2026,17:08:09,29.849808,12.22,12.42,0.177,2.16,20,25,11,0.4,6.7,Shading,-0.2,56.8,Normal/Charging
22/04/2026,17:08:24,29.849808,12.22,12.43,0.158,1.93,20,25,11,0.4,9.3,Shading,-0.21,57.2,Normal/Charging
22/04/2026,17:08:39,29.849808,12.2,12.42,0.188,2.3,20,25,11,0.4,9,Shading,-0.22,56.8,Normal/Charging
22/04/2026,17:08:54,29.849808,12.2,12.43,0.168,2.05,20,25,11,0.4,8.2,Shading,-0.23,57.2,Normal/Charging
22/04/2026,17:09:09,29.849808,12.18,12.42,0.191,2.32,20,25,11,0.4,7.1,Shading,-0.24,56.8,Normal/Charging
22/04/2026,17:09:24,29.849808,12.2,12.42,0.194,2.37,20,25,11,0.4,9.8,Shading,-0.22,56.8,Normal/Charging
22/04/2026,17:09:39,29.849808,12.18,12.41,0.164,2,20,25,11,0.4,8.1,Shading,-0.23,56.4,Normal/Charging
22/04/2026,17:09:54,29.849808,12.17,12.41,0.183,2.22,20,25,11,0.4,7.4,Shading,-0.24,56.4,Normal/Charging
22/04/2026,17:10:09,29.849808,12.19,12.42,0.173,2.11,20,25,11,0.4,5.4,Shading,-0.23,56.8,Normal/Charging
22/04/2026,17:10:24,29.849808,12.18,12.42,0.177,2.16,20,25,11,0.4,5.5,Shading,-0.24,56.8,Normal/Charging
22/04/2026,17:10:39,29.849808,12.18,12.42,0.188,2.29,20,25,11,0.4,6.6,Shading,-0.24,56.8,Normal/Charging
22/04/2026,17:10:54,29.849808,13.25,12.55,0.361,4.78,4.25,25,2.3,4,8.1,Shading,0.7,62,Normal/Charging
22/04/2026,17:11:09,29.849808,13.3,12.58,0.378,5.03,4.23,25,2.3,4,6.3,Normal,0.72,63.2,Normal/Charging
22/04/2026,17:11:24,29.849812,12.4,12.55,0,0,4.21,25,2.3,0.5,0,Normal_Equilibrium,-0.15,62,Normal/Charging
22/04/2026,17:11:39,29.849813,13.38,12.62,0.289,3.87,4.19,25,2.3,3.9,5.8,Normal,0.76,64.8,Normal/Charging
22/04/2026,17:11:54,29.849815,13.4,12.64,0.308,4.13,4.17,25,2.3,3.9,5.8,Normal,0.76,65.6,Normal/Charging
22/04/2026,17:12:09,29.849815,13.4,12.64,0.31,4.15,4.15,25,2.3,3.7,0.8,Normal,0.76,65.6,Normal/Charging
22/04/2026,17:12:24,29.849815,13.34,12.65,0.271,3.61,4.12,25,2.3,3.8,0.6,Normal,0.69,66,Normal/Charging
22/04/2026,17:12:39,29.84981,13.29,12.65,0.244,3.24,4.1,25,2.3,3.6,45.9,Soiling,0.64,66,Normal/Charging
22/04/2026,17:12:54,29.849804,13.3,12.66,0.246,3.28,4.08,25,2.2,3.5,45.4,Soiling,0.64,66.4,Normal/Charging
22/04/2026,17:13:09,29.849806,13.34,12.66,0.241,3.21,4.06,25,2.2,3.6,45.3,Soiling,0.68,66.4,Normal/Charging
22/04/2026,17:13:24,29.849808,13.31,12.67,0.25,3.33,4.04,25,2.2,3.6,45.2,Soiling,0.64,66.8,Normal/Charging
22/04/2026,17:13:39,29.849812,13.32,12.68,0.232,3.09,4.02,25,2.2,3.5,45.5,Soiling,0.64,67.2,Normal/Charging
22/04/2026,17:13:54,29.849812,13.33,12.68,0.242,3.23,4,25,2.2,3.5,45.4,Soiling,0.65,67.2,Normal/Charging
22/04/2026,17:14:09,29.84981,13.37,12.7,0.249,3.32,3.97,25,2.2,3.5,45,Soiling,0.67,68,Normal/Charging
22/04/2026,17:14:24,29.849812,13.35,12.69,0.239,3.2,3.95,25,2.2,3.5,45.6,Soiling,0.66,67.6,Normal/Charging
22/04/2026,17:14:39,29.849813,13.33,12.69,0.238,3.17,3.93,25,2.2,3.4,45.2,Soiling,0.64,67.6,Normal/Charging
22/04/2026,17:14:54,29.849815,13.33,12.7,0.237,3.16,3.91,25,2.2,3.4,45.4,Soiling,0.63,68,Normal/Charging
22/04/2026,17:15:09,29.849813,13.32,12.68,0.246,3.28,3.89,25,2.1,3.4,45.1,Soiling,0.64,67.2,Normal/Charging
22/04/2026,17:15:24,29.849812,13.34,12.7,0.247,3.3,3.87,25,2.1,3.4,45.1,Soiling,0.64,68,Normal/Charging
22/04/2026,17:15:39,29.849808,13.34,12.7,0.221,2.95,3.85,25,2.1,3.4,45.1,Soiling,0.64,68,Normal/Charging
22/04/2026,17:15:54,29.849806,13.29,12.7,0.231,3.07,3.82,25,2.1,3.4,44.9,Soiling,0.59,68,Normal/Charging
22/04/2026,17:16:09,29.849808,13.3,12.71,0.228,3.03,3.8,25,2.1,3.3,44.8,Soiling,0.59,68.4,Normal/Charging
22/04/2026,17:16:24,29.84981,13.28,12.71,0.226,3,3.78,25,2.1,3.3,44.7,Soiling,0.57,68.4,Normal/Charging
22/04/2026,17:16:39,29.849813,13.28,12.7,0.206,2.73,3.76,25,2.1,3.3,44.7,Soiling,0.58,68,Normal/Charging
22/04/2026,17:16:54,29.849815,13.28,12.7,0.216,2.87,3.74,25,2.1,3.3,44.7,Soiling,0.58,68,Normal/Charging
22/04/2026,17:17:09,29.849813,13.26,12.71,0.22,2.92,3.72,25,2,3.2,44.7,Soiling,0.55,68.4,Normal/Charging
22/04/2026,17:17:24,29.849812,13.26,12.71,0.205,2.71,3.7,25,2,3.2,44.5,Soiling,0.55,68.4,Normal/Charging
22/04/2026,17:17:39,29.849813,13.22,12.7,0.189,2.5,3.67,25,2,3,38.3,Soiling,0.52,68,Normal/Charging
22/04/2026,17:17:54,29.84981,12.4,12.61,0.154,1.91,3.65,25,2,0.4,0,Normal,-0.21,64.4,Normal/Charging
22/04/2026,17:18:09,29.849812,12.33,12.55,0.145,1.79,3.63,25,2,0.3,0,Normal,-0.22,62,Normal/Charging
22/04/2026,17:18:24,29.849813,12.3,12.54,0.154,1.9,3.61,25,2,0.3,0,Normal,-0.24,61.6,Normal/Charging
22/04/2026,17:18:39,29.849812,13.3,12.62,0.252,3.35,3.59,25,2,1.9,0,Normal,0.68,64.8,Normal/Charging
22/04/2026,17:18:54,29.849812,13.36,12.64,0.251,3.36,3.57,25,2,3.1,4.1,Normal,0.72,65.6,Normal/Charging
22/04/2026,17:19:09,29.849813,12.48,12.6,0.1,1.25,3.55,25,2,0.6,0,Normal,-0.12,64,Normal/Charging
22/04/2026,17:19:24,29.849815,13.45,12.69,0.283,3.8,3.52,25,1.9,3.1,4.3,Normal,0.76,67.6,Normal/Charging
22/04/2026,17:19:39,29.849821,13.31,12.71,0.277,3.69,3.5,25,1.9,3.1,4.2,Normal,0.6,68.4,Normal/Charging
22/04/2026,17:19:54,29.849827,13.24,12.67,0.289,3.83,3.48,25,1.9,3.1,4,Normal,0.57,66.8,Normal/Charging
22/04/2026,17:20:09,29.849833,13.28,12.72,0.295,3.92,3.46,25,1.9,3.1,4,Normal,0.56,68.8,Normal/Charging
22/04/2026,17:20:24,29.849833,13.28,12.73,0.279,3.7,3.44,25,1.9,3.1,3.9,Normal,0.55,69.2,Normal/Charging
22/04/2026,17:20:39,29.849834,13.29,12.73,0.29,3.85,3.42,25,1.9,3.1,4.3,Normal,0.56,69.2,Normal/Charging
22/04/2026,17:20:54,29.849838,13.28,12.74,0.296,3.93,3.4,25,1.9,3.1,3.9,Normal,0.54,69.6,Normal/Charging
22/04/2026,17:21:09,29.849836,13.28,12.74,0.262,3.48,3.37,25,1.9,3,3.8,Normal,0.54,69.6,Normal/Charging
22/04/2026,17:21:24,29.849834,13.28,12.74,0.268,3.55,3.35,25,1.8,3,3.8,Normal,0.54,69.6,Normal/Charging
22/04/2026,17:21:39,29.849836,13.27,12.74,0.281,3.73,3.33,25,1.8,3,3.6,Normal,0.53,69.6,Normal/Charging
22/04/2026,17:21:54,29.849836,13.26,12.75,0.271,3.6,3.31,25,1.8,3,3.8,Normal,0.51,70,Normal/Charging
22/04/2026,17:22:09,29.849834,13.27,12.73,0.272,3.61,3.29,25,1.8,3,3.7,Normal,0.54,69.2,Normal/Charging
22/04/2026,17:22:24,29.849827,13.27,12.74,0.257,3.41,3.27,25,1.8,3,3.6,Normal,0.53,69.6,Normal/Charging
22/04/2026,17:22:39,29.849823,13.26,12.74,0.236,3.13,3.24,25,1.8,2.9,3.8,Normal,0.52,69.6,Normal/Charging
22/04/2026,17:22:54,29.849819,13.25,12.73,0.254,3.36,3.22,25,1.8,2.9,4,Normal,0.52,69.2,Normal/Charging
22/04/2026,17:23:09,29.849821,13.25,12.74,0.257,3.4,3.2,25,1.8,2.9,3.9,Normal,0.51,69.6,Normal/Charging
22/04/2026,17:23:24,29.849823,13.29,12.74,0.265,3.52,3.18,25,1.7,2.9,4.3,Normal,0.55,69.6,Normal/Charging
22/04/2026,17:23:39,29.849825,13.26,12.75,0.274,3.63,3.16,25,1.7,2.9,4.3,Normal,0.51,70,Normal/Charging
22/04/2026,17:23:54,29.849823,13.27,12.75,0.26,3.45,3.14,25,1.7,2.9,4.1,Normal,0.52,70,Normal/Charging
22/04/2026,17:24:09,29.849817,13.25,12.75,0.242,3.2,3.12,25,1.7,2.8,4.1,Normal,0.5,70,Normal/Charging
22/04/2026,17:24:24,29.84981,13.24,12.75,0.243,3.22,3.09,25,1.7,2.8,4.3,Normal,0.49,70,Normal/Charging
22/04/2026,17:24:39,29.849804,13.22,12.75,0.246,3.25,3.07,25,1.7,2.8,4.4,Normal,0.47,70,Normal/Charging
22/04/2026,17:24:54,29.849794,13.22,12.73,0.249,3.3,3.05,25,1.7,2.8,4.2,Normal,0.49,69.2,Normal/Charging
22/04/2026,17:25:09,29.849791,13.23,12.75,0.23,3.05,3.03,25,1.7,2.7,4.2,Normal,0.48,70,Normal/Charging
22/04/2026,17:25:24,29.849794,13.21,12.75,0.236,3.12,3.01,25,1.7,2.7,4.2,Normal,0.46,70,Normal/Charging
22/04/2026,17:25:39,29.849794,13.22,12.74,0.225,2.98,2.99,25,1.6,2.7,4.6,Normal,0.48,69.6,Normal/Charging
22/04/2026,17:25:54,29.849794,13.22,12.75,0.233,3.07,2.96,25,1.6,2.7,4.8,Normal,0.47,70,Normal/Charging
22/04/2026,17:26:09,29.849794,13.21,12.74,0.238,3.14,2.94,25,1.6,2.7,4.4,Normal,0.47,69.6,Normal/Charging
22/04/2026,17:26:24,29.849789,13.2,12.73,0.237,3.13,2.92,25,1.6,2.6,4.6,Normal,0.47,69.2,Normal/Charging
22/04/2026,17:26:39,29.849783,13.17,12.73,0.242,3.19,2.9,25,1.6,2.6,4.6,Normal,0.44,69.2,Normal/Charging
22/04/2026,17:26:54,29.849779,13.2,12.74,0.229,3.03,2.88,25,1.6,2.6,4.8,Normal,0.46,69.6,Normal/Charging
22/04/2026,17:27:09,29.849777,13.2,12.74,0.214,2.82,2.86,25,1.6,2.7,5.2,Normal,0.46,69.6,Normal/Charging
22/04/2026,17:27:24,29.849779,13.19,12.73,0.222,2.94,2.84,25,1.6,2.6,5,Normal,0.46,69.2,Normal/Charging
22/04/2026,17:27:39,29.849783,13.19,12.75,0.219,2.88,2.81,25,1.5,2.6,4.8,Normal,0.44,70,Normal/Charging
22/04/2026,17:27:54,29.849789,13.18,12.75,0.224,2.96,2.79,25,1.5,2.6,5.5,Normal,0.43,70,Normal/Charging
22/04/2026,17:28:09,29.849794,13.19,12.73,0.22,2.91,2.77,25,1.5,2.6,5.8,Normal,0.46,69.2,Normal/Charging
22/04/2026,17:28:24,29.8498,13.15,12.73,0.207,2.72,2.75,25,1.5,2.6,5.6,Normal,0.42,69.2,Normal/Charging
22/04/2026,17:28:39,29.84981,13.16,12.73,0.208,2.73,2.73,25,1.5,2.5,6,Normal,0.43,69.2,Normal/Charging
22/04/2026,17:28:54,29.849813,13.18,12.73,0.21,2.77,2.71,25,1.5,2.5,6.1,Normal,0.45,69.2,Normal/Charging
22/04/2026,17:29:09,29.849815,13.17,12.73,0.217,2.85,2.68,25,1.5,2.5,6,Normal,0.44,69.2,Normal/Charging
22/04/2026,17:29:24,29.849815,13.16,12.74,0.21,2.76,2.66,25,1.5,2.5,6.4,Normal,0.42,69.6,Normal/Charging
22/04/2026,17:29:39,29.849815,13.15,12.74,0.2,2.63,2.64,25,1.5,2.5,6.1,Normal,0.41,69.6,Normal/Charging
22/04/2026,17:29:54,29.849813,13.14,12.74,0.205,2.7,2.62,25,1.4,2.4,6.2,Normal,0.4,69.6,Normal/Charging
22/04/2026,17:30:09,29.849817,13.16,12.74,0.195,2.57,2.6,25,1.4,2.4,6.8,Normal,0.42,69.6,Normal/Charging
22/04/2026,17:30:24,29.849821,13.14,12.73,0.209,2.75,2.58,25,1.4,2.3,6.4,Normal,0.41,69.2,Normal/Charging
22/04/2026,17:30:39,29.849831,13.13,12.73,0.197,2.58,2.55,25,1.4,2.2,6.7,Normal,0.4,69.2,Normal/Charging
22/04/2026,17:30:54,29.849834,13.07,12.73,0.156,2.04,2.53,25,1.4,2.1,7.3,Normal,0.34,69.2,Normal/Charging
22/04/2026,17:31:09,29.849838,13.02,12.71,0.155,2.02,2.51,25,1.4,2,7,Normal,0.31,68.4,Normal/Charging
22/04/2026,17:31:24,29.84984,12.95,12.71,0.132,1.71,2.49,25,1.4,1.9,6.1,Normal,0.24,68.4,Normal/Charging
22/04/2026,17:31:39,29.84984,12.92,12.69,0.103,1.33,2.47,25,1.4,1.8,6.4,Normal,0.23,67.6,Normal/Charging
22/04/2026,17:31:54,29.849846,12.87,12.69,0.087,1.12,2.45,25,1.3,1.7,6.1,Normal_Equilibrium,0.18,67.6,Normal/Charging
22/04/2026,17:32:09,29.849846,12.82,12.68,0,0,2.42,25,1.3,1.7,5.5,Normal_Equilibrium,0.14,67.2,Normal/Charging
22/04/2026,17:32:24,29.849852,12.81,12.67,0,0,2.4,25,1.3,1.7,5.5,Normal_Equilibrium,0.14,66.8,Normal/Charging
22/04/2026,17:32:39,29.849855,12.77,12.66,0,0,2.38,25,1.3,1.7,4.3,Normal_Equilibrium,0.11,66.4,Normal/Charging
22/04/2026,17:32:54,29.849857,12.75,12.66,0,0,2.36,25,1.3,1.7,2.1,Normal_Equilibrium,0.09,66.4,Normal/Charging
22/04/2026,17:33:09,29.849865,12.73,12.65,0,0,2.34,25,1.3,1.6,0,Normal_Equilibrium,0.08,66,Normal/Charging
22/04/2026,17:33:24,29.849861,12.7,12.63,0,0,2.32,25,1.3,1.6,0,Normal_Equilibrium,0.07,65.2,Normal/Charging
22/04/2026,17:33:39,29.849846,12.68,12.64,0,0,2.29,25,1.3,1.4,0,Normal_Equilibrium,0.04,65.6,Normal/Charging
22/04/2026,17:33:54,29.849859,12.66,12.63,0,0,2.27,25,1.3,1.4,0,Normal_Equilibrium,0.03,65.2,Normal/Charging
22/04/2026,17:34:09,29.849878,12.65,12.62,0,0,2.25,25,1.2,1.3,0,Normal_Equilibrium,0.03,64.8,Normal/Charging
22/04/2026,17:34:24,29.849876,12.61,12.61,0,0,2.23,25,1.2,1.2,0,Normal_Equilibrium,0,64.4,Normal/Charging
22/04/2026,17:34:39,29.849869,12.63,12.62,0,0,2.21,25,1.2,1.1,0,Normal_Equilibrium,0.01,64.8,Normal/Charging
22/04/2026,17:34:54,29.849871,12.6,12.6,0,0,2.19,25,1.2,1,0,Normal_Equilibrium,0,64,Normal/Charging
22/04/2026,17:35:09,29.849859,12.6,12.6,0,0,2.16,25,1.2,0.9,0,Normal_Equilibrium,0,64,Normal/Charging
22/04/2026,17:35:24,29.849859,12.6,12.6,0,0,2.14,25,1.2,0.9,0,Normal_Equilibrium,0,64,Normal/Charging
22/04/2026,17:35:39,29.849873,12.57,12.59,0,0,2.12,25,1.2,0.9,0.2,Normal_Equilibrium,-0.02,63.6,Normal/Charging
22/04/2026,17:35:54,29.849882,12.57,12.58,0,0,2.1,25,1.2,0.9,0,Normal_Equilibrium,-0.01,63.2,Normal/Charging
22/04/2026,17:36:09,29.849886,12.58,12.58,0,0,2.08,25,1.1,0.9,1,Normal_Equilibrium,0,63.2,Normal/Charging
22/04/2026,17:36:24,29.84989,12.58,12.59,0,0,2.06,25,1.1,0.9,0,Normal_Equilibrium,-0.01,63.6,Normal/Charging
22/04/2026,17:36:39,29.84989,12.58,12.58,0,0,2.03,25,1.1,0.9,0,Normal_Equilibrium,0,63.2,Normal/Charging
22/04/2026,17:36:54,29.849878,12.59,12.57,0,0,2.01,25,1.1,0.9,0,Normal_Equilibrium,0.02,62.8,Normal/Charging
22/04/2026,17:37:09,29.84989,12.62,12.59,0,0,1.99,25,1.1,1,0.6,Normal_Equilibrium,0.03,63.6,Normal/Charging
22/04/2026,17:37:24,29.849901,12.66,12.6,0,0,1.97,25,1.1,1,2.3,Normal_Equilibrium,0.06,64,Normal/Charging
22/04/2026,17:37:39,29.849905,12.69,12.6,0,0,1.95,25,1.1,1.1,4.9,Normal_Equilibrium,0.09,64,Normal/Charging
22/04/2026,17:37:54,29.849899,12.72,12.61,0,0,1.93,25,1.1,1.2,7.7,Normal_Equilibrium,0.11,64.4,Normal/Charging
22/04/2026,17:38:09,29.849899,12.77,12.63,0,0,1.9,25,1,1.3,9.6,Normal_Equilibrium,0.14,65.2,Normal/Charging
22/04/2026,17:38:24,29.849897,12.81,12.64,0.075,0.96,1.88,25,1,1.4,12.1,Normal_Equilibrium,0.17,65.6,Normal/Charging
22/04/2026,17:38:39,29.849886,12.86,12.66,0.089,1.14,1.86,25,1,1.6,14,Normal_Equilibrium,0.2,66.4,Normal/Charging
22/04/2026,17:38:54,29.849882,12.9,12.68,0.099,1.27,1.84,25,1,1.7,15.5,Normal_Equilibrium,0.22,67.2,Normal/Charging
22/04/2026,17:39:09,29.849878,12.94,12.69,0.103,1.34,1.82,25,1,1.7,15.9,Normal,0.25,67.6,Normal/Charging
22/04/2026,17:39:24,29.849874,12.94,12.69,0.083,1.08,1.8,25,1,1.7,15.8,Normal_Equilibrium,0.25,67.6,Normal/Charging
22/04/2026,17:39:39,29.84988,12.95,12.69,0.135,1.74,1.77,25,1,1.7,16.1,Normal,0.26,67.6,Normal/Charging
22/04/2026,17:39:54,29.849895,12.96,12.69,0.129,1.67,1.75,25,1,1.7,16.7,Normal,0.27,67.6,Normal/Charging
22/04/2026,17:40:09,29.849901,12.96,12.7,0.091,1.18,1.73,25,1,1.7,17.4,Normal_Equilibrium,0.26,68,Normal/Charging
22/04/2026,17:40:24,29.849901,12.94,12.69,0.126,1.63,1.71,25,0.9,1.7,18.5,Normal,0.25,67.6,Normal/Charging
22/04/2026,17:40:39,29.84989,12.95,12.69,0.12,1.55,1.69,25,0.9,1.7,18.7,Normal,0.26,67.6,Normal/Charging
22/04/2026,17:40:54,29.849888,12.94,12.7,0.11,1.42,1.66,25,0.9,1.7,19.4,Normal,0.24,68,Normal/Charging
22/04/2026,17:41:09,29.849884,12.96,12.7,0.117,1.51,1.64,25,0.9,1.7,19.8,Normal,0.26,68,Normal/Charging
22/04/2026,17:41:24,29.849873,12.94,12.69,0.096,1.25,1.62,25,0.9,1.7,20.6,Normal_Equilibrium,0.25,67.6,Normal/Charging
22/04/2026,17:41:39,29.849865,12.94,12.7,0.13,1.69,1.6,25,0.9,1.8,21.2,Normal,0.24,68,Normal/Charging
22/04/2026,17:41:54,29.849861,12.95,12.7,0.146,1.89,1.58,25,0.9,1.8,21.7,Normal,0.25,68,Normal/Charging
22/04/2026,17:42:09,29.849859,12.94,12.69,0.105,1.36,1.56,25,0.9,1.8,20.9,Normal,0.25,67.6,Normal/Charging
22/04/2026,17:42:24,29.849863,12.92,12.7,0.102,1.32,1.53,25,0.8,1.7,21.5,Normal,0.22,68,Normal/Charging
22/04/2026,17:42:39,29.849871,12.93,12.7,0.083,1.08,1.51,25,0.8,1.7,22.1,Normal_Equilibrium,0.23,68,Normal/Charging
22/04/2026,17:42:54,29.849873,12.92,12.7,0.09,1.16,1.49,25,0.8,1.7,22.4,Normal_Equilibrium,0.22,68,Normal/Charging
22/04/2026,17:43:09,29.849871,12.91,12.69,0.111,1.44,1.47,25,0.8,1.7,23.4,Normal,0.22,67.6,Normal/Charging
22/04/2026,17:43:24,29.849874,12.9,12.7,0.099,1.28,1.45,25,0.8,1.7,23.3,Normal_Equilibrium,0.2,68,Normal/Charging
22/04/2026,17:43:39,29.849876,12.93,12.7,0.078,1,1.43,25,0.8,1.7,24.1,Normal_Equilibrium,0.23,68,Normal/Charging
22/04/2026,17:43:54,29.849884,12.9,12.69,0.1,1.3,1.4,25,0.8,1.7,24.8,Normal,0.21,67.6,Normal/Charging
22/04/2026,17:44:09,29.849884,12.9,12.7,0,0,1.38,25,0.8,1.7,25.1,Normal_Equilibrium,0.2,68,Normal/Charging
22/04/2026,17:44:24,29.849878,12.91,12.7,0.074,0.95,1.36,25,0.7,1.7,25.7,Normal_Equilibrium,0.21,68,Normal/Charging
22/04/2026,17:44:39,29.84988,12.9,12.7,0,0,1.34,25,0.7,1.6,26.2,Normal_Equilibrium,0.2,68,Normal/Charging
22/04/2026,17:44:54,29.849867,12.88,12.7,0.071,0.91,1.32,25,0.7,1.6,27,Normal_Equilibrium,0.18,68,Normal/Charging
22/04/2026,17:45:09,29.849859,12.88,12.69,0,0,1.29,25,0.7,1.6,27.5,Normal_Equilibrium,0.19,67.6,Normal/Charging
22/04/2026,17:45:24,29.849863,12.89,12.69,0.111,1.43,1.27,25,0.7,1.6,27.4,Normal,0.2,67.6,Normal/Charging
22/04/2026,17:45:39,29.849863,12.87,12.69,0,0,1.25,25,0.7,1.6,28.1,Normal_Equilibrium,0.18,67.6,Normal/Charging
22/04/2026,17:45:54,29.849869,12.86,12.69,0.072,0.92,1.23,25,0.7,1.5,28.3,Normal_Equilibrium,0.17,67.6,Normal/Charging
22/04/2026,17:46:09,29.849869,12.86,12.69,0.077,0.99,1.21,25,0.7,1.5,29.1,Normal_Equilibrium,0.17,67.6,Normal/Charging
22/04/2026,17:46:24,29.849865,12.84,12.69,0.071,0.91,1.19,25,0.7,1.5,27.9,Normal_Equilibrium,0.15,67.6,Normal/Charging
22/04/2026,17:46:39,29.849861,12.82,12.68,0,0,1.16,25,0.6,1.4,28,Normal_Equilibrium,0.14,67.2,Normal/Charging
22/04/2026,17:46:54,29.849865,12.82,12.68,0,0,1.14,25,0.6,1.4,28.2,Normal_Equilibrium,0.14,67.2,Normal/Charging
22/04/2026,17:47:09,29.849865,12.81,12.67,0.082,1.05,1.12,25,0.6,1.4,28.2,Normal_Equilibrium,0.14,66.8,Normal/Charging
22/04/2026,17:47:24,29.849854,12.8,12.67,0,0,1.1,25,0.6,1.4,28.8,Normal_Equilibrium,0.13,66.8,Normal/Charging
22/04/2026,17:47:39,29.849852,12.82,12.67,0,0,1.08,25,0.6,1.4,30,Normal_Equilibrium,0.15,66.8,Normal/Charging
22/04/2026,17:47:54,29.849854,12.8,12.68,0,0,1.06,25,0.6,1.3,29.9,Normal_Equilibrium,0.12,67.2,Normal/Charging
22/04/2026,17:48:09,29.849857,12.79,12.67,0,0,1.03,25,0.6,1.3,6.616418232,Normal_Equilibrium,0.12,66.8,Normal/Charging
22/04/2026,17:48:24,29.849861,12.78,12.67,0,0,1.01,25,0.6,1.3,9.391122884,Normal_Equilibrium,0.11,66.8,Normal/Charging
22/04/2026,17:48:39,29.849867,12.79,12.67,0,0,0.99,25,0.5,1.3,5.18798574,Normal_Equilibrium,0.12,66.8,Normal/Charging
22/04/2026,17:48:54,29.849863,12.79,12.68,0,0,0.97,25,0.5,1.3,8.228016158,Normal_Equilibrium,0.11,67.2,Normal/Charging
22/04/2026,17:49:09,29.849861,12.76,12.67,0,0,0.95,25,0.5,1.3,9.359464013,Normal_Equilibrium,0.09,66.8,Normal/Charging
22/04/2026,17:49:24,29.849863,12.77,12.67,0,0,0.92,25,0.5,1.3,10.15567131,Normal_Equilibrium,0.1,66.8,Normal/Charging
22/04/2026,17:49:39,29.849855,12.77,12.66,0,0,0.9,25,0.5,1.3,7.022805648,Normal_Equilibrium,0.11,66.4,Normal/Charging
22/04/2026,17:49:54,29.849865,12.77,12.67,0,0,0.88,25,0.5,1.2,6.830578532,Normal_Equilibrium,0.1,66.8,Normal/Charging
22/04/2026,17:50:09,29.849882,12.76,12.66,0,0,0.86,25,0.5,1.2,9.239805698,Normal_Equilibrium,0.1,66.4,Normal/Charging
22/04/2026,17:50:24,29.849876,12.75,12.65,0,0,0.84,25,0.5,1.2,7.05735345,Normal_Equilibrium,0.1,66,Normal/Charging
22/04/2026,17:50:39,29.849869,12.73,12.65,0,0,0.82,25,0.4,1.2,8.279453688,Normal_Equilibrium,0.08,66,Normal/Charging
22/04/2026,17:50:54,29.849863,12.73,12.66,0,0,0.79,25,0.4,1.2,7.119506782,Normal_Equilibrium,0.07,66.4,Normal/Charging
22/04/2026,17:51:09,29.849861,12.73,12.66,0,0,0.77,25,0.4,1.1,10.02823318,Normal_Equilibrium,0.07,66.4,Normal/Charging
22/04/2026,17:51:24,29.849861,12.73,12.66,0,0,0.75,25,0.4,1.1,13.01622605,Normal_Equilibrium,0.07,66.4,Normal/Charging
22/04/2026,17:51:39,29.849854,12.71,12.64,0,0,0.73,25,0.4,1.1,12.91171563,Normal_Equilibrium,0.07,65.6,Normal/Charging
22/04/2026,17:51:54,29.849844,12.7,12.65,0,0,0.71,25,0.4,1.1,10.9375323,Normal_Equilibrium,0.05,66,Normal/Charging
22/04/2026,17:52:09,29.849848,12.7,12.65,0,0,0.68,25,0.4,1.1,12.53669437,Normal_Equilibrium,0.05,66,Normal/Charging
22/04/2026,17:52:24,29.849852,12.69,12.63,0,0,0.66,25,0.4,1,8.445124579,Normal_Equilibrium,0.06,65.2,Normal/Charging
22/04/2026,17:52:39,29.849855,12.71,12.64,0,0,0.64,25,0.4,1,13.59217274,Normal_Equilibrium,0.07,65.6,Normal/Charging
22/04/2026,17:52:54,29.849855,12.69,12.63,0,0,0.62,25,0.3,1,10.07612181,Normal_Equilibrium,0.06,65.2,Normal/Charging
22/04/2026,17:53:09,29.84985,12.68,12.65,0,0,0.6,25,0.3,1,14.61380709,Normal_Equilibrium,0.03,66,Normal/Charging
22/04/2026,17:53:24,29.849844,12.68,12.63,0,0,0.58,25,0.3,1,8.143830396,Normal_Equilibrium,0.05,65.2,Normal/Charging
22/04/2026,17:53:39,29.849848,12.67,12.63,0,0,0.55,25,0.3,1,9.677602349,Normal_Equilibrium,0.04,65.2,Normal/Charging
22/04/2026,17:53:54,29.849855,12.68,12.63,0,0,0.53,25,0.3,1,13.53322204,Normal_Equilibrium,0.05,65.2,Normal/Charging
22/04/2026,17:54:09,29.849855,12.67,12.64,0,0,0.51,25,0.3,1,6.073676599,Normal_Equilibrium,0.03,65.6,Normal/Charging
22/04/2026,17:54:24,29.849855,12.67,12.63,0,0,0.49,25,0.3,1,8.296670658,Normal_Equilibrium,0.04,65.2,Normal/Charging
22/04/2026,17:54:39,29.849852,12.67,12.64,0,0,0.47,25,0.3,0.9,10.9081856,Normal_Equilibrium,0.03,65.6,Normal/Charging
22/04/2026,17:54:54,29.84985,12.66,12.63,0,0,0.45,25,0.2,0.9,8.286436873,Normal_Equilibrium,0.03,65.2,Normal/Charging
22/04/2026,17:55:09,29.84985,12.66,12.62,0,0,0.42,25,0.2,0.9,7.733855415,Normal_Equilibrium,0.04,64.8,Normal/Charging
22/04/2026,17:55:24,29.849855,12.65,12.61,0,0,0.4,25,0.2,0.9,6.753677275,Normal_Equilibrium,0.04,64.4,Normal/Charging
22/04/2026,17:55:39,29.849855,12.65,12.62,0,0,0.38,25,0.2,0.9,9.169653261,Normal_Equilibrium,0.03,64.8,Normal/Charging
22/04/2026,17:55:54,29.849852,12.63,12.61,0,0,0.36,25,0.2,0.9,13.93281165,Normal_Equilibrium,0.02,64.4,Normal/Charging
22/04/2026,17:56:09,29.849852,12.65,12.62,0,0,0.34,25,0.2,0.9,13.97122113,Normal_Equilibrium,0.03,64.8,Normal/Charging
22/04/2026,17:56:24,29.849854,12.62,12.61,0,0,0.31,25,0.2,0,30,Normal_Equilibrium,0.01,64.4,Normal/Charging
22/04/2026,17:56:39,29.849857,12.63,12.61,0,0,0.29,25,0.2,0,29.3,Normal_Equilibrium,0.02,64.4,Normal/Charging
22/04/2026,17:56:54,29.849855,12.59,12.61,0,0,0.27,25,0.1,0,27.9,Normal_Equilibrium,-0.02,64.4,Normal/Charging
22/04/2026,17:57:09,29.849842,12.6,12.61,0,0,0.25,25,0.1,0,26.9,Normal_Equilibrium,-0.01,64.4,Normal/Charging
22/04/2026,17:57:24,29.849821,12.6,12.61,0,0,0.23,25,0.1,0,26.3,Normal_Equilibrium,-0.01,64.4,Normal/Charging
22/04/2026,17:57:39,29.84981,12.58,12.59,0,0,0.21,25,0.1,0,25.3,Normal_Equilibrium,-0.01,63.6,Normal/Charging
22/04/2026,17:57:54,29.849806,12.57,12.6,0,0,0.18,25,0.1,0,23.4,Normal_Equilibrium,-0.03,64,Normal/Charging
22/04/2026,17:58:09,29.849806,12.55,12.6,0,0,0.16,25,0.1,0,23.5,Normal_Equilibrium,-0.05,64,Normal/Charging
22/04/2026,17:58:24,29.849808,12.55,12.6,0,0,0.14,25,0.1,0,23.2,Normal_Equilibrium,-0.05,64,Normal/Charging
22/04/2026,17:58:39,29.849798,12.53,12.58,0,0,0.12,25,0.1,0,22.2,Normal_Equilibrium,-0.05,63.2,Normal/Charging
22/04/2026,17:58:54,29.849787,12.54,12.59,0,0,0.1,25,0.1,0,18.7,Normal_Equilibrium,-0.05,63.6,Normal/Charging
22/04/2026,17:59:09,29.849785,12.52,12.57,0,0,0.07,25,0,0,18.2,Normal_Equilibrium,-0.05,62.8,Normal/Charging
22/04/2026,17:59:24,29.849773,12.53,12.57,0.088,1.1,0.05,25,0,0,18,Normal_Equilibrium,-0.04,62.8,Normal/Charging
22/04/2026,17:59:39,29.849768,12.53,12.57,0,0,0.03,25,0,0,18,Normal_Equilibrium,-0.04,62.8,Normal/Charging
22/04/2026,17:59:54,29.849773,12.52,12.57,0.077,0.96,0.01,25,0,0,16.9,Normal_Equilibrium,-0.05,62.8,Normal/Charging
22/04/2026,18:00:09,29.849766,12.48,12.56,0.083,1.04,0,25,0,0,17.8,Normal_Equilibrium,-0.08,62.4,Normal/Charging
22/04/2026,18:00:24,29.849758,12.5,12.56,0.081,1.01,0,25,0,0,16.7,Normal_Equilibrium,-0.06,62.4,Normal/Charging
22/04/2026,18:00:39,29.849768,12.5,12.55,0.072,0.9,0,25,0,0,15.3,Normal_Equilibrium,-0.05,62,Normal/Charging
22/04/2026,18:00:54,29.849777,12.47,12.56,0.071,0.88,0,25,0,0,12,Normal_Equilibrium,-0.09,62.4,Normal/Charging
22/04/2026,18:01:09,29.849787,12.45,12.55,0.095,1.18,0,25,0,0,11.3,Normal_Equilibrium,-0.1,62,Normal/Charging
22/04/2026,18:01:24,29.849787,12.47,12.55,0.083,1.03,0,25,0,0,9.7,Normal_Equilibrium,-0.08,62,Normal/Charging
22/04/2026,18:01:39,29.849789,12.44,12.55,0.079,0.98,0,25,0,0,7.6,Normal_Equilibrium,-0.11,62,Normal/Charging
22/04/2026,18:01:54,29.849806,12.45,12.55,0.095,1.18,0,25,0,0,10.1,Normal_Equilibrium,-0.1,62,Normal/Charging
22/04/2026,18:02:09,29.84981,12.44,12.54,0.084,1.04,0,25,0,0,8.1,Normal_Equilibrium,-0.1,61.6,Normal/Charging
22/04/2026,18:02:24,29.849806,12.46,12.54,0.095,1.18,0,25,0,0,8.7,Normal_Equilibrium,-0.08,61.6,Normal/Charging
22/04/2026,18:02:39,29.849802,12.43,12.53,0.09,1.12,0,25,0,0,8,Normal_Equilibrium,-0.1,61.2,Normal/Charging
22/04/2026,18:02:54,29.849806,12.44,12.53,0.076,0.94,0,25,0,0,8,Normal_Equilibrium,-0.09,61.2,Normal/Charging
22/04/2026,18:03:09,29.849812,12.4,12.53,0.102,1.27,0,25,0,0,9.2,Normal,-0.13,61.2,Normal/Charging
22/04/2026,18:03:24,29.849806,12.41,12.54,0.113,1.4,0,25,0,0,5.9,Normal,-0.13,61.6,Normal/Charging
22/04/2026,18:03:39,29.8498,12.39,12.52,0.079,0.98,0,25,0,0,7.7,Normal_Equilibrium,-0.13,60.8,Normal/Charging
22/04/2026,18:03:54,29.849796,12.39,12.51,0.075,0.93,0,25,0,0,6.4,Normal_Equilibrium,-0.12,60.4,Normal/Charging
22/04/2026,18:04:09,29.849791,12.39,12.51,0.094,1.16,0,25,0,0,8.4,Normal_Equilibrium,-0.12,60.4,Normal/Charging
22/04/2026,18:04:24,29.849781,12.38,12.51,0.113,1.4,0,25,0,0,7,Normal,-0.13,60.4,Normal/Charging
22/04/2026,18:04:39,29.849779,12.39,12.52,0.103,1.28,0,25,0,0,8.4,Normal,-0.13,60.8,Normal/Charging
22/04/2026,18:04:54,29.849783,12.37,12.5,0.11,1.36,0,25,0,0,7,Normal,-0.13,60,Normal/Charging
22/04/2026,18:05:09,29.849783,12.37,12.5,0.109,1.35,0,25,0,0,5.4,Normal,-0.13,60,Normal/Charging
22/04/2026,18:05:24,29.849789,12.36,12.5,0.101,1.25,0,25,0,0,3.4,Normal,-0.14,60,Normal/Charging
22/04/2026,18:05:46,29.849794,12.34,12.49,0.1,1.24,0,25,0,0,1.4,Normal,-0.15,59.6,Normal/Charging
22/04/2026,18:06:46,30,12.38,12.48,0.107,1.32,0,25,0,0,0,Normal,-0.1,59.2,Normal/Charging
22/04/2026,18:07:01,30,12.37,12.49,0.107,1.32,0,25,0,0,7.598115282,Normal,-0.12,59.6,Normal/Charging
22/04/2026,18:07:16,30,12.37,12.5,0.127,1.58,0,25,0,0,13.09702338,Normal,-0.13,60,Normal/Charging
22/04/2026,18:07:31,30,12.36,12.49,0.129,1.59,0,25,0,0,9.421415087,Normal,-0.13,59.6,Normal/Charging
22/04/2026,18:07:46,30,12.37,12.49,0.12,1.49,0,25,0,0,7.788849952,Normal,-0.12,59.6,Normal/Charging
22/04/2026,18:08:01,30,12.37,12.48,0.111,1.37,0,25,0,0,13.91204159,Normal,-0.11,59.2,Normal/Charging
22/04/2026,18:08:16,30,12.35,12.48,0.142,1.75,0,25,0,0,8.315015061,Normal,-0.13,59.2,Normal/Charging
22/04/2026,18:08:31,30,12.34,12.47,0.132,1.63,0,25,0,0,30,Normal,-0.13,58.8,Normal/Charging
22/04/2026,18:08:46,30,12.33,12.47,0.128,1.58,0,25,0,0,26.9,Normal,-0.14,58.8,Normal/Charging
22/04/2026,18:09:01,30,12.33,12.48,0.144,1.78,0,25,0,0,21.5,Normal,-0.15,59.2,Normal/Charging
22/04/2026,18:09:16,30,12.31,12.47,0.131,1.61,0,25,0,0,15.9,Normal,-0.16,58.8,Normal/Charging
22/04/2026,18:09:31,30,12.31,12.47,0.158,1.95,0,25,0,0,0,Normal,-0.16,58.8,Normal/Charging
22/04/2026,18:09:46,30,12.3,12.46,0.149,1.83,0,25,0,0,0,Normal,-0.16,58.4,Normal/Charging
22/04/2026,18:10:01,30,12.27,12.46,0.149,1.82,0,25,0,0,0,Normal,-0.19,58.4,Normal/Charging
22/04/2026,18:10:16,30,12.29,12.46,0.167,2.05,0,25,0,0,0,Normal,-0.17,58.4,Normal/Charging
22/04/2026,18:10:31,30,12.27,12.45,0.121,1.48,0,25,0,0,0,Normal,-0.18,58,Normal/Charging
22/04/2026,18:10:46,30,12.28,12.45,0.166,2.04,0,25,0,0,0,Normal,-0.17,58,Normal/Charging
22/04/2026,18:11:01,30,12.26,12.45,0.151,1.85,0,25,0,0,0,Normal,-0.19,58,Normal/Charging
22/04/2026,18:11:16,30,12.26,12.45,0.16,1.96,0,25,0,0,0,Normal,-0.19,58,Normal/Charging
22/04/2026,18:11:31,30,12.25,12.44,0.177,2.16,0,25,0,0,0,Normal,-0.19,57.6,Normal/Charging
22/04/2026,18:11:46,30,12.25,12.44,0.173,2.12,0,25,0,0,0,Normal,-0.19,57.6,Normal/Charging
22/04/2026,18:12:01,30,12.24,12.44,0.166,2.03,0,25,0,0,0,Normal,-0.2,57.6,Normal/Charging
22/04/2026,18:12:16,30,12.23,12.43,0.148,1.82,0,25,0,0,0,Normal,-0.2,57.2,Normal/Charging
